# 3D point list with one line of data per point:
#   POINT3D_ID, X, Y, Z, R, G, B, ERROR, TRACK[] as (IMAGE_ID, POINT2D_IDX)
# Number of points: 4291, mean track length: 5.2470286646469351
2693 -0.21748357786182834 1.221501528068071 2.2025910028231896 14 15 16 1.3164119719977425 89 727 68 653 32 774 11 491 92 682 43 422 48 705 86 589 100 678 80 962 39 605 28 572 57 552 31 475 72 346
2685 0.58035786245809806 1.6026853072645808 2.8653150462918711 236 217 176 0.079172411525398917 89 462 68 460 32 604
2638 -0.34682074731412704 0.92462784976165358 1.9023664610821194 255 237 72 0.029812254280373079 82 576 89 607 68 563
2637 0.8712583343860254 1.4948328282556331 2.9128863007175663 0 0 0 0.56218903814134924 44 601 89 564 68 472
2636 0.5778341392202716 2.542573649887327 1.9273796322087731 102 71 58 0.185661509051708 53 591 89 561 68 624
2635 -0.4201511663388956 2.2252462860848903 2.1741134838746992 37 32 36 0.36251230311893551 33 569 89 500 21 689 43 185
2632 -0.082028730629889274 2.2826950190246547 2.1030065146691035 94 67 54 1.0567115267408864 78 550 89 484 68 476 92 629 43 198
2630 0.76296389872059189 1.7096610692172651 2.7809866682064066 233 217 176 0.36993619265872735 44 475 89 441
2629 2.1660647794059487 2.2733396396815846 3.7370716762083322 0 0 0 0.60861821038040298 7 403 26 244
2628 -0.024177563810180797 1.4884226195855483 1.7459775823795918 97 108 136 0.085985547291862946 53 324 89 332 68 69 32 84 92 40
2627 0.11961451830958546 2.4657087111071192 2.1716731183776683 133 88 65 0.5762600497126259 33 353 89 319 68 361
2625 0.64735965564734044 1.628967368718061 2.8452658099619894 231 215 176 0.23458282847075554 44 326 89 305 32 438 75 218
2623 0.68804631956481421 1.694945615184877 2.7839343280213669 230 214 176 0.13586955630346276 44 314 89 299
2622 0.70360816733373732 1.0688042447561457 1.4612218995063504 117 97 25 0.036264606243316302 53 56 89 275
2619 0.418413015421984 1.2033814370189266 2.1460222870888956 0 0 0 0.54707543863421226 3 40 54 371
2616 0.19303681788576832 1.4472830063348363 2.9284222471093666 66 47 40 0.29980086025318559 78 364 89 189 92 69
2615 0.31056453690084873 1.2650627585897958 1.5333516369637576 73 73 83 0.31635219667696268 53 124 89 169 68 346 11 21 92 59 43 51 15 224 48 8
2614 0.64010053459173122 2.5336730600081583 1.9157323072461603 104 72 59 0.077065018994719098 44 42 89 142
2613 -0.29617011385793424 2.4770629751703046 3.1295512072067186 255 229 70 1.6444452267522121 54 231 44 137
2612 -1.0539701136313184 1.5448097945114256 2.7333618605932193 124 124 112 1.3756160139652158 55 774 64 755 42 922 17 766 94 677 82 633 4 695 33 701 44 552 64 513 4 593 78 616 54 679 3 650 46 603
2611 1.0945904174015915 1.3999322409498247 1.5979077349264628 0 0 0 0.77046452867566151 7 753 26 755 60 1131 53 753 44 758 82 729 32 830 11 543 75 549 25 576
2610 0.87640057027291707 1.917772536184249 2.2060545652417236 100 116 151 0.70907115734351223 33 855 89 788 68 777
2609 1.0022796454760319 1.5198432804201878 3.0796132211912361 0 0 0 1.7403920880989172 11 592 92 791 48 811 100 781 80 1157 75 627 25 653 85 652
2608 -0.035305451281110928 1.3373568211957376 3.0328481908278389 88 58 48 2.2185377367152666 3 798 44 744 32 825 11 538 75 573 25 598 46 749 56 788 16 788 8 421 73 649
2607 -0.30465441089348366 1.0809621625091614 2.4534628278033388 184 120 35 1.4728559061365329 3 814 44 743 32 840
2605 0.67732150820395565 0.91879727198151617 1.6003971782738673 183 193 221 0.25046556801704722 82 642 44 682 89 660 32 748 11 482
2604 0.60774924554964627 1.0517640340503505 1.4895022116079437 23 30 42 0.43832427345938346 82 645 44 679 89 663
2603 -0.92540458613464427 2.1489764749469322 2.186358074272261 0 0 0 1.0917299939461143 54 735 44 634 68 580 53 649 32 660
2601 0.6590440629899994 0.98949438060672734 1.5180841564808281 191 204 234 0.15274226716613806 82 535 44 580 32 744
2600 -0.83664600381730825 1.1871079203805963 3.1460731172266692 230 215 178 0.48655227310029908 54 682 44 559 21 624 65 462
2599 -0.37220492142934292 1.3394788222468639 3.0291873073078346 210 195 159 0.3655654558838346 54 654 44 539 32 626 11 377 75 485 25 508 48 659 100 638 39 631
2598 -0.30698341620528735 1.356965590732528 3.0137886400644125 211 196 159 0.67545268679171233 3 621 54 652 44 535 32 625 11 376 75 484 25 507 48 660 86 613 100 534 39 636 22 348 14 310 46 582
2597 -0.18163696471157134 1.3357675398682187 3.0159794676522358 69 47 42 0.97223663762684442 54 644 44 529 32 624 11 383 92 277 25 406 48 365 86 87 28 266 14 81 71 199 63 461
2596 0.16551689882451232 1.4863685921324465 2.9162149354805447 217 202 164 0.67407956184851137 3 594 44 515 32 617 11 371 75 387 25 494 48 666 86 623 100 646 80 912 39 639 67 484 22 370 14 324
2595 0.30070379219463644 1.5309127408237988 2.8947483467784547 222 207 170 0.35189330314874534 54 597 44 508 32 710 11 444 75 471 25 490 48 733 100 648 80 1001 39 691 86 692 57 675 67 685 56 626 16 622
2591 0.82841230665136112 1.6315766799533276 2.8157939898602597 78 56 49 0.41749571148311831 78 527 44 473 89 438 32 596 11 368 75 214 25 204 25 375 86 392
2590 0.33209824749195793 1.48811454712658 1.9946468310105128 158 119 34 0.18385042863981024 82 445 44 466 89 574 68 594 32 546
2587 1.4955172183490439 1.7059745631768986 2.8388748867715354 0 0 0 1.5781198253962152 78 636 44 451 43 396 87 805
2583 -0.41686761079754353 1.0436141492208484 2.4276545168120749 254 216 63 0.59021138905504988 3 416 44 375 68 17
2582 -0.10285315718784574 1.2400215000888755 2.3082018984591173 79 57 45 1.4813167010690127 82 120 44 351 32 169 48 83 100 291
2581 0.29205636563046578 1.4705358987730837 2.9199729817185118 104 69 54 0.60257749250520742 54 424 44 350 89 329 32 460 11 227 92 312 48 423 86 274 39 369 31 195
2578 0.085163366025696463 1.3630170297652828 2.1081625746761024 170 138 40 0.19451957461795533 82 301 44 330 32 332
2574 1.0115044415134493 1.6488987882326847 2.7876786288601356 148 100 75 0.60902084745613427 54 102 44 286 32 422 11 218 89 278 48 213 86 407 28 217 31 242 22 275 85 422 71 400 63 656
2573 1.2670293595322819 1.7183361528852557 2.7975468380887052 70 50 43 0.55438512306862164 82 230 44 253 32 403 11 221 92 381
2571 0.61585990333674623 1.2817928003034089 1.2519958562849425 168 138 36 0.093588922266614083 82 225 44 202 32 9
2570 0.59202310534032976 1.3253369848011018 1.2023531177341407 171 138 35 0.12637403106141185 82 227 44 200 32 4
2567 -0.18940133001650236 2.4385117677133863 3.0679400701898145 171 140 47 1.3004920966429379 78 202 44 132
2565 -0.49354458201991791 1.3768631732739272 1.8872698224381947 251 212 64 0.46476613463113303 44 121 59 644
2563 0.43898260516971477 1.4821411688605366 2.9294236501590816 228 213 176 0.15014160778754704 3 141 44 116 48 207
2561 -0.14506947945810647 2.2555303235708637 2.1284616985460656 76 56 50 0.095889778281040658 54 147 44 99 89 196
2560 1.060836298222519 1.6601323382287492 2.770198883742454 106 73 60 0.22885914002949179 82 33 44 83 92 213
2557 -0.50722592253480492 0.8667690975001735 2.0419821941949428 255 235 73 1.7941433159160816 78 821 3 827 32 854 44 790 11 569
2555 -0.83472839488299377 1.2030755732681429 3.1119044726836793 194 184 155 0.50668376445262109 78 842 3 848 21 836 54 869
2553 0.53193752510062298 1.410598360291907 1.3165476169401222 123 110 32 1.0601443453376156 54 840 3 818 59 782 46 732
2551 -0.85758381155496899 1.9955369776758223 2.0713806041850247 0 0 0 1.8454326659009734 54 732 3 714 89 513
2550 -0.67772061853243071 2.1799823388507544 2.1296896804622722 0 0 0 0.65552588347509411 54 728 3 712 32 300 59 555
2548 -0.78795168024556572 1.0572999293669771 2.4751329843574048 105 63 9 0.39348896706843428 78 418 3 625 46 572
2547 -0.23575681311004945 1.3808614842166638 3.0158566086860974 213 197 160 0.51820205101276162 54 647 3 619 44 531 92 274
2546 -0.12615317928881245 1.336513817626422 3.0012620761553626 89 61 51 0.74537034696538973 54 641 3 612 32 623 75 392 25 404 86 249 39 179 100 189 28 268 57 171 31 161 67 249 85 202
2545 0.20464744839744281 1.4355466398370551 2.9309497411992189 51 28 18 0.70565776003796898 54 610 3 591 44 621 32 716 11 452 75 389 25 395 48 402 86 266 100 205 80 577 39 209 28 175 31 184 46 564
2541 -0.98100354433691384 2.0604970868953223 2.2399896725281718 115 80 64 0.26835939262749714 78 419 3 446 44 366 59 401 46 209
2540 -0.25560744213307951 1.3513142711625838 3.0411206760063045 66 64 62 0.39652046687185233 54 467 3 444 32 473 11 382 75 394 48 354 100 354
2539 -0.48224681709049988 1.0324515039392068 2.4435468219999854 253 221 62 0.11624199735223788 54 462 3 424 44 377
2537 0.61866128960846789 1.4106767790140045 2.9293279593557684 0 0 0 1.4475330372876178 4 336 3 387
2536 0.41633928770974071 1.0857208242116914 2.3440862806257616 229 213 175 2.9011243489074525 54 567 3 347
2535 1.0370605367955856 1.7752157508714268 2.72618997033593 232 216 177 0.33459478337109205 54 546 3 337 46 357
2534 -0.79542759091168702 1.1961601189430437 3.1586486892023862 221 208 174 0.10733923454963216 78 247 3 267 59 223
2533 -0.87740607999119247 2.0476223831452951 2.2154268226648619 31 23 19 0.61052153281334764 4 209 3 203 21 247 65 107 38 76 5 74
2532 -0.75912683682567761 0.75053097327627105 2.0571535794004596 255 235 73 0.31182681163462639 54 237 3 193 32 203 44 385
2531 -0.18590745241800069 2.2699992220967942 2.0606896724970447 57 44 45 0.79937171212172764 33 160 3 128
2529 1.0930296973007094 1.8133541400166409 2.6997512191887694 233 218 182 0.2067743777818761 54 87 3 45 44 256 32 370 11 187 86 409
2528 0.91392381629076047 0.76206311907247082 1.6662863002806074 246 232 78 0.8034803971026282 4 602 33 7 78 5 54 839 64 673 42 849 17 866 94 704 97 640 52 1212 90 612 99 1226 30 596 36 558 59 687 21 718
2527 0.46842078891172623 1.4824700260937194 2.8530575933759312 228 213 176 1.5187246623972426 78 812 54 847 3 826 44 782 89 717 33 785 68 675 32 855 46 763
2525 -0.48716456971168776 0.98560715206690319 2.4409026172399422 238 198 57 0.14501685261883282 78 779 54 820 44 750
2524 0.77099989984940354 0.88201192435948583 1.8391542766449713 152 130 38 0.57723610496775424 33 713 78 797 54 807
2523 1.0422469709314286 1.5804256755199435 1.4237021063991513 225 170 49 0.86434485919555204 33 776 54 801
2522 -0.59095255997599683 0.79644581329663977 2.0155560751460846 255 237 69 0.53430783271580062 33 752 54 785 3 764 44 651
2521 0.33336811818711293 1.5325401696886629 1.9547167135986951 98 65 11 0.20659978982945648 78 720 54 773 3 681
2520 0.61958166154734551 1.4134436265853416 1.1246182211280078 0 0 0 0.73959674273259124 78 710 54 756 44 568 59 725 21 789
2519 -0.61314242239865446 1.1996967550127158 3.0207029669599588 221 207 171 1.5415950863239809 78 424 54 744 3 729 44 670 32 792 59 400 11 512 25 599 65 120
2517 -0.17432098100002444 1.227968746592061 3.084951847481511 109 74 61 0.53986672413352876 78 682 54 734 44 656 4 655 92 620 43 350
2515 0.33924973708817674 1.3566684307841101 3.0426134239974392 0 0 0 0.8051027748616072 78 665 54 717 89 580 92 633
2513 -0.52004328285285917 1.2408534274949445 3.092139192861278 81 56 49 0.40727025862668281 78 599 54 665 25 232 46 597
2511 -0.82161640667518032 2.0274359717004966 2.2397205715102912 76 57 51 0.18348741220760728 78 410 54 646 3 438 44 522
2509 -0.50768294618534693 2.1965539485284014 2.1289949238309744 43 36 40 0.23607784395958062 78 574 54 613 3 593 44 501 43 33
2508 -0.34637933486453731 0.95418704100779062 1.9077420052463041 255 233 73 0.17479666985053194 78 552 54 596
2506 0.58571923046708529 1.5157503267926837 2.9345551956299265 61 44 40 0.88725306529077108 78 541 54 581 3 572 44 494 89 313 68 334 32 613 11 457 92 327 75 473 25 495 48 680 86 634 100 695 80 1067 56 756 19 725 16 754 85 240 41 171
2505 0.64933415459361743 1.5326784834488627 2.9209520956048665 58 41 39 0.78282052681155745 78 537 54 578 44 492 89 456 68 459 32 611 11 380 92 331 75 472 25 493 48 681 80 1068
2503 0.68908053789260271 1.5914869146669919 2.8546514230816533 77 53 45 0.36854264469687387 33 530 78 534 54 574 3 568 44 486 32 601 11 374 92 121 75 379 25 381 48 578 86 470 100 560 80 922 39 430 39 553 28 377 57 486 31 388 67 564 46 550 19 470 56 624 16 615
2502 0.29924597516617424 1.0405058953886683 2.1050289266322464 30 38 48 0.21349496943720858 78 520 54 557 3 551
2501 0.29924597516617424 1.0405058953886683 2.1050289266322464 30 38 48 0.21349496943720858 78 519 54 556 3 550
2500 0.2543942062396658 2.4522421032344481 1.9311318701761993 0 0 0 1.4923556542850329 53 622 54 553 21 574
2498 1.367074779230198 1.6900426270197821 2.7887790685875746 158 108 83 0.23180532513535185 78 507 54 537 44 455 92 661
2497 0.69156671563772709 0.90190137408445514 1.6655550880943324 29 33 40 0.34958039285927084 78 494 54 525 3 669 59 608
2496 0.47097098875333521 0.63560898996302317 1.3719037579046598 149 134 42 2.8811135656401623 4 486 54 516
2495 -0.80126761835055205 1.0788917317293529 3.2056561980734775 146 100 75 0.33651190613157206 33 446 54 507 44 195 32 228
2493 -0.85478874634129531 1.3552702191175858 2.9837428223808402 129 127 115 0.13874019390504283 33 441 54 499 3 492
2492 -0.5127771762098613 0.98210626333338946 2.4826664996688415 255 233 70 0.14902839975772825 78 209 54 466 59 164 65 32
2491 -0.179016732712071 1.3356371452296714 3.0137063419579158 72 49 43 0.18184539910714639 78 397 54 461 3 439 44 374 32 471 11 234
2490 -0.045082577819044206 1.3805777745099206 2.9908289267432768 124 82 63 0.16756518237912876 78 385 54 451 44 365 32 468 11 233
2489 0.028081226326390346 1.3463586269135908 3.0017286477527128 43 30 31 0.25454504326972022 78 375 54 445 3 420
2488 -0.65189236055095989 0.98288345046560122 1.8191886849935313 254 229 71 0.10891660658498288 78 378 54 438 3 392
2487 0.12089852178820355 1.3989662005309769 2.9709452320650551 134 90 67 0.044892465144843872 78 369 54 433 44 356
2486 0.33767765320381432 1.4585982986695327 2.945527218700172 152 101 77 0.50901848458705257 78 361 54 422 3 401 44 510 89 480 68 451 32 620 11 379 92 458 43 199 75 237 25 222 86 281 100 419 80 804 39 386 28 308 57 437 31 334 72 259 67 288 22 134 46 166 56 498 85 220
2484 0.71039368563728078 1.645893574276468 2.8294222047450979 225 210 173 0.32912338966720311 33 333 78 99 54 390 44 318 89 298 68 341 32 436 11 213 75 216 25 205 48 571 86 471 39 431 28 378 85 408
2474 -1.1961817749493688 1.6583723164427007 2.6613823371004872 121 124 115 0.10713154808067801 4 234 54 285
2466 -0.31506958421169429 1.2357568408781878 3.0940004482483023 40 27 24 0.33976387157311932 78 218 54 241 3 217 59 182 46 244 16 254 56 508 73 186
2462 -0.68897949638140044 0.92073834255969378 1.8820314197950374 255 228 70 0.12124093073196567 78 185 54 209 3 164 32 160 59 117 21 132
2445 0.22155710493798342 1.2486253579767612 1.5390498443190406 243 209 68 0.1852167492810417 78 38 82 78 54 56
2438 -0.32547633298801648 0.92458906068640256 1.9967261689810996 255 233 69 1.5921740141815803 33 844 78 836 3 837
2436 0.98459162826299995 0.98452156471698382 1.7469116863371892 147 127 37 2.330784928931033 4 825 78 832 54 860 3 834 59 806
2421 0.86910949207372934 1.6224085415965439 2.8198739026306421 82 58 49 0.80979810299269772 33 781 78 768 54 811 3 791 44 731 32 818 11 536 75 586 25 613 48 764 86 721 100 696 80 1069 80 1122 39 693 28 651 57 729 57 788 31 695 46 741
2410 0.59422981252318796 1.0378047717991816 1.4806443630977533 14 18 26 0.28811452390746645 4 703 78 714 54 759 3 668 59 689
2404 -0.41159623181332539 0.91132610039443962 1.9252532296253615 255 234 76 0.35875481942591769 33 665 78 666 54 718 3 693
2402 -0.34145181007788183 0.93074075670301137 1.9142070722179776 255 236 74 0.15302406166510005 33 658 78 662 54 715
2385 1.199895440560186 1.2808823521832657 1.7896722047819014 146 127 37 1.1675334549563694 4 482 64 309 78 475
2373 -0.76219702816699397 1.0566713518673001 2.5418277705995305 92 74 19 0.62904167037792202 33 426 78 420 54 480 3 627
2356 0.73964240767615597 0.99209301836119501 1.5324196058414499 151 135 40 0.27231324085824837 4 244 78 260 3 281
2355 -0.88839905602942992 1.2210893263934366 3.1208743915891364 223 210 175 0.05703889872801135 4 228 78 251 54 286 3 272
2354 -1.1141850618636202 1.8735301113538108 2.4493457116789612 121 125 117 0.045681809629007641 4 471 78 245 3 468
2353 -0.76827141816999511 1.2848912076213073 3.0662377848614799 116 116 104 0.16038063770649039 33 242 78 244 54 276 3 257 21 474 46 273
2352 -0.77238105888553665 1.3527635324879623 3.0039348521705089 81 83 78 0.25174629840134749 4 212 78 242 54 273 3 254 59 213 21 272
2350 -0.68530782762421549 1.222061808486363 3.0030087372641763 230 213 170 0.27948896730633749 33 234 78 239 65 128
2349 -0.98860499378438615 1.4583916652009095 2.2781290977740927 91 109 143 0.95341478380899902 4 216 78 235 3 450 59 573 21 612 29 452 34 98 46 573
2348 -0.56052392026161757 1.2014195825708986 3.1131728761783659 105 73 60 0.17540217175950443 33 226 78 232 44 187
2347 -0.87183081066725565 2.0798278750042347 2.1709094279171395 74 53 49 0.17353170910324514 82 178 78 221 59 187
2346 -0.63289035521639325 1.2499247238862237 2.2396711137435905 163 132 41 1.1109226131484902 33 208 54 227
2345 -0.6399289812087029 0.77106330890091845 2.0526170948710711 74 74 95 0.53845335769554514 33 199 78 193 54 223 44 167
2344 -0.26807247216624952 1.0572097635862454 2.4368631029503454 253 238 72 0.072456745616368709 33 178 78 167 59 130
2343 -0.4413700413324122 0.88799435460992493 1.9397623494673484 254 227 70 0.051134193347416139 33 170 78 153 54 180
2342 -0.43805989878004326 1.0265699647325466 1.7971173523924451 165 133 38 0.1608744152191818 4 133 78 137 59 77
2341 -0.072144907659874552 2.274122879037455 2.0500859656507027 27 20 16 0.14710801861412007 33 145 78 124 54 133 3 110 59 112 65 34
2340 0.14842019841124807 1.3846629304400608 2.0916597656038114 148 120 41 0.1046221529045393 33 130 78 107 3 62
2339 0.35712865902326785 2.3707013303454061 2.0441775902426169 31 19 15 0.10102999918082299 33 121 78 88 89 164 68 120
2338 0.81579831460900132 1.551820875671996 2.884351511213112 117 89 78 0.14787384314782406 53 44 78 87 54 123 44 98 89 160 68 77
2337 0.1435231716312122 1.5026121660224581 1.718724226476581 233 217 180 1.1426600049828766 33 110 78 74 54 99
2336 0.92657936262544982 1.6026533379351073 2.7832856295571107 153 108 87 0.18492680791826771 33 318 78 73 92 358 85 303 41 225
2335 0.92721704896126289 1.6030889408917341 2.7831680420842537 153 108 87 0.24505478878205855 33 317 78 72 3 60 44 298 32 430 11 220 92 357 86 404 85 302
2334 0.39028344509536661 1.4644051749422866 2.0326980392463776 131 90 19 0.25447427469734446 33 97 78 70 44 283
2333 0.99466522977425187 1.6243639722810903 2.774552316710754 163 123 105 0.12832250784846394 33 75 78 66 54 103 3 53
2332 0.99504931103662919 2.1636201418471606 2.3191340115674963 230 215 178 0.026034941433844449 33 55 78 42 54 57
2331 1.2634601067929165 1.7413241917620126 2.7558841495413002 227 214 180 0.49615318239147088 33 37 78 40 54 72 3 36 44 251 32 389 11 367 75 370 25 371 48 608 86 636 100 653 39 646 28 608 57 681 31 606 72 673 67 594 16 463
2330 1.3339666233383343 1.7654888399756996 2.7494848269753964 231 219 186 0.086298559521605062 33 29 78 31 54 60 3 32
2329 1.4059369580396561 1.785227134645325 2.7325559861252238 230 218 185 0.57421963980283486 33 22 78 26 54 47 3 25 44 239 32 369 11 212 92 599 75 173 25 171 48 611 86 567 100 581 80 931 39 577 28 540 57 610 31 557 67 697 85 493 43 130 41 462
2328 -1.1587200856122399 1.9698519475569112 2.3402443620467168 158 158 144 0.63692202711703194 26 657 60 1025 82 635 4 696 33 611 55 710 45 263 9 191 64 670 42 842 17 631 94 561 94 701 97 475 52 1023 91 180 29 635 78 611 54 668 3 638 44 537 89 527 68 431 59 596 21 631 43 7 34 351 29 515 46 429 65 336
2327 -1.2040375665681151 1.8975973983885981 2.4133593218912694 126 129 121 0.18339063544533551 64 542 42 711 17 626 94 376 97 300 36 241 30 250 33 462 53 193 82 385
2325 0.47058172946497112 2.48942912583591 1.7591313616533002 0 0 0 0.44814934389046873 82 770 33 848 78 839
2324 -0.87172225967060335 1.5979765502859977 2.1982417485473329 33 45 64 2.0862084064516546 82 767 33 845 78 838 54 866 89 767
2323 0.28995728615458738 1.1085678868043372 2.1749870389151407 108 118 146 0.79568829734972057 82 764 33 843
2322 -0.46361523534521221 1.5939469483209379 1.9631752137886811 14 18 27 1.450153473554856 33 831 68 735 89 746 43 477 92 676
2321 -0.97320103872998165 1.7104287953467749 2.2551590811013282 7 8 11 0.54116428941491623 4 811 33 825 78 786 54 827
2320 -0.76084058723090964 1.067547191795724 2.19554467903825 128 101 25 1.6460074779905323 4 804 78 813 54 846
2319 -0.78711753790742645 1.1702670356999429 2.4004529407646422 211 170 45 0.095414162064290639 4 781 33 801 78 784 54 830
2318 -0.78711753790742645 1.1702670356999429 2.4004529407646422 211 170 45 0.095414162064290639 4 780 33 800 78 783 54 829
2316 -0.17183571499372371 1.1562100041716008 1.9214589221519849 11 8 5 1.9273768680799541 4 766 33 787 78 772 54 814 3 756
2314 -1.1548644461007318 1.4402394480571428 2.814305885469647 0 0 0 0.061973814449860581 82 725 33 769
2313 -1.2689289013706988 1.8384421014717651 2.5019779720914297 128 127 115 1.1796179897863774 53 650 33 768 78 749
2312 -1.1976868881609313 1.6956556138946495 2.6429626504437929 124 126 114 0.41019781722794141 4 752 33 766 78 750 54 798
2311 -0.99638193687771537 1.4851134764869693 2.2143883700182947 80 95 126 0.8221314451713494 4 785 33 761 78 747
2310 -0.84110114199757491 1.1732696273704375 2.440666860871227 73 75 75 1.6273463455370873 4 743 33 759 78 746 54 794 3 777 59 719 21 751 46 655 65 573 5 408
2309 -0.22171879802463515 1.4404607728896552 2.0130231610314144 105 86 21 0.49393367292933843 82 671 33 746 44 697
2308 0.34523558402829713 1.2976609388694034 2.1286412052226686 130 89 20 0.94780858852692584 4 714 33 730 78 650 54 701
2307 0.6751751766892502 0.91471287163351311 1.6063667087268536 136 150 183 0.27392331571697948 4 700 33 711 78 712 54 760 3 743
2306 -1.3286410698627769 2.0540052999801555 2.2817070054683315 0 0 0 1.5812631915232762 7 697 33 705 32 765
2305 -1.1566905180709002 1.6029124014805192 2.7212631346779457 118 123 114 0.3396188565517092 82 634 33 703 54 752 44 555
2304 -0.92017302844024651 1.5985786332211493 2.7253335872167597 109 110 98 0.59837391664124606 4 689 33 697 78 702 54 745 3 730 59 677 21 758 46 595 65 579
2302 -0.89356334770210988 1.7088080063281859 2.2747550680041422 15 22 38 0.34404918922221661 4 682 33 691 78 598
2301 -0.25008018192480974 1.2070033482619691 3.1000203858126403 110 75 61 0.39753614878993765 82 585 33 678 78 684 54 736 3 717 44 659 89 601 68 555 53 436 59 663 21 593 92 436 43 349
2300 -0.10159784926697293 1.2585435791970589 3.0794977240134886 114 78 64 0.78932213875126633 4 652 82 673 33 676 54 733 3 769 68 647 89 688 92 621
2299 -0.5245497342219505 0.81874607317007619 1.9909554146798012 255 235 73 0.47643439395367776 82 595 33 675 78 675 3 701 44 645 89 631 68 545 32 693 11 322 75 338 25 323 48 484 80 615 100 245
2298 -0.45726258927308128 0.83913588510925941 1.9807109420684781 255 235 73 0.45374272447650293 82 588 33 672 78 670 54 721 3 697 44 641 89 625 68 550 53 588 32 691 11 321
2297 -0.36915246955076364 0.96813064136756977 1.8583013274706097 255 237 73 0.22112036598452761 4 635 33 661 78 663 54 711
2296 0.21223466354934212 1.5025006884708902 1.7208176053487787 235 217 175 1.2045152329334352 4 715 33 640 78 719
2295 0.96888129014641289 1.5444302837400048 2.8293867183519303 124 96 85 0.43357309956612322 82 545 33 633 54 699 44 689
2293 -0.83144398722700696 1.0766371335675653 3.3396585893880633 0 0 0 2.1881181942333421 4 688 33 614 54 684 3 660 59 603
2292 -0.70337526525675853 1.2331342264722418 3.1156446684243457 223 209 174 0.25427725101071919 4 581 33 599 78 608 54 678 3 649 59 590 21 463 65 325 5 98
2291 -0.73505439655221239 1.0469164603019103 2.6023975621374804 16 16 15 0.1573212202596902 4 416 33 596 54 664
2289 -0.69111855978856196 0.83283515414219722 1.9622466618476246 255 233 72 0.18600393249977343 4 566 33 585 78 583 54 642
2288 -0.62250229009732949 0.86631692347340428 1.9445757338847058 255 229 70 0.47633056465365864 4 562 33 580 78 575 54 631 3 582 44 649 32 689 75 328 25 460 80 847 46 353 59 328
2287 -0.19710470058440629 1.3067211745542255 3.0574758001199362 106 74 60 0.37157465621797786 82 482 33 578 78 587
2286 -0.60240236036842132 0.97313840354743597 1.8413847022828653 255 228 71 0.24116979957309867 4 559 33 574 78 570 54 621 59 323 21 111
2285 -0.60279954685967674 0.97188268099598729 1.8408435333596411 255 228 71 0.21082547630110521 4 558 33 573 78 569 54 622 59 322
2284 -0.4459860740465017 2.2123492647317646 2.1118847521554609 44 37 40 0.52245721686906721 4 569 33 571 78 572 54 609 3 587 44 495 89 501 32 293 59 541 92 437
2283 -0.53433792585932205 0.99510864488924211 1.8284521666797675 255 229 72 0.21385471872023989 4 555 33 566 78 566 54 611 44 520 59 316
2281 -0.46472908790486067 0.84709704127574703 1.9711624205669915 255 233 73 0.10426823023706364 4 553 33 564 54 614 78 567
2280 -0.46538820749452758 1.0192936132053474 1.818888313601547 255 232 73 0.47130768925572775 4 551 33 562 78 558 54 602 44 519 32 561 11 283 75 300 25 287
2279 -0.46562658321104256 1.019158180619963 1.8178373280989772 255 232 73 0.53217839743768725 4 550 33 561 78 557 54 601 3 385 44 518 32 560 11 282 75 299 25 286
2278 -0.40044442266228475 0.86390045590368802 1.9534020429094334 255 233 73 0.13548609832473463 4 547 33 558 78 559 54 607
2277 0.26397671477678947 1.41642690422302 2.9450333150067944 152 103 78 0.76189010588723738 82 568 33 552 78 554 54 604 3 586 44 512 89 483 68 583 32 622 11 381 92 453 43 192 75 478 25 501 48 548 48 672 86 268 28 497 46 563
2276 0.63461334020560412 1.488050828008211 2.9550482457764375 114 80 68 0.33197277396421038 82 438 33 538 78 539 54 580 44 493 68 590
2275 0.11393812408766052 1.3355127505543483 1.8579699422917955 204 175 57 0.59511688685720554 4 526 33 534 78 524 54 555 59 273
2274 0.69814670649068189 1.5042790589165105 2.9321719100755566 113 79 66 0.30896490358975315 82 433 33 533 54 576 44 491 68 462 89 569 92 647
2273 0.16000978096713803 1.2417066672513479 1.9538955847846058 181 159 54 0.22854999757944189 4 522 33 532 78 531 44 479
2272 0.20401018737678897 1.5240499182444165 1.8624426052893033 150 113 27 0.38068098717255383 4 525 33 526 78 521 54 552
2270 0.52499465304600146 1.2280830995874887 1.3336382539023603 32 36 43 0.40552649114992062 4 609 33 496 78 632
2268 0.59946051045434645 1.2627632307166061 1.2838786577589161 112 100 30 0.075283622948736667 4 498 33 491 78 486 54 513 3 279
2267 0.59946051045434645 1.2627632307166061 1.2838786577589161 112 100 30 0.075283622948736667 4 497 33 490 78 485 54 512 3 278
2266 0.68758636329089262 1.0765526004419068 1.4316744594741424 149 132 38 0.35277404418787517 4 489 33 482 78 480 54 515
2265 0.82000353116203839 0.85357590063356681 1.6805858962249556 164 137 39 0.31516709290472178 4 483 33 480 78 481 54 518
2264 0.81826870748636271 0.85126928058085027 1.6789670299567554 164 137 39 0.32119879949152835 4 484 33 479 78 482 54 519 3 517
2262 -0.9786614473150701 1.620735796689263 2.7069871456832413 62 65 60 0.30516349912947982 4 455 33 443 78 440 54 489 3 249
2261 -0.92845825175036722 1.9819888365840153 2.3582565752772808 91 100 101 0.48058738383047711 82 626 33 432 60 919
2260 -0.91980100443038593 1.3743278468484561 2.1437708483417057 142 125 43 0.23214924670522077 82 510 33 429 54 473
2259 -0.90393028976776524 1.3408901262208763 2.1758655458220186 143 118 39 0.20612467661215678 4 580 82 365 33 428 78 597 3 616
2257 -0.75975103228223673 0.90853726525219769 1.901912387014856 255 228 71 0.18033100715441128 4 392 33 408 78 401 54 458 3 408
2256 -0.082151040986227913 1.3352570900039522 3.0092173025220954 143 96 72 0.24580548334002794 82 325 33 383 78 390 54 454 3 430 44 369 89 344 68 286 32 219 92 48 48 192 86 103 85 59
2255 0.1215800623662842 1.4987134278405769 2.0121589695216739 154 124 41 0.37772139222211598 4 339 33 342 78 335 54 569
2254 0.24100262371880898 2.4113035043289885 1.9604349515744937 101 70 58 0.27802416709784633 4 101 33 341 78 93 54 375 3 59
2253 0.31008975857695509 2.4350199178173595 1.9542303284197415 102 71 60 0.33619217917496796 4 96 82 294 33 337 54 370 3 52
2252 0.37798558578293284 1.4575086665302439 2.077597724269038 145 111 28 0.4325240561868724 4 314 33 328 78 325 54 551
2251 0.36896749543890794 1.1438109389198252 2.1417191638425579 235 218 180 1.0458089022314809 82 271 33 327 78 328
2249 0.5570659603330107 1.3549026600448693 1.286772676821359 117 103 31 0.18229639044220133 4 251 33 273 78 273 54 298
2248 0.64404909504934416 0.88740917681092268 1.6276809174999221 109 121 150 0.32790310544023582 4 4 33 272 78 274
2247 0.73873121001191255 0.99927258190783907 1.5343927968756887 150 133 39 0.31020731100098481 82 217 33 266 78 259
2246 -1.030002872898693 1.3451608133437025 2.9931440374995382 199 190 161 0.14633244103334528 4 470 33 260 78 254 54 289 21 516
2245 -0.96042311883610609 1.1990601379337482 3.1325410130706244 225 213 179 0.15145270049932272 4 461 33 257 78 470 54 291 64 259 3 502 59 473 46 488 65 361 5 235
2244 -0.87912960238730142 1.3249628948612069 3.0246278632720975 150 146 128 0.25778266852838638 64 260 33 248 78 248 54 281 3 265 59 225 21 292 46 278
2243 -0.8233233763065424 1.3158195544299771 3.0219326414404524 170 163 141 0.25605711810028908 4 217 33 245 78 246 54 279 3 263 59 220 21 280 46 468 65 154
2242 -0.76744052637856763 1.2858863465592592 3.0673279657950179 120 118 106 0.12282801104723379 4 213 33 241 78 243 54 275 3 258 21 473
2241 -0.98415831419169786 2.0142872702414305 2.2916082585889557 38 34 37 0.12235847601452958 4 225 33 236 54 243 59 201 21 269
2240 -0.62406444367197145 1.189874318679325 3.1364177988560926 105 73 60 0.17905993619105068 82 163 33 232 89 232 68 8
2239 -0.7374511560642989 0.9954771713567373 2.4984371567351209 254 234 70 0.17955056708888847 4 410 33 225 78 414 54 478 59 377 21 206
2238 -0.83694981843434868 0.9657173216895234 1.8818166593301142 93 76 18 0.45447357386011 4 405 53 180 33 217
2237 -0.75832891431869343 0.75351539999669914 2.0591707463706634 255 234 72 0.19239889175927752 4 176 33 216 78 212 54 236 3 194 32 202
2236 -0.7737118584732714 0.92990579244828719 1.8651579453259068 162 133 41 0.3840526465312844 82 165 33 210 21 148
2235 -0.66332021588949663 0.87870313975285053 1.9322143311399693 254 226 69 0.16631016745862709 64 162 33 198 78 184 54 212 3 167 44 163 32 165 59 116
2234 -0.58593991880838592 1.4894862741174739 1.9510755880817858 1 1 4 0.78201853484861683 4 170 33 193 21 167
2233 -0.59497105895100622 1.0363584167568336 1.777808806365059 160 130 39 0.25710529809606664 4 159 33 187 78 160 21 104
2232 -0.10250318241319642 2.2890001081993274 2.0424255152610469 88 64 55 0.10354538192964786 4 147 33 147 78 127 54 134 59 115
2231 0.65863950275685224 1.5662191905911107 2.8793324241828442 220 206 169 0.56944020910895932 82 77 33 123 78 111 54 128 3 108 44 332 89 307 68 338 32 446 11 225 92 334 75 225 25 216 48 450 86 359 100 443 80 823 39 432 28 375 57 263 31 384 72 297 22 226 14 340 85 256 41 185 51 233 63 478 98 188 76 281
2230 0.20273019636472173 1.0795158011701624 2.1286704823111249 242 206 76 0.44421592210832966 82 97 33 122 44 334
2229 0.48549254651920104 2.4113371967461612 2.0622352903957113 218 199 160 0.17266021002751841 82 98 33 115 78 79
2227 0.87087833352515998 1.5283140350486009 2.8315882517383448 152 105 81 0.1614660175540594 4 47 33 95 54 118
2226 0.65192190583266396 2.4631749196790391 1.9864168106725977 98 64 49 0.38187281893472508 82 273 33 85 78 55
2225 1.1374320856640228 1.6988907374353963 2.771752422367459 121 94 84 0.34046515302548563 82 28 33 59 54 88
2221 1.435507574895815 1.7110944890513873 2.7729136358099646 185 151 136 0.32484687890923514 4 13 33 21 78 288 54 336 59 19
2219 0.12981369764492359 1.8329894026696731 1.9064879840564632 220 202 162 2.0954059832340239 64 860 4 721 33 539
2218 -0.69789159507639043 2.0685301363419639 2.258243768761647 26 20 22 0.53698537645913857 24 82 26 217 4 419 64 514 42 424 82 353 33 412 89 362 68 303
2217 -0.58076462916331217 0.85805549022264926 1.9144695563717216 244 207 62 1.4674386797392467 82 773 4 836 33 852 78 845
2216 -0.66538110929421779 1.0350180064059624 3.3105579309939546 0 0 0 1.7457069270247147 4 824 33 846 78 830 54 867 3 841 44 797 44 802 89 771 68 761 32 861 59 805 11 580 92 775 43 520 75 616
2215 -0.31740690491964507 2.2134274665350344 2.1908688784654915 89 99 100 1.7345171252398019 82 754 4 818 33 830 78 802 54 816 44 733 89 759 68 746 59 743 43 503 92 695 21 818
2214 -0.6360955245580403 0.97999285085878884 1.8071227431039529 255 228 71 1.3175498276657409 82 755 4 817 33 835 32 847 75 599 25 628
2213 0.60467422314177621 1.11863473331884 1.7229783031747232 148 129 44 1.1992418358580739 64 836 4 790 78 760
2212 -0.80703263546594095 0.90186365822888448 1.8946607122636996 255 233 75 0.38803648195164786 82 717 4 777 33 798 78 781 54 821 44 749 59 711
2211 0.9152143345865944 0.7481630781377836 1.7639944416145823 0 0 0 0.061007494696222096 60 742 4 753
2209 0.39337547488400781 1.2751972138144132 2.0855274568297708 120 94 40 0.48811243786574215 82 655 4 713 33 639 78 516 54 698
2208 -0.38779304503704226 1.1824281923186624 3.138472881512032 152 102 76 0.87915043664637382 82 596 4 665 33 687 78 689 54 738 3 723 44 665 89 691 68 716 32 793 59 562 92 683 43 476 48 730 65 288 85 574
2207 -0.70128235725280774 0.87390953794942583 1.9297172936669407 255 236 76 0.38287864501977359 64 725 4 662 21 677
2206 -0.45758619132487477 0.83689818621632861 1.9798250315945345 255 235 75 0.49395766211189518 4 642 33 671 78 669 54 722 82 587 3 698 44 640 32 690 11 320
2205 0.26376738667159638 1.2819327063886057 3.0017543547821193 0 0 0 1.1266814507710348 4 631 89 587 43 442 92 704
2204 0.22606736647507597 1.362817863567968 2.1297508086643959 58 55 64 0.77314431705007802 64 694 4 625 33 537 78 652 54 704
2203 1.1482178142411379 2.53372359645914 2.0302961948632854 248 231 191 0.83465502636441635 60 995 4 614
2201 -0.92544578391078613 1.300912840648214 3.04048730636001 108 110 100 0.59736327101767761 64 652 82 625 4 592 33 700 78 709 54 754 3 657 44 674 32 730 59 682 21 627 11 442 75 487 25 509 48 648 100 513 28 586 46 608 56 640 16 636 65 464 8 159 73 398 35 164
2199 -0.7938943748260805 1.0835302695353584 3.257493575118612 150 101 77 1.1610488033611004 82 505 4 585 33 609 78 620 3 737 44 563 59 599 75 416 48 530 100 532
2198 -0.044019200382137441 2.3193035862642382 2.0090454828710356 79 57 52 0.43055649916137351 82 472 4 549 78 546 89 482 59 534 43 202
2197 0.15428145993335485 2.1081896034341936 1.9759272182723238 223 206 169 1.1419819445463026 82 463 4 537 89 318 78 106 43 65 53 488
2196 0.51182002521147307 2.4402136006837303 2.0273349766750539 106 73 62 0.13804566486403841 53 586 4 530 33 524
2195 0.092539718140479121 1.3823311606525945 1.8138298045806884 205 177 58 0.49594118593277248 82 460 4 528 33 535
2194 0.26315912350782861 1.4423555363557208 2.0606340675293726 200 173 56 1.2020606274411636 64 588 4 524 54 560
2193 0.82956593252344935 2.5593403607864005 1.8243515074162926 150 102 77 2.2291903661884267 15 694 4 511 59 503
2192 0.47970467830941876 1.5043402289519427 2.0149363391742159 134 95 20 0.32164611077395161 82 552 4 510 33 634 78 642 54 695
2190 0.62945464929657058 1.2253229622838988 1.2943884757614803 154 133 41 0.59882420513685219 64 556 4 492 33 485 82 406 78 478 54 511 68 504 44 209 32 235 11 8
2189 -1.1818581090786178 1.8517847138218149 2.4630859886132379 125 129 121 0.10442453294962439 64 540 4 478 3 479
2188 -1.0535582554310281 1.3917297561389466 2.9489026920230041 168 162 142 0.26219812600230785 64 271 4 472 78 466 54 288 78 255
2187 -1.006316750674155 1.2988163382824256 3.0414413146654176 207 197 165 0.19444515274996424 64 507 4 468 33 259 78 467 54 290 21 514
2186 -0.98437016377171394 1.246814193404479 3.0854439788194696 224 212 178 0.10306044657982155 64 263 4 463 78 468 3 501 59 474 46 487
2185 -0.93685096466672402 1.1524871976140214 3.1810821590102596 224 212 178 0.22274696209744321 64 256 82 513 4 459 78 469 3 503 33 256 59 472 21 509 46 490 65 360 5 234
2183 -1.0009829273167359 1.4494109691775177 2.4680180929328399 95 98 91 0.56270676276112863 82 186 4 445
2182 -0.68957936626053873 1.1870981717927587 3.1577032111289189 205 194 162 0.4123962716155985 82 354 4 431 33 435 78 439 54 493 3 489 44 399 89 238 68 4 32 482 59 425 21 462 92 16 75 247 25 235 48 161 100 157 46 469 65 326
2181 -0.77044541444070958 1.1469684033461049 2.4043985282442524 220 179 49 0.29257984640490298 64 472 4 415 78 595 54 655 3 620 59 379 21 423
2179 -0.5640313877876858 0.87109744524316379 1.9334646688603954 254 228 75 0.9149491112521434 82 342 4 371 33 389 33 572 4 650 78 169 54 204 3 149 44 368 44 526 32 417 32 593 59 321 21 106 11 65 11 305 75 74 75 325 48 2 80 310 57 3 31 1 46 89
2178 0.10070971753783198 2.0892999649057575 1.982165069082384 218 201 163 1.1018769346327102 82 464 4 351 33 345 89 174
2177 0.37241131363947888 2.4457442232841831 1.9341148838773483 106 74 62 0.1904415656576656 82 287 4 341 33 335 78 331 54 366 3 46 59 54
2176 0.39704697589920446 1.5062057111004834 1.9842031135221934 150 113 28 0.16395729832779524 82 437 4 310 33 323 78 317 54 363 89 464 68 475
2175 0.70956785601607919 1.0902695708094472 1.4820632022985147 116 97 26 0.34613550486774664 82 220 4 245 33 269 78 266
2174 -1.0072797063430114 1.8099238849338417 2.2880088466188488 9 11 15 1.5930883920847456 82 185 4 224 68 21 89 242 21 264 92 3
2173 -0.55823491067757802 1.2076947201961612 3.1210156040507799 104 73 61 0.20776815636185422 82 157 4 190 33 227 89 227 68 9 92 22
2172 -0.4881291336136262 1.229586955564874 3.0955588635827458 106 74 61 0.15072562882377638 82 152 4 184 33 222 78 228 54 250 44 183 32 226 46 262
2171 -0.32899913054089436 1.2174357697054019 3.1156473883131386 106 74 61 0.18300689636329098 82 146 4 175 33 206 78 220 54 242 3 221 44 178 59 183 21 218 65 103
2170 -0.58576980670363998 0.90980454359955687 1.9047421638183839 203 131 39 0.13052227214421175 82 149 4 161 33 190 78 170 54 201
2169 -0.59466645383286787 1.0369582419528971 1.7793276959237805 156 127 36 0.173601364389077 60 174 4 160 33 188 78 161
2168 -0.059710834965328446 1.2748579332209944 3.0378710165563323 107 74 61 0.10813523388497058 82 124 4 158 33 180 78 180 54 220 3 196 44 160
2167 -0.55689603355159623 0.96332178343911223 1.8574447909284517 254 215 69 0.073742369836874391 64 149 4 151 33 181
2166 -0.33857767665192284 1.6055211042259698 1.9660139782133537 14 14 12 0.63699482919589168 82 139 4 149 89 216 43 24 68 450
2165 -0.43724179162777088 1.0274727074490972 1.7976390228607273 164 131 35 0.15708658408218082 64 125 4 134 78 138 59 78
2163 0.25700783583064951 2.1253539124785705 2.0320790987169066 220 204 170 1.3246596540911713 82 296 4 93 68 360
2162 0.14667636800454148 1.3807950090615999 2.0890582966742879 145 119 39 0.13721557176225971 64 65 4 84 78 108
2161 0.55811482517647248 2.4389109056024627 2.0520689884398577 223 203 163 0.20816968994591406 82 90 4 72 33 105 78 71
2160 0.570707197329274 2.5187427572369456 1.9137483697469082 105 74 62 0.14936605290307151 82 275 4 65 33 321 78 61 54 355 3 35
2159 0.75438014243170926 2.4867385819861432 2.005373383385471 225 208 170 0.14851067711919086 82 73 4 52 33 73
2158 0.92966631515242304 2.5863771871648442 1.9150459221531726 224 205 167 0.14006812102569596 82 50 4 32 33 42 78 27 54 23
2157 0.70992725812497537 1.0545094297395525 1.4901027300237637 140 125 38 0.27211764568052349 82 19 4 2 33 10 78 7 54 9
2156 1.0289123010936789 2.6395249986231017 1.8598405974871266 90 63 52 0.75476865577615682 95 828 24 869 7 571 55 833 26 550 60 892 53 450 9 756 82 246 79 375 52 406 99 711 83 205 91 479 4 278 33 287 78 279 54 312 89 404 68 533 59 261 92 544 43 336 50 277 66 279
2155 0.26136647918142925 1.8314509398959544 2.2200575971010501 57 27 1 0.098255693416228168 99 115 83 120 79 75 9 124 91 122
2154 0.74921893755127544 1.6460303598929003 1.8314130634497967 0 0 0 1.1085673940301106 52 1309 91 803
2153 -0.18328551010673813 0.92943835867315738 2.0109917831879107 0 0 0 1.7402994093910598 83 593 91 737 79 580
2152 -0.46542809482689551 2.3065216972716422 2.0507991308140201 86 85 80 1.2574774006804712 83 700 79 571
2151 1.3344080032202073 1.7259794794069971 2.6015513390489158 0 0 0 1.3435786836317831 83 510 79 429 2 540
2149 -0.35261356304968694 1.134079861694923 1.7878364626852976 153 108 21 0.49439647697209743 91 254 79 389 13 436 49 531 2 438 50 291 66 298
2148 0.40289777095335422 1.8572312330726795 2.2046540550345406 55 56 68 0.57304945948733843 83 117 79 283 13 344 49 400
2147 1.0524642645008422 2.7042093747614522 1.796337663372777 32 0 0 0.23480841884131401 99 516 79 209 66 280
2146 -0.76127452549651586 1.7225527334012365 2.1910734806154313 20 18 24 0.22455511649610044 83 143 79 78 27 62 50 56 66 74
2145 0.94042367970714735 1.5549263647968665 2.7851859284046254 115 83 68 1.2453786103682378 91 310 79 67 13 93 49 393
2144 -0.4088300256646672 1.2487973183627392 1.747666130919979 195 197 216 0.49259247493472813 91 53 79 11 2 39
2143 0.4137824751594304 2.4953441889003156 1.9356570248880165 36 24 21 0.57517444171982679 52 1193 30 576 83 651 91 685 36 542 49 690 77 185 58 357
2142 0.41538345169217594 2.4630220892944048 1.8366848195711194 0 0 0 2.2159235584683805 60 1082 82 557
2141 -0.132916933095687 2.1717513509093074 2.259099417360019 4 5 6 1.3526787778306015 24 179 15 109 42 378 17 306 94 289 97 217 52 1000 90 391 99 1082 30 225 36 208
2140 -0.78007478251632256 2.0294989937589585 2.2456717290106716 52 39 36 1.0625653239428559 40 212 95 229 87 218 15 221 24 286 93 101 7 574 26 562 60 918 53 518 45 260 82 618 55 704 64 660 42 694 17 614 94 550 97 268 4 578 34 160 29 620
2139 -0.44043003589843588 2.4912632830767247 1.9495304657749113 0 0 0 2.3676818982489705 82 776 4 837 68 775 21 842
2138 0.57287284100146352 0.58509782704409508 1.6458739729048479 0 0 0 2.1402776056508053 53 789 82 763
2137 -1.1288219916595246 1.3762108746127177 2.9085087757266614 0 0 0 2.3249259319928774 64 803 82 724 59 781
2134 -1.249146125777602 1.6377821697829367 2.6264877211744055 0 0 0 1.9029703582104671 64 812 33 809 53 748 44 714
2133 -0.87585510279971501 2.0237104030394311 2.2738080584999802 51 40 40 0.42460778204947558 26 717 53 713 60 1092 64 807 82 687 7 694 4 746 33 756 68 654
2131 -0.44727388876923302 1.1247578748948344 3.198291524060799 0 0 0 1.1004417692167199 53 680 82 675 4 670 15 705 54 743
2130 -1.2312086892997389 1.8077768825274891 2.6641615325091648 127 129 118 0.73463111053259178 55 785 82 637
2129 -0.9254042164969738 1.5872391499975393 2.7177725155815429 104 105 94 0.33135351378044869 42 817 29 616 34 440 47 71
2128 -0.92029464421503127 2.071621569623975 2.2043464538769384 109 77 62 0.45194588882035175 53 646 82 624 4 685 33 690 78 691 54 651 44 637 89 515 59 666 11 23 92 241
2127 -0.6832915717581286 0.82857478017874364 1.9723459738277773 255 235 73 0.57018473471518694 53 618 82 609 4 660 33 680 78 680 3 709 44 654 89 637 68 539 32 600 59 647 11 309
2124 -0.46405610725238877 0.99462017055354413 1.8148780274871554 255 232 73 0.55305072735874861 64 707 82 591 4 641 33 667
2123 -0.39249674790927258 0.86269403517613785 1.964623053747244 255 233 73 0.19381220028034901 53 582 82 583 33 664 44 636 32 592 11 318 48 242 100 252 80 621 39 24
2122 0.15969941983159985 2.3759184619960805 1.9705755033039307 101 70 58 0.56877552222374161 15 749 82 571 4 629 78 653 89 575 68 608
2120 0.44091288072437773 1.425951418381399 2.0814981625443605 130 86 17 0.58748825157533469 53 555 82 554 4 618 33 638 68 595 89 573
2118 -1.267876328612404 1.9718593135439526 2.3247637654018605 106 72 58 0.45852014980777434 53 365 82 522 54 677 3 644 44 541
2117 -1.226395792795181 1.956564459728849 2.3523344082628137 157 152 133 0.45027195289359745 53 525 82 520 4 595 33 616 78 614 54 675 3 643 44 380 89 382 68 279 59 600 21 633 92 1 43 3 15 205 46 438 65 342 5 105
2116 -1.1067487759172998 2.0471622800145091 2.2627299138619339 127 87 67 0.71163169333270115 53 651 82 518 4 694 26 566 33 698 78 699 54 659 3 630 44 650 89 520 32 667 59 591 21 626 60 578 11 265 65 322
2115 -0.79015715037074474 1.2557453011464772 3.086305855206692 229 214 174 0.42020538743225527 64 639 82 502 33 604 4 584 78 703 54 680 3 734 44 557 32 631 59 678 75 400 25 411 46 668 65 456
2114 -0.58079857923246403 2.1765207128580188 2.1417003514126383 42 36 39 0.44526209855634646 53 516 82 496 4 577 33 583 78 678 54 623 3 600 44 506 89 600 59 548 21 599 92 430
2113 -0.45822779818775206 2.1847546815613659 2.1478389747577404 35 29 34 0.26325186990762978 53 515 82 490 4 570
2112 -0.25623650811844034 2.2692059454770539 2.1201338299991681 42 35 37 0.4163129429047448 64 743 82 486 4 563 33 559 78 562 54 421 78 365 3 390 44 489 32 287 59 346
2111 0.29076375071610633 1.3637597045343279 2.9918046096746513 155 102 77 0.36299160466442393 53 546 82 462 4 630 33 655 78 553 54 603 3 589 44 622 89 584 68 581 92 632 43 445
2110 0.17783299621379445 1.3938448893859487 2.0423909877297 201 172 57 2.8604211835138358 53 568 82 455 44 478
2109 0.42768543780922641 1.4228156762572666 2.9852394129042223 111 76 63 0.65204369255455297 53 405 82 451 4 347 33 547 54 594 44 507 89 475 68 453 43 362
2108 0.5614037317958408 1.45106619192065 2.9465198846273086 112 78 65 0.55053423040256677 53 400 82 444 33 540 78 543 54 583 92 474 41 312
2107 0.59098831435351828 1.4738925200149164 2.0451655670763986 239 220 178 1.7042100056917155 53 416 82 424 33 512
2106 0.88160615945372134 1.5324461965116229 2.8682905071394837 155 104 77 0.50561095220960561 53 385 82 423 78 522 54 561 3 561 44 598 89 562 59 291 92 649 85 539 41 527 69 622
2104 0.64716158611493901 0.96242053699760344 1.5646604802277262 20 27 39 0.96133313356423411 53 388 64 551 82 404 4 495 33 493 78 493 54 524 3 526 44 442 89 430 68 483 32 527 59 241 11 288 92 460 43 207 48 505 100 263 80 319 39 267 86 441
2103 0.64416048971509476 1.1753001114565054 1.3382342403573371 149 133 44 0.45127286520778132 53 411 82 403 33 486 78 477 3 510 44 427 89 425 68 501 59 483
2102 0.96574974879616293 1.6744272462281276 1.313159787541212 255 232 71 0.52838132464243048 60 799 82 398
2100 -1.1125335874923779 1.5831431300729863 2.7360343364205315 72 77 74 0.70028217149317906 60 721 82 384 33 464 78 462 54 504 3 494 44 394 59 462 64 520
2099 -0.62625732961855929 1.4754150551396226 1.9952508465963317 251 209 64 0.21220844014250828 53 506 82 350 4 393 33 398 78 181 89 366 68 288 59 154 21 403
2098 -0.65887388462210061 0.90010614336553463 1.8995867091984371 254 222 70 0.22317953277501626 64 166 82 349 4 383 33 397 78 388 54 450 3 405 44 372 89 244 68 10 59 114 21 123 46 103
2097 -0.62675436763265402 0.89382413359844859 1.9170547496155352 184 144 49 0.34517507960859445 53 338 64 154 82 348 33 396 4 162 78 177 54 446 3 158 89 375 68 11 32 410 11 59
2096 -0.49525634090740567 1.5158001888440396 1.9708624033030118 254 212 64 0.18180970242569106 53 348 82 341 4 382 33 385 78 166 59 133 21 163
2095 -0.324636599926444 1.2063897735856759 3.1346417490017258 111 75 62 0.099221413203667591 53 277 82 335 4 394 78 592
2094 0.28719460645154721 2.36060076571902 2.1115230955783111 216 196 159 0.11485677520609851 82 300 89 310 53 327 68 372
2093 0.30716265632900708 2.3739554127104192 2.0560560769355511 64 41 33 0.20768907131925335 53 330 82 295 33 339 78 334 68 375
2092 0.50465406999725737 2.492259061389944 1.9205325742823258 102 71 60 0.23165520139678317 53 482 82 278 44 231
2091 0.59952162387813057 1.3252776755041535 1.2450310365939645 120 104 30 0.43427967730993911 53 246 82 228
2090 0.67443731707931409 1.1534494281585836 1.4034169698609964 140 126 38 0.63142983541251985 53 222 82 222 33 270 68 106
2089 0.76375562484608406 0.95338602707419695 1.5847223892660287 153 137 45 0.28992069591859926 53 203 82 214 33 264 4 243 78 262 54 299 3 283 44 223
2088 -0.16974456854246631 2.291838627440681 2.0791684534686832 57 44 43 0.17271299182716057 53 178 82 136 4 156 33 161
2087 -0.15190485911443177 1.3188781796139997 3.0306671066181585 103 71 58 0.27720198800350859 53 123 82 134 33 191 78 196 54 230 3 200 44 164 89 214 68 25 32 221 92 43 86 92
2085 0.18625353569458156 1.4194883362241892 2.9610093367497052 133 90 68 0.27068405991155287 53 101 82 116 4 123 89 192 68 49 92 68 86 142
2084 0.2124422184909642 1.3976478708922111 2.9665722888981945 23 11 8 0.25108221583405971 53 98 82 111 4 118 33 149 78 148 54 179 65 51
2083 0.52121875210468216 1.4875264558044965 2.938352401962212 48 32 28 0.27829558021278022 53 67 82 94 4 88 33 135 78 118 54 144 3 136 44 111 89 170 68 63 32 456 92 98
2082 0.55268791180665477 1.4118950628646159 2.0993698184195977 238 221 183 0.71704580542342045 53 414 82 65 4 30
2081 0.82539706480535002 1.5726200792018785 2.8613198855165742 50 33 28 0.11917006421961751 53 48 82 59 4 53 33 106 78 85 54 122 3 76 44 93 89 156 59 55
2080 0.77896659478832186 1.6472579193344685 1.3593581735720324 87 76 22 0.67789018491216879 42 979 94 802 97 687 36 604 30 635 29 657 94 763 97 647 52 1243 99 1231 83 706 9 846 52 1218 91 714 79 540 13 582 27 433
2079 -1.0861182169931278 1.6621288987510006 2.6571648159253241 120 121 112 0.27253224042083168 42 422 17 333 94 322 29 494 55 235 64 524 33 457 78 457 54 494
2078 -0.76096851866177406 0.82474152188946348 2.6748753024127976 0 0 0 2.893862912606878 42 1061 29 846
2076 0.65139451280826066 1.3771257141503839 1.2674634022403077 135 120 40 1.7119769847930246 42 1060 29 841 34 644 77 364 58 558
2075 0.63671399900784809 2.4186843047178361 1.7701204403265542 150 136 109 1.0575299087090164 30 686 36 667 29 825
2074 -0.49741103312307822 0.84296581793712433 1.7787926131607237 0 0 0 1.211046014286592 52 1038 29 660
2073 -0.68036401913397926 2.2147465352214075 2.1786634766126767 88 89 83 0.54830173504879465 94 697 29 622 34 442 81 208
2072 -0.76948934628934151 1.0377609778301875 3.2114795577761015 1 0 0 0.84652554211684905 97 164 29 596 77 86
2071 -0.65018531397433921 1.1583287252313355 3.162151570070074 49 31 21 0.65688664489007331 64 737 29 594 1 445
2070 -0.75659594550190479 1.0715229261128059 2.3885556879074601 133 97 19 0.5845255330588417 64 465 29 574 34 409 81 170 47 107
2069 -0.48931434617202263 1.331157386979948 2.120564892434091 248 203 68 1.0107003597315172 42 897 55 593 29 565
2068 -0.95923137437345285 1.6255874726666626 2.6892513689059361 66 72 66 0.1762366817760562 42 678 29 483 34 311 81 100 1 312
2067 -0.9424766568860079 1.7125453353738294 2.4777029731855538 75 78 72 1.1947362060311697 64 515 29 474 81 88
2065 -0.96253797305805699 2.0746854960476524 2.2288833213992802 40 29 24 0.41846103977792087 97 290 29 328 34 183
2064 0.22378557912393879 1.2604835201008469 2.0123480729723027 124 78 8 2.1714452711146173 97 52 29 50 34 230
2063 0.10735739468197511 1.2112532108359264 2.2267179289380361 0 0 0 0.15714956807623032 30 612 36 522
2062 0.26256209856952928 1.5297290194836288 1.7960528694372579 99 78 19 1.0311344562163682 52 1065 90 469 99 1022 83 492 36 451 97 506 30 542
2061 0.20125973465381422 1.5994150307879227 1.9141870843011346 64 52 13 0.56567084197939344 17 432 97 364 36 458 30 480 52 1167
2060 0.10971950122901417 2.1182618471747761 2.0847247387363326 2 2 2 2.1809490140848071 30 358 97 397 36 352 52 956 90 343 55 217 94 250 99 893
2059 0.11565306560776575 1.0948463218422555 2.1879759342560621 23 17 10 1.0052358000370303 17 881 94 720 36 520 52 1156 90 545 99 1127 45 516 83 474
2058 -0.41453717727698869 1.0969775543617417 1.7619926353000315 243 207 75 0.81527148981893705 45 301 52 620 90 27 30 40 36 43 42 875 17 681 94 604 97 335
2057 0.71010410339681229 1.5675557462976168 1.2982583658470936 97 76 16 0.18885958419657578 94 37 97 30 30 24 36 24 52 611 90 17
2056 0.854908754360579 1.7076342826803015 1.8848530534594383 0 0 0 1.662900448831784 30 691 36 673 13 666
2055 0.84249145563440542 1.5681947789440438 1.3450740704550608 105 91 26 0.23806691933796909 94 870 36 664
2054 0.84249145563440542 1.5681947789440438 1.3450740704550608 105 91 26 0.23806691933796909 94 869 36 663
2053 -0.8447707319140112 0.94352674308058915 2.3264203090748734 0 0 0 0.70787875821733837 30 668 97 741 36 653
2052 -0.28784266926745217 1.1504779768242765 1.7275026037676775 0 0 0 1.6110610979985514 36 652 77 334
2051 0.43974413345977725 1.0975294663324575 1.7158127060466382 0 0 0 0.40735201227153373 30 632 97 728
2050 0.40541785978531752 1.134946238499744 1.4635328812442816 126 103 38 0.99549104704918978 30 651 97 727 36 630
2049 -0.78333140719188621 0.98291638479568821 2.2055316851879621 123 103 28 0.56023853657127765 30 639 52 1164 36 611
2048 -0.7721004559701421 0.72836193900394752 2.1303140074561973 0 0 0 0.064375493381093024 30 534 36 568
2047 0.9564181136402512 0.73972482041771226 1.6948061348883223 162 138 49 0.99025189475503583 30 597 36 559 27 491 77 0
2046 -0.88181018860814864 2.1973902924495405 2.2134207555065295 0 0 0 1.2380262670982729 90 609 36 553 34 451 47 142
2043 -0.8678460462944928 1.7118161584400202 2.2268892232621731 53 59 80 0.01775169628460278 30 570 36 539
2041 -0.74561477714830515 1.0925607834562556 1.9962483907979993 103 91 26 0.28911838523364208 30 473 36 523
2039 -0.78696635101447643 1.7086985883185786 2.2027716403587272 42 50 69 0.10811680128565232 30 511 36 491
2038 -0.40828729444684142 1.3904812366724746 2.1416642748427575 55 32 3 0.011818271468876339 30 484 36 461
2037 -0.75219878961042763 1.0191052698300791 2.3913553364892368 129 0 0 0.076913149759268939 30 482 97 519 36 460
2034 0.78749852614938576 1.4890691873000905 1.2095237381696087 150 115 30 1.3439843453613525 30 440 36 418 27 361 29 532 84 329 50 362
2032 0.68940185601730097 1.3515770629482358 1.1237385583645416 111 98 30 0.96624551948619752 97 6 36 412 58 185
2031 -1.0334783028355414 1.7905761571407035 2.5208481131027991 112 113 102 0.173782227919276 30 415 36 404
2030 0.10150153884741767 2.1461946277408277 2.1948697377197686 7 7 6 0.050650302432517377 30 369 36 362
2028 0.15034472079095534 1.8217195741226753 2.1070752734781473 6 4 3 1.0624278457219949 30 496 36 332 77 165 58 340
2026 -1.0976605549896952 2.0446200039426654 2.255106386650028 127 86 62 0.058440629347645712 94 381 36 246
2025 -1.032129095564577 2.0646086128345642 2.2390935378914687 121 82 60 0.12360658302990228 30 253 52 839 36 243
2024 -0.76648159104183766 2.0454540788660247 2.5869739894365176 37 27 23 1.2031854696845348 52 574 36 237
2023 -0.27123031131561071 2.2064139427168685 2.3123960055230248 27 20 18 1.6470349085833493 30 234 36 223 58 138
2022 -0.59577161594782402 1.9055371431632195 2.3339401392492873 58 53 46 0.9966447274185809 30 386 36 206 58 275
2021 0.38068286655829164 2.4313133671782881 1.9405524055906627 113 83 70 0.40263222035307483 30 381 94 269 36 189
2020 -0.54991117089409125 1.89279719671151 1.9848504188418485 52 36 4 1.1812884500932264 30 158 90 148 36 156
2019 -0.48438443612644311 1.8201051650937763 2.1732546904454431 79 62 14 0.39605909216802121 30 154 36 151 13 92
2018 0.28350135668597526 1.7712440427249889 2.1341192865912544 112 91 23 0.15827022786978501 30 94 36 97 27 206 84 187
2016 -0.016196336726022831 1.4311323816690775 2.0212159002764847 169 139 49 0.56907913197873827 94 432 36 63 29 95
2015 -0.057052135017189504 2.2249563896570184 2.1855414651776783 91 92 87 0.67920955190093535 95 602 24 503 40 593 87 627 15 408 93 506 7 564 55 688 26 554 60 901 53 490 45 250 64 637 42 661 17 304 94 287 97 215 91 460 30 226 90 203 83 194 36 209 29 440 82 475 4 365 33 358 21 169 34 269 69 615 18 380 23 318
2014 -0.47029718081122385 1.1322467902794131 2.2129194463445687 63 59 62 1.1538632266448501 90 722 30 697 36 679
2013 1.0229164411246696 2.3873220980195931 1.9152838474439191 0 0 0 0.35973406599057228 97 621 30 561
2012 1.0345329170170643 2.4752620541685917 2.1168324864192294 136 127 105 0.47805532177723409 45 700 17 979 94 867
2011 0.5975071661684983 1.0327025572178723 1.4882227853830872 4 4 5 0.46527487321027838 42 853 17 650 94 571 97 482 30 263 52 845 90 222
2010 0.33484456685369424 1.6893652117120306 2.0277199274557276 109 89 23 0.17161717762400236 52 657 90 298 83 276 91 316 30 318 17 139 94 93 97 79 36 307
2009 0.51895169908333538 1.2392056557448323 1.2911446013055408 16 12 7 0.25153735784066 52 851 90 226 99 737 30 269 42 31 17 25 94 20 97 13 36 6
2008 0.04722072317382614 2.1513138451484664 2.2081653091518896 4 4 5 0.54329919549298944 17 570 30 377 42 345 17 284 94 267 97 201 52 791 90 196 99 928 9 489 83 404 91 409 36 369 77 88 58 267
2007 -0.095677317756303365 2.1913760842552326 2.1591308895740964 8 10 12 1.2423080257621635 9 689 83 433 30 385 94 514 97 432 36 377 77 95 58 123
2006 -0.48331280380660591 2.064717686341655 2.3158089927032193 10 10 9 0.63765204557813282 7 680 45 449 9 672 52 1122 90 520 83 552 30 400 94 535 97 455 36 393
2005 0.25175787852136994 1.4859037219351034 1.7502958328026657 155 130 52 0.57725972796807701 52 1056 90 554 30 469 17 87 94 416 97 346 36 445
2004 -0.0021354183155124495 1.4618696479053461 1.952968995341013 168 137 50 1.2902067572468638 42 986 97 694 30 640 99 1210 83 611 36 613
2003 1.1349561648397144 2.5289155734506203 1.9353563700152328 0 0 0 1.647165828940705 97 624 30 565 42 900 52 1177 83 642
2002 0.07199907738276351 1.6510689531780014 1.9167408822791407 6 7 12 0.15355965822243925 42 233 17 164 94 100 97 85 52 911 90 294 99 798 83 267 30 314 94 101 97 86 36 304 27 187 84 160
2001 -0.80436992244330674 1.7803516299967443 2.2567513293362724 49 58 78 0.30758172377597215 52 1190 90 582 99 1155 9 797 83 633 91 665 30 573 94 748 97 630 36 540 13 490 2 476
2000 0.55681809315085762 1.3074018849171249 1.469462551500947 119 100 32 1.3262413468905698 17 32 94 28 30 17 52 601 90 238 36 21
1999 -0.47029718081122318 1.1322467902794129 2.2129194463445701 63 59 62 1.1538632266448634 90 723 30 698 36 680
1998 0.20699871922320606 0.88027202344948585 2.1084933835966857 0 0 0 0.91773053722310527 97 759 30 689
1996 -0.092364640829422445 1.613930620876453 2.0273119951556193 31 23 13 1.0195393257968259 90 694 30 670 27 498 84 464
1995 0.016551533301188498 1.2018344866969457 2.165862772528846 14 10 7 0.68136756242752972 97 738 30 666
1994 0.55386567532830722 1.3878003923766888 1.3206699124835519 122 107 30 0.46687875457453215 90 666 30 659 36 640
1993 -0.79985892922440338 1.0628161183059104 2.8457508153199345 0 0 0 2.4570858338710582 17 925 30 643 34 610
1992 -0.62310248618276121 0.97926043193366608 1.9988844950158522 25 25 0 1.5795033311750803 83 704 30 637 36 606
1991 -0.97226041508082872 1.6304836121132951 2.4193964528424847 86 88 79 1.1038114829643746 90 658 30 625 36 624
1990 0.13256477654759008 1.4703096323752718 1.6885312644793333 10 11 15 0.58930812249020248 52 1221 30 609 36 574
1989 -1.3184355664381648 1.9728275994027451 2.3526227533791544 87 60 46 1.5606044271796913 99 1109 30 592 36 556 29 716 77 288 58 486
1987 -0.82021430846458854 1.6568437201308288 2.242412169136514 12 11 12 0.90213559154569167 97 677 30 567 36 536 77 279
1985 -0.38371975784587209 1.6627469160638075 2.0712530240912757 110 100 29 0.46321150183492632 99 1143 30 558 36 532 79 549
1983 0.46467343729065724 1.4910528129939591 1.6468687113435254 104 85 22 1.5080836530767123 52 1158 30 538 36 516 94 600 84 336
1982 0.68500642185418259 0.86739136022636887 1.6385032380174895 91 101 124 0.22638741652116148 52 1213 30 530 36 560
1981 -0.22012849203906606 1.9310049889926544 2.2225884447553907 77 67 17 0.067787184528986841 90 511 30 509 36 490
1980 0.17732610139952149 1.5252955392279506 1.8756997723212554 149 118 29 0.35397239506377026 52 1072 30 478 36 297
1979 -1.0903601953080964 1.9842260381061145 2.3512915614450316 139 135 120 0.48524700255872855 52 1022 30 424 36 242
1978 -0.34970714546041815 2.1061708892605844 2.2730841009128895 4 6 6 0.051644335183610578 90 399 30 395 36 385
1977 0.56039780394778149 2.3845413408200931 2.1157454842819572 112 91 77 0.24185487820248222 90 365 30 372 36 173
1976 -0.41010030893750204 1.8346833959944833 2.2197721804447763 81 65 15 0.90682432974397098 99 667 30 361 13 340
1975 -1.0398602488348172 1.5260243750961433 2.2407829478869585 59 67 87 0.29745282466006168 97 420 30 357 36 487
1974 -0.69623276188037664 1.2498684123609365 3.1926879727068322 61 74 102 1.5305474428358887 42 643 30 356
1973 0.21720135353495282 2.1256976604258706 2.051415948536973 221 203 163 0.14385915888326781 97 173 30 354
1972 0.048248717288599668 1.6826809363851902 2.1305606463724036 51 49 57 0.54293325829512495 90 82 30 334 36 327
1971 0.049709749859865954 1.4858791856224594 1.6780251062413252 91 104 135 0.29513752024550532 52 632 30 302 36 287
1970 -0.43103428752591633 1.2655618499728918 1.772150949632505 22 19 24 0.37669044375684385 42 515 97 359 30 301 36 286
1969 -0.82191024469131602 1.0484547086156091 1.8710851160943802 19 16 19 0.11635587944185155 97 360 30 295 36 280
1967 -0.94983779214093134 1.6008607590126727 2.6858029377513493 110 110 102 0.074534378158753398 94 297 30 222 36 210
1966 -0.8988831691671908 1.7609119045110351 2.2802384794428017 58 65 88 0.37069104907363976 83 160 30 221 79 301
1964 -0.50411775182334084 1.9019187247516973 2.3059055478532113 42 34 27 0.58734660351051027 99 684 30 208 36 199 13 121
1963 -0.83313929693579358 1.7480422337089796 2.2518000569782681 19 24 35 0.13337787588210961 52 792 97 218 30 202 36 195
1962 -0.83313929693579358 1.7480422337089796 2.2518000569782681 19 24 35 0.13337787588210961 52 793 97 219 30 201 36 194
1961 -0.60090425120030455 1.8509612608921349 2.2268733318267819 8 7 7 0.047846869376434877 90 178 30 197 36 186
1960 -0.5124645581627173 1.8157794830683267 2.2636305815539464 47 32 3 0.071488068791187367 90 153 30 174 36 169
1959 -0.82847176792338084 1.7040768923720702 2.1929438777971408 25 30 42 0.05640850830638755 90 142 30 171 36 167
1958 0.12822755624897986 2.1999871844656371 2.0000794908570949 222 205 169 1.0644907012146803 97 187 30 166 36 159
1957 0.005951504407623015 1.9977914246518054 2.0747172680948731 56 66 93 0.13564090881846957 52 757 30 145 36 138
1956 0.012496618316167718 1.9959745535757227 2.0828493717835759 56 66 93 0.096757054504568882 90 122 30 144 36 137
1955 -0.98036024097398911 1.4923120971851607 2.2382718741249423 65 74 102 0.39634245309669702 97 195 30 139 36 139
1954 -0.78488326870698089 1.1332805328890685 3.1921732766379871 64 43 31 0.34562127052003561 52 717 30 138 36 144 34 285
1953 1.1767277202584949 2.1284845106777524 2.3446110157861408 239 222 185 0.36858036300567143 97 106 30 103 36 103
1952 -0.86228468204347419 1.2942275575080646 2.0295430240973649 20 21 30 0.13957086898044524 52 117 30 83 36 315
1951 0.52231501347872999 1.3368531805734345 1.5885724212963224 101 80 16 0.10396897959439606 55 54 30 25 36 28
1950 0.46580813931679338 1.2402250473482097 1.3550716001344907 125 100 32 0.21557005116294206 52 855 30 7 36 14
1949 0.06413353634281424 1.1924297177358469 2.1674936454895155 0 0 0 1.1227728745167467 45 667 91 761 9 886 45 680 90 685 99 1272 83 740 27 485 84 456
1948 -0.86278730424014149 1.041118124483245 1.9168427045971019 105 94 33 0.70048057769710326 9 293 83 478 91 257 90 552 99 1012 79 392 49 322 27 298 50 297 66 176
1947 -0.27016770527815581 1.5041720406688692 2.0016547264952909 220 183 51 1.8063423703074974 95 896 24 888 15 774 93 848 7 773 55 825 60 1120 45 604 64 829 42 895 17 839 94 732 97 521 52 1084 90 477 83 507 99 1037 30 323 36 312
1946 -0.21571987238520038 1.3961743211883539 2.0599517022715474 252 210 62 0.63198120301661664 26 628 60 990 53 603 9 581 91 287 90 54 99 593
1945 0.25303427641943799 1.9480392787821326 2.0965991518264304 232 210 169 2.2506686432284613 17 926 94 814 97 672 91 661 52 719 90 497 99 1058 83 530 99 1241 36 473
1944 -0.21626462893985718 1.3931600915575175 2.0586895207721647 248 199 52 0.70084205130631039 95 768 24 823 87 788 15 717 7 649 55 745 26 627 60 989 45 328 9 582 42 765 17 708 94 629 97 369 91 288 52 902 90 55 99 594 30 65 36 70 89 594 68 664 92 617 43 426
1942 0.55354780193557229 1.4621981736282115 1.5567776282112695 46 36 8 0.85794392118440554 9 568 83 470 90 454 99 1006 91 504 30 280 97 36 79 474 27 373 84 266
1941 -0.7794328043573524 0.99800547163443365 1.8240456350514083 253 231 87 0.67662465097419522 55 744 45 305 9 280 91 31 94 422 97 347 52 624 90 34 99 570 83 31
1940 -0.83052398255811966 0.98383257392032075 1.8345222667501675 253 230 68 0.32928060633534617 45 306 9 279 91 30 52 625 90 35 99 571 83 30
1939 -0.51807130092175913 1.0450263919892895 2.1227054190793617 65 70 90 0.37835459914979896 91 806 13 669
1936 1.0128155597031714 1.350731858490285 1.6060647706311277 61 43 18 0.28911999200929167 9 928 13 661
1935 0.13783255010601927 1.9288264688943513 2.1593202203330897 36 28 25 1.2058985589048776 9 922 52 1307 91 797 49 795 2 674
1932 0.7997004878947771 0.77432808896713301 1.7258137105063691 0 0 0 0.73525105156393922 9 878 45 645 91 753
1931 -0.43751720659699267 1.5688121560120687 2.0095814053892629 98 75 18 0.63360896927568777 9 870 91 744 13 591
1930 -0.94729566388849107 1.2851091786250028 2.138433842707967 0 0 0 0.88977392557478996 9 847 91 721 79 547 13 543
1929 -0.28046714562377884 2.3719205864716679 2.297338451243792 0 0 0 1.2246776321147408 94 751 91 691
1928 0.36406290172016587 2.5197077284536915 1.9975449137710442 89 89 84 0.21282605997960569 97 550 91 690
1927 -0.049721438988472616 1.2340857771582885 2.1723231563321264 252 210 71 1.4298160004137987 9 836 99 1018 91 643
1926 -0.24646014774353384 2.3503190990353406 2.0340822636068059 88 88 83 1.2550248672280073 9 820 99 1104 91 623
1925 1.133073497785378 2.5122900238779344 2.0051979394248969 237 220 184 0.10218893300276019 9 737 91 610
1924 0.099445314043968419 2.2635361373271414 2.1712038792414967 206 191 156 1.0637313186123059 83 440 90 388 91 607 30 219 36 202 13 387 49 222
1923 1.04422993800832 1.7599041364195704 2.7428072940118562 218 201 161 0.10206884432467229 83 289 91 558 79 440
1921 -0.87576997036938287 1.2580732385069102 1.9746659176564569 66 75 104 1.1800387581263905 83 685 91 523 27 376
1920 0.58130911087296167 1.485455117359908 2.0781588967761127 189 180 176 0.023812880839652315 9 577 91 522
1918 -0.18474200368416485 1.1382468092322067 1.918900926299917 0 0 0 1.8677498049095591 9 550 91 501 79 473
1917 -0.81908013214375885 0.78913008872206214 1.9346447114735366 0 0 0 3.1770373192751808 45 515 91 487
1916 0.96007375037684684 0.85871023353701403 1.7360885500068981 175 106 16 0.16048638930901546 7 388 91 481
1915 0.79059555948187532 2.5056262754296381 2.0025493126961909 98 70 61 0.59509682378758855 9 749 99 703 91 475
1914 0.3449342333938501 2.3496388212001671 2.0412074359665056 222 206 170 0.86464343786108822 9 728 45 434 91 469 49 460
1913 0.26108784585707034 2.2605680649057129 2.2016743830332124 218 201 162 0.033113902914234335 99 942 91 448
1912 0.024397449111808911 2.2080310172758084 2.2098939451161184 57 50 42 0.65399532360844626 99 949 91 444 9 501 45 431 55 682 17 748 94 662 97 548 42 799 26 647 60 1009
1911 -1.028710081641558 1.7683037110537017 2.3355527711302968 119 121 115 1.8902447256618053 9 135 99 911 91 362
1910 0.94812992521698869 2.1135250171645121 2.3574881732357573 234 217 179 0.26383462856933204 9 469 91 361 79 155
1909 -0.21239943430553407 1.8927742632254203 2.1699089936306786 76 65 16 0.62116924074617497 90 505 91 354 30 505 99 844 36 484 77 247 58 427
1908 0.073178119292524269 1.6513588164764337 1.9155427224421242 11 11 13 0.0026310141199299324 9 344 91 311
1906 0.63982249509347133 1.2896483935435188 1.1129749781277491 254 253 83 0.23698157324690591 7 714 9 531 91 225
1905 0.38307006372179786 2.4568908707636545 1.925993063521652 108 77 65 0.092820242075667261 9 244 91 212 13 273
1904 -1.0929575851680504 1.9906263670872404 2.3227153040259285 152 152 139 0.095620890128503985 99 727 91 183
1903 -0.92629442102573245 1.7961572059682902 2.3032239346951386 47 53 71 0.86028012968504564 9 139 45 242 91 162 79 126 27 107 50 90 66 106
1901 0.25714918898884653 1.8086058720574367 2.1908851878215034 114 93 22 0.10454954232385931 83 115 91 115 79 281 13 336 2 360
1900 0.32447168959864525 1.7299988599595875 2.0917248635123702 113 92 23 0.5874306718706509 83 92 91 98 84 43 27 42 50 42 66 58
1899 0.31526408405196593 1.7339579303366703 2.0805497743828978 113 92 23 0.25159081573473391 83 91 91 97 84 42
1898 0.94540093731529484 1.6303922859948481 2.7807681245870488 145 96 70 0.36419226952235056 9 337 99 621 91 91
1896 -0.28586587132803565 1.4235039824929374 2.0039453143167454 254 228 59 0.078568223908802956 9 326 91 72 79 33
1895 1.0048488597468632 1.6341556793943111 1.3219383557969038 146 108 25 0.32099647632511319 83 33 91 45
1893 -0.47365113645460633 1.1084554228550156 1.7520604784715708 246 192 47 0.12131221397329722 9 47 99 572 91 34
1892 0.81912943366341484 2.6542090765392294 1.9103346990308832 89 89 82 2.1134006060061994 45 468 83 655
1891 1.181120137847314 1.5835840042860518 2.8072821171861002 0 0 0 0.76658212044319385 99 1141 83 687 91 657 13 594
1890 0.13899963188715458 2.078786828943151 1.9716896609163537 2 2 2 0.82679089060193378 7 371 42 614 94 232 36 346
1889 0.39233454083390729 1.8603484974583311 2.2086268389420716 59 60 72 1.4060084119543237 55 824 45 635 83 714 42 955 17 892 94 778 99 1239 97 667 52 1255 90 656 91 745 36 584 30 620
1887 1.3804089949657403 2.1117798899430791 2.3849398367435111 0 0 0 2.3770063721730956 9 795 94 437 83 625 42 985 97 697 52 1175 90 631 99 1215 30 556 36 583 29 733 45 341 79 515 9 872
1885 -0.010396900907480883 1.0674493157669576 2.2055655893039225 62 60 62 1.9876665141045884 52 1305 99 1298 83 770 91 798 27 497
1884 0.479889621102285 1.2959258946474992 1.8268378261505567 126 87 19 2.2758642907267981 99 1297 83 769 91 796 79 626 27 501 50 502
1883 -0.79095570847047103 1.1533061630029438 1.9941756991364308 105 91 27 1.0493005435531635 99 1284 83 756 84 472
1882 0.15809309483393286 1.2880666249077253 1.9932039038720375 206 178 66 1.029233988408069 99 1253 83 728 91 763
1881 0.099992637269309709 2.1382506801545742 1.920911922587377 0 0 0 1.3408486304150231 9 874 99 1221
1880 0.18661765968855368 1.7521561214578494 2.1647322991918716 128 91 47 0.78452487767010359 99 1238 83 712 79 602
1879 -0.58642612321944154 1.1112473184082483 2.386824052772679 12 10 10 1.3702781074402863 99 1254 83 709 91 741 9 865
1878 -0.91395110895331988 1.1664048866129835 2.0572711609036358 0 0 0 1.4920584762458122 9 839 83 708 79 481 66 311
1877 -0.64809046939570991 0.94742172129013547 2.2528241398708637 62 62 67 0.39999058816550326 99 1202 83 707 91 709
1875 0.29183237413796959 1.2009646605268423 2.0683887096088087 0 0 0 0.81950713377804263 99 1230 83 705 50 385 66 378
1874 -0.76163358323829267 2.0529432102300382 2.234694135714085 63 46 39 0.58385237699040093 83 696 77 259 58 438
1873 -0.37091278709129516 1.3502668132543403 1.9487009987927917 112 95 26 0.25377914785567446 99 1209 83 684 91 718
1872 0.4195024532075034 1.5170278532875068 1.5607099521710219 100 80 21 0.57791507745396697 99 1203 83 681
1871 0.60873566239434995 1.5002304564561375 1.5322547213201478 0 0 0 2.138319061942862 52 1271 99 1199 83 678 91 711 79 538 27 460
1870 -0.74126680369766995 1.0055886489278791 1.8772134769525137 90 63 12 0.46455052095241189 99 1126 83 677 91 708
1869 -0.46170776585234574 0.83909536825706033 1.9309205352342098 240 178 41 0.35012917507219427 99 1193 83 672 91 736
1868 -0.31790809832554223 2.3205456125809678 2.1031202052147573 88 88 82 1.7807583328525127 42 827 83 661 34 433 29 608 49 611 81 201 1 443
1866 1.574914493519546 1.8629264380597486 2.7335114773125651 0 0 0 2.9902384835641964 90 567 83 621
1865 -0.96202633390485448 1.3280729512921225 2.2264185754554573 104 113 137 1.0384213589605562 99 1043 83 619 91 723 9 849 79 495 84 290
1864 1.3091390322770937 1.6722167612983276 2.6587998488469364 0 0 0 2.1233818516142291 52 1075 83 618 13 493
1862 -0.67342558692055088 1.1010161619860082 2.4364193204296254 10 12 16 0.93389339966066853 99 1028 83 609 91 651
1861 1.1865628703524429 1.4084610604293588 1.5720349987451161 0 0 0 0.50591642884336951 99 1122 83 592 91 633 79 7
1860 -1.2347482446877265 2.0551063724432179 2.3347930579411478 90 89 83 1.543216685935864 52 1137 83 584 34 465
1859 0.13401542821340023 2.4323700097840364 2.2121151867533966 88 87 81 0.73015252479483705 52 1200 83 577
1858 0.29622533906035486 2.3307137291787168 2.1171244890723102 221 207 170 0.22237500139351019 99 1086 83 560 91 612 9 724
1857 0.97057887814425603 2.5366147132175225 1.9768014839215913 229 212 174 0.087383005054934751 99 1078 83 557 91 617
1856 0.43430923008463851 2.3894039073756215 2.0093965170522528 111 80 68 0.76286452081711842 99 1083 83 554 91 675 49 687
1855 -0.10222512950544135 1.9345357297211696 2.0341497281519882 53 57 74 0.16596903003106592 99 842 83 534 91 349
1854 0.3805465523758268 1.708020412414335 2.0414269895769555 116 93 24 0.25984233413914531 99 1041 83 512 13 481 2 468 49 573
1853 -0.74535315271590841 1.3760926060989673 2.1967959118209004 127 83 12 0.53339962413312503 45 539 99 1042 83 511
1852 -0.88874423673536862 1.0797993000331358 2.7645180237105622 0 0 0 0.34206388899132179 52 1290 83 509
1851 -0.5515499714012263 1.3152264697778333 2.135988957736624 255 222 63 0.1409121861884951 9 579 83 501 91 529 49 347
1850 -0.4205122317904012 1.1712087924950714 1.7786001640962184 22 19 24 0.24337598829135398 99 1008 83 473 91 499 45 308 79 229 49 329 13 298 2 302 50 167 66 174
1849 1.0093648672168136 1.684735626590008 1.276304154673884 251 232 80 0.46820114605894514 9 783 45 303 83 471 91 268
1848 0.98989598835302295 1.6644578193016959 1.2204993577324392 0 0 0 0.01457433911786056 99 1124 83 465
1847 -0.76910305078905705 0.95959692901229854 1.83112839070776 189 154 41 0.13667897508665974 9 540 83 461 91 493
1845 0.3250707606659044 2.2809585769072518 2.1778800470367146 223 207 171 0.058118676002428184 99 940 83 431 91 453
1844 1.0707371494263642 2.4936264018685153 2.0422955325507601 233 218 182 0.051686584774008115 99 927 83 420
1843 -1.1616362659818675 1.7441164383168226 2.5925805120105996 138 140 133 1.7529120837906327 99 936 83 412 79 165
1842 0.49151600216610969 2.2719184811533113 2.2131098785040551 229 212 174 0.072704586081631772 99 914 83 409 91 430
1841 -0.92099172809496244 1.8439917679143283 2.3769443657214131 2 2 3 0.099694066948780441 99 932 83 401 91 371 9 472
1840 0.091238312824895335 2.1454727475425597 2.1970288044929984 6 5 5 0.21343295067641158 9 168 83 388 91 399
1839 -1.0639532364707791 1.7538882253234793 2.2505111130969562 124 126 120 1.3434383532745662 90 377 99 889 83 357 91 360
1838 -1.0522284888399285 1.7020304435217255 2.3197151784635186 69 72 66 1.8119487902217073 52 990 90 363 99 871 83 345 30 389
1837 -1.1239626163220935 1.5633226501501574 2.7667031979733379 85 89 84 1.5710841697758777 99 865 83 334 36 219 97 247 29 498
1836 -0.47386685098271253 1.8116328648631144 2.2516296438331458 82 67 16 1.0427674596440051 99 852 83 324 30 508 36 489
1835 -0.78902912998327634 1.7168154899497063 2.1978887759693091 51 57 77 0.10697468816707519 99 662 83 315 91 136
1834 -0.95736970819881795 1.6130006026076664 2.3640135160179203 126 125 115 0.38424611320931829 99 1064 83 312 91 338
1833 1.1245544648838031 2.1911329944704008 2.2640647747164073 234 217 177 0.0042995576234834184 99 833 83 310
1832 0.33183058212790884 1.8678867983646745 2.3160442840745175 130 94 25 0.68004783572500649 9 615 83 297 91 564
1831 -0.031566955598680918 1.4583769275481804 1.7546533896815597 100 90 28 0.063196072082632324 99 785 83 255 91 277
1830 0.32463585654118021 1.5482190330352852 1.6845151449446434 20 21 29 0.20171065722190304 99 783 83 253 79 398
1829 -0.42402338480178858 1.2683279997227062 1.7725551502805967 22 15 17 0.12501358966009321 99 780 83 249 91 270 9 306
1828 -0.82541290096036457 1.0511558004694499 1.8658620253533886 16 14 19 0.3060455319765466 9 56 83 243 79 228 84 269 27 171 50 9 66 10
1827 -0.91349693128682663 2.0556111315214824 2.1852771511593891 106 73 54 0.21235499065702998 99 725 83 214 91 184 9 504
1825 1.0131295677225667 2.3216061796406096 2.1973111492465986 231 216 179 0.030424307672637721 99 678 83 165
1823 0.099456752302718859 2.0541130671501708 2.1079961278033554 60 66 87 0.19867656559473681 9 144 83 157
1822 -0.5106284062902372 1.8159320130907974 2.2705976111453023 49 32 3 0.21898640644256737 52 783 90 152 83 155
1821 -0.27250530651804361 1.8224546883034303 2.4793809204231017 53 33 3 1.9420320659470656 90 144 83 148 91 156
1820 0.38877765168723133 1.8677246057256991 2.3004019125198134 32 31 36 0.11189666013151404 99 646 83 126 79 294
1818 -0.31075407730527249 1.6201631930462137 2.135892152418323 4 3 1 0.76803540924703639 99 104 83 100 91 326 9 115
1817 0.86729382018226375 1.6728465829772501 2.7798394228604009 46 30 22 0.036085019844293721 99 630 83 99 91 100
1816 0.46540420630008694 1.6411599598360105 1.9086425690160875 6 5 8 0.38721285272929762 9 91 99 595 83 65 91 78 79 41 13 469 2 459 27 27
1815 -0.12719126745508194 1.1768780849125478 1.9263465925758236 13 13 13 0.16184166734944852 99 577 83 41 27 17
1814 0.8889174744281485 1.6299620959844765 1.3054476486873996 110 95 27 0.52232409444733907 52 863 83 35
1812 -0.40316589531836011 1.0944752505149815 1.7635264022069395 253 224 64 0.24563854807912619 99 27 83 29 91 33
1811 -0.79528939797340503 0.92457074228959202 1.8560862517646068 255 237 74 0.12807020505406219 90 259 99 761 83 25 91 24
1810 0.59932112329379061 1.3265588400278003 1.1772124467103073 147 127 38 0.21223800407192558 90 225 99 738 83 3
1809 0.49556884856408978 1.8483585071143303 2.1675925885157343 227 211 173 1.7468514736360046 90 653 99 1237
1806 -0.34727577966180423 1.4834257379195444 1.9546265354460344 13 12 15 0.21714286815171147 45 133 9 329 99 796 42 537 17 450 94 441 97 375 52 914 90 293 83 265 91 298 30 316 36 308 29 110 79 257 34 55 77 51 58 231
1805 0.12498938566616542 2.2517210492437298 2.1010923793656815 126 115 92 1.8489719056723699 42 1035 45 673 17 957 94 848 97 734 99 1278 52 1288 97 743 30 664 36 649 34 612 27 475 83 747
1803 -0.37550049200247804 1.0822419172303028 1.7691635523763656 158 113 22 0.72637500608280037 24 2 40 8 87 15 26 154 60 506 9 44 99 567 64 613 42 507 17 414 94 404 52 619 90 24
1801 0.50249815030846567 2.4808690052255264 1.9410350591144883 104 72 57 0.50899101467233643 95 280 24 412 40 438 87 464 93 397 7 229 55 230 26 205 60 554 9 246 99 501 55 490 42 331 17 281 52 462 91 213 69 540 49 280 18 280 98 192 76 180
1800 0.84160260840070544 2.1774246088495075 2.3191258541299247 228 213 177 0.8967882783513873 9 933 52 1314 90 721 45 705 99 1304 30 695 36 677
1798 -0.25318289406441463 1.484605456704025 1.9645874192308654 143 94 15 1.2642888388280331 90 702 99 1285 83 757 91 787 79 611 13 633 49 766 18 590 27 494
1797 -0.52691154893696424 1.0544376215398108 2.0365021900038247 22 17 6 2.1467945214511239 90 701 99 1283 83 754 91 775 30 676 36 658
1796 0.30294709237759532 0.95752452568786484 2.0325392525913624 0 0 0 0.38267081055845809 45 678 99 1281 83 751 84 470
1795 0.56340223619422691 1.0400935612429405 1.775186295591354 18 14 15 2.0225774121681486 55 897 99 1280 83 750 79 618 50 496 66 497
1793 -0.016472637760048647 1.3509373982395092 2.1271238075286831 162 135 55 0.66927066693097848 90 670 99 1274 83 742 36 612
1792 0.065328316003019998 1.1935866219859939 2.1706430804863448 0 0 0 0.90532742383276055 9 885 90 686 99 1273 83 741 91 760 84 457
1791 -0.90839016029246245 0.95307072715043706 1.872035652370863 0 0 0 1.5850380812983291 90 667 99 1251 83 703 91 757 9 862
1790 -0.63490001256607487 2.15092802622017 2.2079798963286583 44 33 29 0.50556204648835146 9 875 99 1250 83 721 91 750
1788 -0.056063022585373296 1.9413917927563966 2.0741118979878368 47 54 75 0.30211673593075489 90 575 99 1218 83 689 91 662 30 564 36 535
1787 -0.59844891664092914 0.99515276540550379 2.4025306341931367 0 0 0 0.29360920911634963 90 624 99 1205 83 682 91 712
1786 -0.85881195269253663 0.83263369812780208 1.8946866474735655 0 0 0 1.5616695961742364 45 649 90 450 99 1197 19 509
1785 -1.1027044393598926 2.0137561312212355 2.8627527618527568 85 85 80 0.43347896761894522 99 1180 83 664
1784 -0.1887779741432454 2.4067407507505156 2.1075305230988644 0 0 0 0.020463658190651879 55 703 99 1178
1783 -1.0686254807811828 1.9238660745260179 2.3848565625572267 144 148 143 0.90738652849252355 45 576 99 1163 83 645 79 452
1782 1.0168608540845983 2.663792819277282 1.835905336025851 75 52 42 0.4204093286902113 90 585 99 1162 83 646 79 531 27 424 50 425 66 428
1780 0.003978775388852468 2.0201152176708579 2.0977747111564322 55 62 82 0.15079263015898109 9 800 90 578 99 1151 83 629 91 668
1779 0.19475611378029059 1.9975336481560062 2.1205324052609411 23 19 16 1.8466010101547408 90 574 99 1149 83 627 79 512 50 475 66 500
1778 -0.45720079756193666 1.646499148792681 2.0827097059645903 112 100 29 0.3336710331888556 90 495 99 1145 83 524 30 497 36 472 79 422 13 479 2 465 27 392 77 171 58 342 84 354 50 317 66 322
1777 0.84872858894125036 1.6680318200676005 1.358581311217699 105 91 26 0.84037778162083032 90 543 99 1128 91 515 79 475 13 447 49 554
1776 -1.0316214736370313 2.0448865512612882 2.2578382787464242 112 74 51 0.27627826330344774 90 530 99 1100 83 570 91 611
1775 -0.70136982681693683 2.132073527129112 2.1576024375652296 64 42 32 0.32024586404429167 90 527 99 1096 83 568 91 613 49 598
1774 -0.30874224342473133 1.5070287328385994 1.9621221222949243 249 207 63 0.33903122048140583 90 478 99 1038 83 508 91 301 30 322 36 311
1773 -0.55087520315634486 1.3158917099766492 2.1377536074937438 255 221 64 0.31959605776795291 9 580 90 292 99 1033 91 528 30 320 36 81
1771 -0.46710805092272101 1.1529959873566202 1.8113213181776886 107 94 28 0.73039279455277184 90 549 99 1009 91 502 79 391 27 296 50 169 66 175
1769 -0.57756453512344441 0.79640823008766115 1.8701397195928453 2 0 0 1.0494299762836983 97 495 99 992 83 459 36 427
1768 0.72492847716375786 0.83551899403044394 1.6911317442059854 113 125 155 1.0916240756172084 45 277 99 987 83 587 91 701
1767 -0.65516107081396835 2.1038742871914633 2.202946053230411 27 21 19 0.37748941452849016 90 414 99 980 83 453 91 458 49 411 13 159
1766 -1.156244249054615 1.8974823375598822 2.4478960365507239 148 152 145 0.077523524035160427 52 1017 99 976 83 449
1765 -0.64924877553929206 2.0608717556314309 2.1437272693764235 11 14 15 0.82526496171488217 99 960 83 437 30 403 36 395
1764 0.17272934592648267 2.2866467024717685 2.167916435491331 215 199 162 0.1560173922576342 90 384 99 959 83 438
1763 0.97955210724702957 2.5435687816512589 1.8928295832477158 232 218 181 0.66282785090679575 90 181 99 943 83 432 27 137
1762 -1.1293430523022914 1.6893006928330498 2.6468549051967352 136 139 131 0.19473439205126519 90 396 99 920 83 384 30 413
1761 -1.0634207625279266 1.7120877532231373 2.6205687318825128 131 133 126 0.085364268995928708 45 411 99 916 83 379
1760 -1.1055520072157958 1.6436991761603297 2.6824101901595196 130 133 126 0.0501848176631986 90 383 99 892 83 362
1759 0.51098736796899857 2.2249640049236801 2.2519289843353198 230 214 176 0.070564742140984071 45 380 99 890 83 375
1758 -0.34776262543708447 1.8671102046038102 2.2088600427169411 85 70 16 0.37247824468950846 52 776 99 850 83 325
1756 -0.26716897949396956 1.8723212079931681 2.2309107123865184 83 68 16 0.29981663688659632 90 331 99 846 83 322
1755 0.017453524415503435 1.9522048067674156 2.0320301471785576 53 58 76 0.14295365110873398 90 323 99 837 83 308 91 347
1754 0.59529734489722685 1.6022640415998843 1.4080760238774899 0 0 0 1.3304513944777261 52 878 99 777 91 514 9 312 30 456
1753 0.9615875633541503 1.6626751150764778 1.3199243168564665 248 216 71 0.24341987116511038 90 254 99 772 83 239 91 506 30 276
1752 0.55876487109291451 1.3778379357366144 1.2084000542580164 142 123 34 0.14431139193264944 45 26 99 741 83 5
1751 -0.91283372246367001 2.0561210421638463 2.1858753242111724 105 72 53 0.06975249649930404 90 214 99 724 83 213 91 185
1750 0.63166233734085864 2.5205722158379835 1.9013199982780109 107 77 67 0.4814733447026302 90 201 99 712 83 207 9 523 91 216 13 277 49 506 18 291
1747 -0.24154629467924651 1.894838205803316 2.2170012131836021 53 34 4 0.082633166633991284 90 136 99 668 83 149
1746 0.26376818763677984 2.0674898436237075 2.0903013561839487 111 97 72 1.3062562449186172 52 271 90 117 99 666 83 156
1745 0.58534951850033379 2.0789661479861414 2.3652033886015977 113 101 80 0.0098222662141242093 52 253 99 663 83 150
1744 0.68816164611129715 1.9691885092648678 2.4868983791875867 236 217 176 0.040370955769923805 9 457 83 134
1743 0.012851405982112124 1.6626416207070638 2.2700087651805583 52 51 60 0.096409622678897869 90 314 99 637 83 106
1742 0.28661141711236604 1.7670626347151404 2.1421103597317019 115 91 22 0.079393867419910655 9 120 99 636 83 103 91 105
1741 0.28674769319197579 1.7673265988085669 2.1426483109505456 115 91 22 0.11218442247998199 9 119 90 84 99 635 83 102 91 104
1740 0.9645223530343725 1.5983906869751054 2.7840939931306701 39 19 12 0.4107176846274202 9 97 99 615 83 86 91 90 13 99 49 100 2 138 23 164
1739 0.96217847706935322 1.6012810471387795 2.7766110164723425 39 19 12 0.30644983197837983 9 96 99 614 83 85 91 89 79 71 13 98 49 99 2 137
1738 0.02541072600819308 1.6291205845650083 1.9787151760041519 49 25 1 0.10803663294428451 90 300 99 612 83 83
1737 -0.5826096225745 1.4096579944238505 2.0674251444857634 85 89 107 1.1014502548170935 9 328 90 68 99 609 83 75 13 317
1736 0.36362420642056126 1.671021727884435 2.007684042407063 61 31 4 0.2614102167980602 52 651 99 605 83 77 9 100 91 86 30 76 36 76 27 193
1734 0.18092385397679733 1.5248832480635321 1.8775044735091564 155 121 40 0.15415055211628373 9 86 90 282 99 588 83 60
1733 0.24766534582596533 1.4336005704791246 1.5067738985022083 19 19 25 0.12174974056331797 9 72 99 574 83 38 91 265
1732 -0.14973649089263261 2.3066344081676418 2.0694108590157483 22 16 16 0.27025819226502024 52 523 99 534 30 232 36 217
1731 0.58656248568810732 2.5363632574754607 1.9152161996003207 110 80 69 0.16750573538847266 52 466 99 519 91 218
1730 -0.7069878322694152 1.8402525334734403 2.2845227647245832 23 26 38 0.0082203668570698645 52 459 99 306 84 91
1729 -0.28951942069729131 1.9545232129555272 2.29222562361453 48 38 29 1.0832220687358971 52 410 99 292 83 167 30 192 36 183
1728 -0.10134406561577311 2.012266029398972 2.146296704632447 21 25 36 0.21062734693527513 52 380 99 245 79 140 27 96 84 87 50 94 66 114
1727 -0.89858514356922137 1.7274844025469305 2.2627455997193038 19 22 32 0.2200168075050383 90 177 99 227 36 198 27 70 84 74 50 64
1726 0.59315926112175166 2.1496135177361908 2.3039247144978465 233 217 179 0.34776989639401229 9 151 52 289 99 223
1725 -0.69879023339790625 1.7917454831643773 2.2346614333252943 21 22 33 0.0986862547860341 52 416 99 221
1724 -0.70004718415678502 1.7923772033242349 2.2289285129658825 21 22 33 0.11906218950304857 52 415 99 220 30 187
1723 0.36754786093331426 1.7904564997915653 2.1389009007701363 24 13 5 1.086755591950628 52 150 99 101 79 66 9 118 13 84
1722 1.0602884012811764 1.7341293188790576 2.7237997478484313 55 37 26 0.13068894683610877 52 100 99 97 91 101
1721 1.2956003439370358 1.743404654573252 2.7464933465946886 69 43 28 0.35480262530340556 52 86 99 92 91 99 49 118
1720 0.47756006088076641 1.4820436983067977 1.5479289068679456 20 24 35 0.28701051132985889 52 41 99 34 83 42 91 55
1719 -0.40591646094237765 1.1015538467840449 1.7491514258788199 246 216 62 0.3399066030567735 9 285 99 26 83 28 91 32
1718 -0.4811358851471802 1.0685974948751504 1.7530754174719148 254 239 78 0.26699694544442554 52 44 99 24 83 26 91 245 9 281
1717 -0.84132377249942913 0.95053022204040261 1.8646883566075281 102 86 21 0.78947473805223534 7 112 45 39 9 37 90 32 55 571 64 629 17 694 94 614 52 883 99 568 83 27 91 28 89 250
1716 -0.80534150773417035 1.6139771308096478 2.2744315733864768 9 8 5 1.3776615580582365 9 911 90 714 99 1293 83 765 91 789
1715 0.1919564551415725 1.8819728114421821 2.212839591414872 8 7 7 0.82140070444193003 52 1285 90 690 99 1275 83 744 79 615
1713 0.43584158940108653 1.4568069968709616 1.6361588807798613 170 137 82 0.48500942080486653 90 684 30 661 36 633
1712 -0.87333799514151544 1.6175175815578144 2.3118582924598536 13 14 16 1.304844449214202 52 1286 90 678 99 1261 83 733
1711 -0.72356176469552602 1.3218116562884039 2.1835526614455953 207 160 48 0.35032445004231949 52 1253 90 672 99 1258 9 888 83 743 91 777
1710 -0.53004390399290258 1.2734711427295584 2.1702346944041815 255 221 67 0.38789238879886018 52 1273 90 671 99 1256 83 730 36 635
1709 0.0728220965901272 1.3735487564406721 1.8041258321001044 211 182 69 0.66844836676387631 52 1282 90 668 30 654 36 634
1708 0.63895918076906955 2.5312387706429149 1.8984765240685282 110 80 69 1.0338634097954242 52 1277 90 662 83 735 30 649 36 620 79 593
1707 0.50315802096972273 1.8450516379986728 2.1581559660256571 135 122 98 1.9023786318027376 52 1274 90 654 99 1236 83 713 91 780
1706 -0.50821311659353263 1.0193876110169646 2.3949316440792874 201 145 33 0.70464369152500061 52 1222 90 650 99 1204 83 604
1705 -0.64653033206500732 0.68653872655302361 2.0679491948979369 0 0 0 1.5647790150840004 52 1240 90 646 99 1228 83 723 91 732 36 563 34 481 1 418
1704 -1.2305053567062931 1.6367821944347452 2.7899953456011759 0 0 0 2.1574183639888016 45 564 90 640 99 1069
1703 -1.0368107569156062 1.7634331417633038 2.3082742650486443 102 104 97 1.4023155244381325 52 1263 90 636 83 693 30 582 36 593
1702 -0.87452109786995513 1.2896741312738855 2.8480068441277342 226 208 168 2.3199527482912048 94 834 90 632 30 646 36 617
1701 0.044643846688497607 1.5978736082764369 1.9078819726383398 103 90 26 0.87376537076774252 52 1251 90 629 99 1212
1700 0.53048890751319566 1.704576262241112 1.9457757194747125 0 0 0 1.3026437684476162 52 1166 90 628 99 1136 83 616 91 724
1699 0.30174268911631119 1.2033811867801389 2.0248292108321451 0 0 0 2.1900664478226357 17 878 90 620 36 518
1698 -1.1295077473101436 2.0440238740744605 2.2857176641810151 80 54 42 0.2601660841312266 52 1208 90 606 99 1105 83 576 30 589 36 552
1697 0.0068114313225118572 2.1022614014272096 2.2138631898849459 43 48 65 0.97023353538964485 9 806 90 584 99 1159 83 638 91 672 79 566 13 603 49 734 18 497
1696 -0.80367969676868523 1.7806631159181943 2.2586805472295044 48 57 77 0.3533348810096838 52 1191 90 583 99 1154 83 634 91 666 30 574 36 541 13 489 49 379 2 475
1694 -0.86665715801734722 1.7094211377805135 2.228760698853359 50 57 78 0.46816388452900631 9 618 90 579 99 1150 83 628 91 660
1693 0.092219870547486815 1.9893301879368979 2.0467937003877941 46 51 71 0.27713333067257268 52 1176 90 573 99 1219 83 690
1692 -0.41935459091769201 1.3972735645561625 2.1234266780937494 52 33 4 0.29336736312362738 52 1225 90 563 99 1137 83 506 91 532
1690 0.16445132152397074 1.1816735568844046 2.187966054761878 132 92 16 0.51875087336316772 52 1159 90 551 30 541 94 721
1689 0.1537765315390982 1.2608013873262174 1.9418564783226677 199 174 66 1.9905743206789874 52 1220 90 548 99 1201 83 680
1687 0.73420801049379603 1.4512970302009172 1.1663224551647575 163 130 33 0.59583043232906863 52 1142 90 537 84 257 27 285 50 278
1686 -1.0270028528864554 1.8320128691206785 2.2884658917104423 92 96 89 1.7332686069359415 52 1007 83 542 45 571 36 222
1685 1.1455204922817375 2.4125164014891762 1.9709657070037081 0 0 0 1.8201039625201076 55 754 90 504 83 635
1684 0.45524257424735692 2.0420840310793715 2.3806870984454087 112 99 75 0.42628644356286721 52 272 90 503
1683 0.86529576438856026 2.1529509141434384 2.3442649576272179 232 217 181 0.18394170888463524 52 1101 90 500 36 338
1682 0.23136004737916499 2.0260036572778617 2.0590589841070974 233 211 170 0.61953083506905404 90 499 99 1061
1680 1.3816167749909729 2.1861003681703015 2.3274635939429178 0 0 0 0.94601814181133848 52 1096 90 496 30 493 42 883
1679 0.32741245038944211 1.7938487945341155 2.1441566266017449 117 95 24 0.27602111691993536 52 1093 90 486 99 1051 83 523 91 559 9 610
1678 -0.03568257787908144 1.6912849993167565 1.956046730536305 12 11 13 0.29481873158181482 52 1087 90 484 30 490 77 158 58 412
1677 -0.049910249266051226 1.6953927135571671 1.9325656074485309 12 11 13 0.11979399524483811 52 1086 90 483 99 1049 83 519 91 547
1676 -0.69907892091919888 1.3239258293469447 2.2381521642595374 220 170 46 0.30890430861433377 52 1174 90 481 99 1039 83 74 91 296 30 555 36 531
1674 0.2638539542017867 1.523691460651597 1.7947251974609801 99 79 20 0.33954060701839173 52 1064 90 468 99 1021 83 493
1673 0.12868598647217999 1.353105719571571 0.6886180151003376 244 241 78 1.1653653150054359 52 1026 90 429
1672 0.90966420449684871 0.79933075610615612 1.5759164817290989 0 0 0 1.5574851046097642 42 850 90 427 29 641 36 505
1671 -0.81793972212242561 2.0203800374500043 2.2534097180898911 73 53 43 0.24814074425028043 52 1127 90 413 83 443 36 405
1670 -1.0860945575065775 1.7616809819896539 2.5730830479957132 118 120 112 0.2320121572781712 97 578 90 403
1669 -1.1336981100382284 1.6970393337065532 2.6204077530154959 122 124 116 0.27972992363978189 94 690 90 397
1668 -0.79411994781078254 1.8900753798116441 2.3630537949277155 46 56 79 0.51283781477348922 9 150 94 312 90 394 99 697 83 417 91 170 79 320 13 123 49 101 2 373
1666 0.58507038393204303 2.5177586066391093 1.9201427787996272 106 76 65 0.48494735202714034 52 989 90 385 99 1092 83 565 49 625
1665 0.53479035059579028 2.4767200694715097 1.9297701888476917 31 19 17 0.16898744886888442 52 984 90 380 99 964 30 375 36 364 13 412
1664 -0.89750656339397872 1.7591193810198846 2.2840834375737415 58 64 85 0.27653430600808249 9 132 90 354 83 159 91 157 30 220 79 302
1663 -0.8008153856992033 1.7617127302766313 2.2415896197560889 54 67 94 0.17839417999466722 52 981 90 347 99 860 83 329 91 353 30 380 36 372 79 299 27 224 84 212 50 238 66 238
1662 0.15216777287841426 2.1082456449905793 2.1171688928896248 7 5 5 0.05794399872968925 97 398 30 359
1659 0.35357316112462417 1.9573831561360839 2.1909169671890405 236 214 172 1.1455980044606009 52 937 90 321 99 1057 83 528
1658 1.3547892657023235 2.1370010496001144 2.4310802230846602 248 229 192 0.33528576942097166 52 928 90 316 30 100 36 102
1657 1.2712308227690754 1.7185168554362202 2.7883337625639593 77 49 32 0.19368615299671085 52 907 90 302 30 325
1655 0.11726788919854338 1.6636255185488207 1.9280904555400702 111 93 31 0.35672178323901782 52 659 90 296 83 268 30 79
1654 0.073990458448586593 1.6507778754846778 1.9191560374937349 10 10 14 0.045261578312388154 52 912 90 295 30 315 36 305
1653 -0.48645409337645851 1.3414415868895859 2.1191249513028545 254 223 73 0.22464706163457204 52 910 90 291 99 794 83 263 91 293 9 85 30 319 36 310
1652 -0.83618047017226105 1.2775374536316095 1.9985525073309347 74 91 127 0.29794351366685234 52 913 90 290 99 793 9 317 83 259 91 286 79 244
1651 0.50510699033876261 1.6381606336110242 1.916722894069756 252 213 167 0.4917426113584108 52 895 90 284 99 1032 91 297 36 60
1650 -0.82308181921297963 1.0516064186467611 1.8670763300018378 17 15 17 0.17954249354655946 9 55 90 266 99 778 83 242 91 38 79 227 13 19
1646 -0.81571759367420871 2.1491297488735386 2.1989828174183974 35 23 20 0.33812379761561451 52 580 90 220 99 730 83 218 30 247 79 198 13 186 2 174 27 157 58 157 84 254 50 145 66 154
1645 -0.77251408939210253 2.1210596594292457 2.1472585258801362 36 24 21 0.362094932330149 52 569 90 216 99 542 30 240 36 228 79 191 13 157 2 161
1644 -0.90702215297813082 1.7750945654829473 2.3146793347176535 21 26 37 0.26693431889983582 52 474 90 199 99 302 36 207 27 95 84 88
1643 0.65533873825091471 2.4493939572796437 1.9716726097296342 233 217 179 0.13115085728596443 52 973 90 198 99 950
1642 -0.94249889516473018 1.7456237230855367 2.2988067315576242 50 51 66 0.070415127564748034 52 800 90 195 99 279
1641 0.074100896485942341 2.1486523603902956 2.1696087969196949 4 4 5 0.83045836912449167 55 221 90 190 36 361 30 368
1640 0.027823034710033667 2.1260245799504589 2.2093132691313544 51 60 83 0.11605894987863995 52 789 90 189 99 693 83 178 91 172 30 189 36 180
1639 -0.89801086855881596 1.7273794164568217 2.2641033083923716 19 22 32 0.1931870819467375 52 795 90 176 99 228 36 197 27 69 84 75
1638 0.089396228573314557 2.1698405866975898 1.9206403800949405 220 200 162 0.86001796985530077 52 960 90 160
1637 0.53185724241611121 2.0599214146930076 2.3946472372841794 109 97 75 0.050681706764331341 52 738 90 114
1636 -0.84995228531171407 1.1084595127554364 3.2217136425689166 70 45 29 0.28765514142357451 52 218 90 97 30 143 36 145 29 240
1635 0.28497661758522203 1.7933373269028046 2.1619487535417856 79 46 7 0.18799183153143512 52 689 90 88 83 110 99 640 30 95 36 99 79 68 84 49
1634 0.28221872399479525 1.7713751693205675 2.1337966742805077 116 94 24 0.13874927102257134 52 686 90 85 30 93 36 96
1633 -0.23837809597435297 1.6451592771147612 2.0204257937955634 85 69 17 0.45688842414088543 52 691 90 83 30 335
1632 0.33902596065905077 1.7138056801894164 2.0587134663828337 73 48 23 0.24521832648678082 52 665 90 64 99 808 30 81 36 84
1631 -0.42097888396432237 1.4736124037923417 2.0041868829651697 237 199 55 0.05921300908155358 52 671 90 63 99 606
1630 0.39172784198700111 1.7039210572642756 2.0000535411164693 115 95 25 0.15645398163271837 52 85 90 61 83 80
1628 0.0059832509158263825 1.501013619771812 1.7206241240648943 91 109 146 0.1197882016618587 52 894 90 41 99 44
1626 -0.47226473424863447 1.1079885941137897 1.746226781421039 255 201 51 0.14289721530472521 52 622 90 31 30 45 36 49
1624 -0.38673424185189342 1.0368702116513819 1.7876714778150655 253 235 77 0.23116502386797766 52 617 90 21 99 758
1622 0.84092443731768407 0.94116764358690419 1.4959816843854563 0 0 0 0.59450715229405748 17 639 94 568
1621 -0.7456143340335547 1.5707877333532394 2.1542830897904657 98 87 25 0.66279560101476953 17 852 94 653 97 537 52 733 55 676 45 551 99 822 83 292 91 555 36 340
1620 0.15945859728986456 2.2958438776315311 2.1436815756035541 215 200 165 0.43783885217132912 95 638 24 537 40 793 87 832 93 768 45 439 9 716 17 747 52 995 94 509 97 421 91 608 18 386 23 570
1619 -1.1758164494356551 1.6305568980023017 2.6843621362119685 135 137 129 1.2173625927271274 64 808 17 904 94 792 52 1233 55 777 45 562 9 624 90 639 99 1158 83 540 91 569 30 628 36 596 82 636 44 671 33 765 77 317
1618 -0.48613355114623513 1.3716770715567321 2.1348715034628132 41 28 4 0.1734171879606895 9 87 97 377 42 289 17 202 94 134 52 668 99 795 91 76
1617 -0.88944400885269959 1.813149380298277 2.3630195464867896 51 60 82 1.3832371647462263 17 776 42 829 97 568 52 1232 55 778 42 997 17 933 94 819 90 637 99 1222 45 566 83 694 91 670 9 798 30 626 36 627 36 388 79 514 13 558 49 578 27 453 50 453 66 406
1616 -1.0948359051279251 1.9309693788097813 2.3601909679533559 90 92 85 0.70495569149089754 53 360 17 790 94 698 97 581 52 1016 9 487 94 557 90 421 99 977 83 203 91 174 44 166 54 253 21 293 60 574 49 103
1615 0.84301803328955349 2.1758583356604873 2.314245107896995 178 164 134 1.177189818234466 9 932 52 1313 90 720 99 1303 83 775 91 807 30 696 36 678 18 625 45 704
1614 -0.40432361454741195 1.3846245839100955 2.118467670339288 101 77 16 1.192808326903797 52 1311 90 718 84 478
1613 -0.89432941037599956 0.85253608065334519 2.7135182127895319 0 0 0 2.0443035496481525 52 1310 90 717 30 694
1612 -0.52113807033263426 0.77443423087111662 1.8254822124388401 0 0 0 1.0803853906742984 97 749 52 1297 90 698 99 1290 83 749 91 793 49 776 19 795
1611 -0.38747156818129269 1.4316873249553075 1.9756127199484066 113 94 24 0.37179661602039582 9 889 52 1284 18 566
1610 0.37218975251230479 2.4240457772610093 2.0356268358956546 93 66 56 0.67906790131489536 52 1279 30 656 36 637 13 638 99 1279 2 637
1607 0.70085232534733088 1.66320119520488 1.3986245159809545 0 0 0 1.0758380069113658 42 943 94 804 52 1247 90 649 99 1252 83 726 36 566 97 602 29 536 79 582
1605 -0.70461356735637282 1.7499753491072514 2.2027463906494407 48 53 71 0.622822998830874 97 629 52 1230 90 633 99 1220 83 691 30 623 36 618 79 556 2 595 27 468 77 313 58 512 84 441 66 450 50 445
1604 -1.1965879555523873 2.0238470312298347 2.2961898884502294 88 60 46 0.57045719000433304 94 755 52 1209 90 607 99 1107 83 659 91 615 30 590 36 554
1603 0.32373224454169197 2.5532548052785939 1.9909741762512452 0 0 0 0.65524841553655566 17 757 52 1198
1602 0.34456025983505734 2.4729514337907736 1.9492281576843924 37 26 23 0.15156058119687579 9 823 52 1196 90 589 99 1166 83 649 30 579
1601 0.34456025983505717 2.4729514337907736 1.9492281576843919 37 26 23 0.15156058119687668 9 822 52 1195 90 588 99 1165 83 648 30 578
1600 0.0023103186202250714 2.0191937979305723 2.0909318375454977 55 62 84 0.32559704069725853 97 535 52 1180 90 577 99 1152 83 630 9 801 91 669 30 566 36 481 13 562
1599 -0.29573411571670905 1.0244021635796716 1.827562551260367 255 241 82 0.44339460027211747 17 879 52 1152 90 449
1598 0.71036907229081536 1.4715981735092367 1.2080488400099123 100 79 18 0.27500206822573259 94 584 52 1144 30 439 36 262
1597 0.66139711368360532 1.1789519054400337 1.3343080529308753 151 131 41 0.58805488166441722 97 594 52 1139 90 535 99 1113 83 590
1596 0.81411923210175974 0.76758478508597827 1.7150317658093006 0 0 0 0.62613988855350422 97 478 52 1138 90 533 36 411
1595 -0.99271128712773327 1.572645754213547 2.7341303301151036 122 122 112 1.1655337295888319 64 753 52 1114 4 691 33 699 78 704 54 749 3 732 59 680 21 759 46 599 65 532
1594 -0.55598524360702029 1.4802438795994424 1.9813136971232899 254 216 56 0.068398512414835508 9 596 52 1089 90 306 99 806 83 273 91 307 30 328 36 319
1593 -0.42476609479705096 1.1688409596034115 1.7809194194943434 24 27 39 0.079801606646801471 42 757 52 1050 90 462 30 290
1592 -0.44112807844100221 1.065296304442539 1.7624991687501923 173 125 23 0.22423869307762381 94 409 52 1044 90 452
1591 0.48732044445064848 1.3909449362103921 1.6102672949440213 140 121 36 0.27051302679090039 17 810 45 519 52 1041 90 257
1589 -0.20734311990504087 2.1439130756714246 2.2488064007491841 4 5 6 0.41973441474753975 45 437 52 1003 90 517 83 551 91 594 30 518 36 495 79 355
1588 0.2145239585368236 2.10515868254627 2.0512106778456212 220 203 166 0.77832136811792874 52 948 90 507 99 1153 83 631
1587 0.485180598620926 2.1066241324641264 2.3534762360713795 226 209 170 0.13134225209147687 52 947 90 332
1585 0.1960959711307419 1.5621199886708026 1.8730277930878305 24 28 39 0.11557630476174757 45 77 52 898 90 283 99 792 83 258 91 295 30 306 36 299
1584 -0.61492022509640032 1.0272116930264015 1.7773667411268277 253 232 63 0.20357434434946575 94 606 52 879 30 42 36 45
1583 -0.61168107054894161 0.90325702281765607 1.8930872831177599 185 142 56 0.40867807106956466 17 820 52 869 90 252 30 281
1582 -1.0099210711241953 2.0144668335080729 2.9466246905204825 139 96 72 2.5180697441700182 97 308 52 841
1581 -0.9809428610620341 1.5189633576304549 2.7706863874309495 126 124 114 0.13836893911893147 94 291 52 787 30 215
1580 5.7853901976179269 2.7340506235908588 7.8993406018086283 234 219 182 0.60816405738999002 17 152 52 761
1579 0.71359336411174434 2.2362536371126458 2.2305984504815388 231 215 178 0.23014069979319754 52 752 29 134
1577 -0.38281892012599883 1.4263566997669399 2.0552615145944655 38 21 1 0.23668679023228267 45 111 52 663 90 60
1576 0.35719743091494788 1.6499756440330187 1.9750860535743073 111 90 23 0.22555444266143232 94 83 52 646 90 287 99 602 83 73 30 67 36 72 79 49 84 162 2 345 50 204 66 207
1575 0.35950291956415847 1.6494135268440837 1.9786288569175579 111 90 23 0.17159980088799454 94 84 52 645 90 288 99 601 83 72 30 68 36 71 84 163
1574 -0.84083571647408117 1.0286690068133131 1.8575001981900141 102 90 26 0.37041276170270437 97 64 52 627 90 37 83 37
1573 -1.1334074463958288 1.9424299001876058 2.390478313532074 83 84 74 0.056287434031932454 94 373 52 577 99 531
1572 -1.0642191206997826 1.6389103434903114 2.6855448747940347 71 69 59 0.40159665215916118 64 285 52 487 99 300
1571 0.38582081567672444 2.4588414064955071 1.9401932852788293 108 78 67 0.23865464645552237 42 341 52 475
1570 0.51723030717274154 2.5143684494269141 1.9246168178921415 105 77 66 0.29805140555487913 9 249 52 473 99 520 91 217 79 205 13 276 2 271
1569 0.45364608392851713 2.4757585685324206 1.9285968252373835 112 82 70 0.14929453609198035 9 245 52 467 99 506
1568 0.48547939990373989 2.4575588618040021 1.9459820439881121 28 17 14 0.30881033026861032 9 237 52 454 99 710 83 200 91 210 79 202 13 274 49 274
1567 0.59630118741957161 2.4869447355995984 1.9415146704895956 32 19 16 0.074259111302228328 9 240 52 443 99 489
1565 -0.69226669856135448 1.6218912449267004 2.1216911148351567 7 6 2 0.11267143188007706 94 480 83 121 99 121
1564 1.1037475222586384 1.7915393848143522 2.670074239058708 105 93 73 1.0458933126012997 9 114 52 107 99 633 83 104 52 110 91 106
1563 -0.29769862377786493 1.4059297838689384 2.3591874657545904 91 74 17 2.2490201546572943 94 874 97 761
1562 -0.0021640357062865934 2.173705475422147 2.2207795618465949 5 5 5 1.5882767447997928 94 835 7 780 26 747 17 947 45 659 55 883 64 832 97 724 52 1278 90 660 99 1245 83 718 91 747 30 655 36 622 29 800 82 572 42 1019 34 598 77 331 58 530 81 350 1 509 47 195
1561 0.71217551008493041 2.4947083126753182 1.9632214600269267 93 62 47 0.6248154449235187 40 859 95 878 87 902 7 682 55 770 26 707 60 1073 53 686 45 435 9 747 97 399 17 537 94 252 52 790 91 474 30 177 36 165 82 432 4 515 43 460
1560 0.78897034200583194 1.2168471338081113 1.4708454410048803 86 97 123 0.7370165381321877 30 693 36 676 27 514
1559 -0.80127461361070762 0.83433932379092424 2.3992709046845992 0 0 0 0.86446526722167427 94 866 97 758 30 685 36 666
1558 -0.009134918456319252 2.3289357824566035 2.0528588433892669 50 35 30 1.124759343795064 42 1020 97 725 36 625 97 707 34 613 81 351 47 197
1556 -0.80406995020594119 0.76002278658737299 2.130045264824695 0 0 0 1.8943090847771404 42 983 97 717 52 1245 94 843 30 653
1555 -0.58911690340485401 0.95583130338179745 1.9030775828849262 253 226 64 2.0363474612601626 94 827 97 716 52 1246 99 1198 90 542 83 676 91 707 30 603 36 567
1554 0.53202955257673334 1.2262194414952305 1.3361853847679319 78 84 104 0.54733665073337479 94 821 97 712 30 631 36 599 29 761 34 576 77 290 58 491 81 283 1 461
1551 -1.3174456200374043 2.0698587478162356 2.3846746736572104 0 0 0 0.98964879793244176 42 848 97 639 99 1186 91 682 30 595
1550 -1.2633227180745692 2.0018440399343178 2.3068290769495472 69 49 41 0.64587428838269711 94 756 97 637 52 1210 90 608 99 1175 83 578 30 591 36 555 77 287 58 484 84 387
1548 -0.8372648203469335 1.4325013309435566 2.129058029150789 101 87 24 0.54958392450299376 94 738 97 625 58 338
1546 0.23496173235892537 1.0163704064939638 2.136618619080084 0 0 0 0.77007642264554821 17 807 97 603 52 1150 99 1123 36 514 30 458
1545 0.54962401182692011 1.4074397249771327 1.2915637456675617 136 119 39 0.32824147869361353 94 713 97 597 52 1036 90 441 30 441 36 420 77 208
1544 -0.91484750056431974 1.9470436913293738 2.2306645186320222 8 10 13 1.7217236633772814 94 691 97 577 90 525 99 1090 9 656 83 549 91 590
1543 -0.44546207258268655 2.2835781189948205 2.1389508150079322 88 86 81 0.21923123051389945 17 784 97 576 34 437
1541 -0.061128329267033349 2.2807389866765946 2.0362331119113088 54 37 30 0.36052109124351261 94 745 97 553 90 400 52 806
1540 -0.91722911632272752 1.6313903349767862 2.3772085955738889 4 5 6 0.1297043594766791 42 670 64 274 97 552
1539 -0.77864117477593098 1.6286594324498498 2.241237315962572 28 31 37 0.24133372555265389 94 659 97 544 52 1178
1538 0.003867884621472667 2.0151703817139137 2.0900319699673 55 62 84 0.26859015798973979 94 652 97 534 36 482 77 73
1537 -0.71817943345204194 1.1415671171050841 3.1703860832192712 69 44 29 0.45834264365704541 42 784 97 533 36 479 30 501 29 598 64 635 4 582 59 594 21 618 34 523 65 453 58 366 81 272 1 448 47 132
1536 -0.74637883496174529 1.4607351933628474 2.219365618037449 48 46 49 0.18048196306545108 94 648 97 530 30 559 52 1227 36 534
1535 -0.83870544117881596 0.94824645900699878 1.8798320569687132 106 91 23 0.87571655224971467 42 886 94 613 97 502 52 884 90 33 30 460 36 440 29 676 34 485 81 295 1 470
1534 0.16594288727028128 1.2383828041403069 1.945969216658832 196 171 65 0.71253283861637406 94 602 97 501 36 442
1533 0.46701669658915257 1.1806340506174473 1.4021374486951164 123 134 162 0.45679641077980609 17 395 97 485 30 271 36 260
1531 0.69627013785378766 1.219107130233692 1.1508369365981634 0 0 0 1.8041429870696679 17 648 97 480 52 1027 90 221 90 433 30 528 36 507 29 719 19 602 47 145
1530 -0.34928944296901565 2.2352718101271574 2.1964896639747482 30 22 20 1.4084372148488431 94 318 97 460 29 263 34 287
1528 -0.88182382214243815 1.6488551860440515 2.7032092683579982 59 62 55 0.2687771634849771 94 526 97 448 36 496 30 517
1527 -0.055727090730770062 2.2545401505802327 2.1248358772176181 81 57 44 1.1993576105792356 42 369 97 434 29 701 34 422 58 122 81 187 1 438 62 253 74 251 38 244
1525 -0.078816944697459063 2.2714004773251593 1.9139049593943636 106 75 61 1.6476673866635538 94 668 97 427 52 805
1523 0.50331183357812714 2.5635191251812901 1.9309936286598237 87 87 81 1.3330044015336522 9 524 94 510 97 418 90 521 17 575 49 629
1522 0.22525559888076324 2.3116883366249645 2.12700146609347 219 204 168 0.44709824162068756 94 504 97 417 52 992 99 957 83 439
1521 -0.92815932304483328 1.2566741422214844 3.0799569308961008 214 202 169 0.39639669811436234 94 493 97 416 52 747 90 107 30 162
1520 0.61633141845967665 2.597670255782671 1.9225201568173658 86 86 81 0.91236256345455169 94 502 97 412 30 515
1519 0.89389554755486855 2.6764155491631514 1.8449254972803935 87 87 82 0.49760044155899713 17 545 97 402
1518 0.30464241873217185 1.8386608388674619 2.2034321772667558 115 94 27 1.0818374281272611 94 733 97 381 90 570 30 494 36 471
1516 0.18642592974124725 1.5074892325488685 1.7821673703373606 143 120 51 0.77493853519732436 94 67 97 354 52 1063 36 294
1515 0.071322735402430171 1.4794892139133304 1.7156457836027748 93 110 146 0.25423115266518265 17 425 97 353 29 545
1514 -0.45500279916377007 1.1546532228031825 1.803126925700717 105 94 28 0.21173691742233117 94 420 97 348 30 292
1512 0.29635984172911911 1.5324591684156554 1.7049016861159105 104 89 25 0.29528545665813755 94 417 97 344 36 284 30 300 77 37 58 217
1511 0.17020253788951833 1.4524302918658034 1.6031814326828311 8 11 16 0.35517124114835424 94 55 97 336 77 22 58 209 84 271
1510 0.58669410584816239 0.96767642928456399 1.6781520443814968 8 11 16 0.12493154750996291 94 11 97 321 36 259 30 270
1509 -1.1605116679236311 2.0487758756541696 1.9976789695973429 118 80 59 1.3901438387864364 97 302 52 840
1508 -1.1834517797016968 1.874430208746944 2.4402536490539899 88 92 85 0.12208157018569858 42 456 94 363 97 293
1507 -1.1516536370321189 1.6423056475746158 2.6714182098335404 126 127 118 0.13058267692360925 94 329 97 263 52 499
1506 -0.52000121592441084 2.1827085998186564 2.1724287311092865 29 21 19 0.55106377500234027 42 689 97 259 52 813 90 212 29 274 64 269 34 142
1505 -0.84762243102079737 1.8680883580338061 2.3846004863692936 49 61 85 0.15587200289907624 94 319 97 245 52 809 90 204 99 696 83 182 91 168 30 401 36 394
1504 -0.43348791296902245 1.9369557381081399 2.4218577871037463 4 3 3 0.041132971810100942 94 288 97 220
1503 1.0419104567106854 2.7167167446726572 1.8486910785593871 89 89 83 0.50087862357821511 94 475 97 180 52 983 90 387 83 454 30 373 36 359 79 465 27 426 84 381 58 351 50 426 66 430
1502 0.64564356345786111 2.1491206660356577 2.3109398277583626 110 102 81 0.13083892132817146 94 193 97 146 52 744 90 123 30 141 36 135 84 111
1501 -0.86455069951784758 1.3689169135995545 2.1254582449635819 109 99 28 0.37220322740557094 17 260 97 133 52 692 99 620 83 84 30 97 34 77 58 86
1500 0.8377971561837706 2.2051959031851669 2.2635552915543009 112 103 83 0.31826492548233654 94 170 97 127 52 731 90 113 99 671 9 476 83 336 91 370 30 128 36 129 29 115 79 334
1499 0.33694763554796087 1.7146212532975615 2.0563965395633166 84 55 8 0.24074011130245551 94 96 97 88 52 666 90 65 99 809 36 83 84 171
1497 0.044002808644839631 1.5643827231413185 1.9795444258682982 112 80 15 0.94753258809030227 94 435 97 77 30 74 36 74 29 394
1496 0.32923855532915025 1.5455037419171707 1.6880803889861018 30 36 51 0.072195808680930715 94 63 97 56 30 298 36 282
1495 0.32671500841734613 1.5457003226644295 1.6857952809128436 30 36 51 0.084693896760690265 94 62 97 55 52 890 90 271 30 297 36 281
1493 0.52275018306355614 1.4184129071478027 1.3059806498105722 127 115 41 0.16009059494425248 94 33 97 26 52 604
1490 0.064847041450292964 1.356391977336241 1.7748191657174817 210 182 76 1.8601711544840294 45 310 17 682 94 412 55 558 64 594 97 341
1489 -1.0631437008183264 1.6164471610609021 2.7034025355980789 115 118 109 0.24059605196865916 42 416 17 325 94 311 55 233 64 519 97 244 82 187 4 469 33 251 78 456 54 278 44 184 59 450 21 508 65 343
1487 -1.1710582817068709 1.8856267318537383 2.4280001321590143 117 121 113 1.6718246191540633 17 985 42 1059 94 872 97 763 52 1308 45 702 90 715 30 690 36 675 29 845 34 650 83 772 99 1299 91 801 47 242
1486 0.64477961586751797 1.7018706464846864 1.6818823189856207 0 0 0 1.71221416102961 99 1300 83 773 90 716 97 760
1485 0.27540570814980014 2.2553888499958341 2.1342113106707625 211 197 163 2.0458979345720696 17 974 94 860 97 754 90 706 30 679 77 344
1484 -0.76378759896915327 0.98645728139012923 3.0586279466107311 0 0 0 1.0270241300288609 17 972 94 858 97 751 30 677 36 659
1483 0.32076567161533587 0.93348601920744823 2.0850102975277585 0 0 0 0.61301852078126484 17 969 94 855 52 1298
1482 0.72214500571613194 1.2522712254446733 1.2761139672536974 135 115 36 0.55242186333546073 17 968 94 854 97 748
1481 0.1679911900711879 1.101523490640522 2.3937831415805397 32 28 27 0.80875034399136836 17 962 94 850
1480 -0.070765107554728618 2.0032349255845889 2.1905950838798378 35 46 69 1.6795196176213765 9 914 94 846 52 1292 90 696 99 1286 83 759 91 792 30 671 36 655 77 348 34 627
1479 -0.95286696664319392 1.8743943266969232 2.3181557644107436 5 5 6 1.6757163870909002 17 950 42 1025 94 838 97 726 30 657 29 804 34 616 81 354 1 535
1478 -0.41507420989409571 1.3074818349002655 2.1307799735371287 254 215 55 1.0174729777150036 17 943 94 832 97 718
1477 -0.87055975814952613 1.2790909410465918 2.5460067529443351 56 60 69 0.36450576096297799 17 899 94 816 97 721
1476 -0.077888594073274614 1.7358456003582068 2.0861426923581377 88 71 17 1.1678347548984591 42 988 94 813 52 1275 90 675 99 1259 83 731 79 601
1475 -0.42890796942769338 1.5751442496128192 2.0070858310899493 76 64 35 0.8866961721960257 17 927 94 812 97 700 29 784 34 593 58 510
1473 -1.269574752674326 1.8201214370566225 2.5064547659007781 127 130 123 0.1260295400690995 87 804 94 794
1472 -0.088803275293237088 2.0664643097500317 2.221654102496819 56 66 90 1.3114951299665982 9 854 94 789 97 628 52 1231 90 635 83 717 90 659 30 624 30 647 36 592 34 515 13 626 49 733 2 626 77 253 58 361
1471 -0.73859566101618868 1.5476736303139604 2.1444854915856091 99 88 24 1.956960202020205 17 930 94 787 97 722 30 621 30 644 36 587 36 615 29 814 77 327 58 534
1470 -0.72561674332140624 1.050511005435212 3.0053100133846216 0 0 0 0.73565730250065242 17 897 94 783 97 701
1469 0.14418320100004012 1.7404518372320266 2.1876368091381417 93 73 21 1.032734928967183 97 669 52 1226 90 630 30 619 36 614
1468 -0.54534180650864794 1.2972886105938279 2.1591847514891476 250 208 63 0.37352346424729582 17 840 45 601 94 776
1467 0.025708786645692344 1.5293032082731652 2.0030470302381147 72 52 9 0.61315262243711399 17 889 94 773 52 1224 90 559 30 615 36 579 77 152 58 407
1466 -0.45110133977988764 1.1179605420703949 2.2981778001481756 74 64 65 0.5331900485837503 17 920 94 772 97 662
1465 0.041036295934175904 1.4059408480823339 1.7604793982785065 188 165 67 0.57844619870555603 17 919 94 770 97 692 94 807
1464 -0.56805343479570336 0.81194093579755144 1.9057842523526549 255 237 77 1.5622130396388181 17 877 94 766 97 649 29 768 42 1007 34 553
1463 -0.62178985062062242 0.6952369933213125 2.0888497731746991 0 0 0 0.62607468365355867 17 876 94 765 97 648
1462 0.52369133331387996 1.1116813495623503 1.8883536710570863 0 0 0 0.33129863284393835 17 871 42 859 94 760 97 644
1461 -0.98359992707977861 2.004428322153287 2.3008274080525104 35 27 26 0.3062840822589577 17 861 42 967 94 753 97 634 52 1204 90 528 99 1093 83 567 30 524 36 502 29 756 34 533 47 139
1460 -0.81130213703799514 1.1696345264366874 3.1865151191382997 218 203 165 0.24581025974396434 42 915 94 739 97 541 30 353 36 351
1457 0.64896843793670378 0.87014700144941859 1.7003533094901377 0 0 0 0.57220877464253139 17 798 94 708 30 431
1456 -1.1070692652608722 1.4266364020191817 -0.23897351209177581 0 0 0 1.7387482779286134 45 537 94 707
1455 -1.3712639551485237 1.9646276949893726 2.3045298669508352 104 105 97 0.68702366451286878 17 634 64 544 94 703
1454 -0.99515891602612627 2.1163795454303056 2.162039126273736 88 87 82 1.6463295566432166 17 795 94 702 29 631 97 584
1453 -0.79607422389479132 2.1765246173200734 2.1488164648947419 87 86 80 1.5095314531852684 17 791 94 699 97 582 29 625
1452 -0.67049657936538254 2.0514372512890109 2.2854892397966631 78 87 88 0.26880921585949746 17 781 94 689 97 575 52 1014 30 237
1451 -1.1061324424319134 1.6447287650040052 2.688836630072196 117 119 111 0.4141055791705569 42 928 94 685 52 1120 45 391
1450 -0.97499785288614493 1.6047916966691735 2.7104455790000017 77 80 75 0.39122903516960766 42 822 94 675 97 565 52 1117 17 764 29 619
1449 0.12277459257454253 2.448091578995216 2.0040808080646841 86 86 81 0.14580750993641584 45 484 94 672
1446 0.81235517637623056 2.1355703461632669 2.3717793059006422 232 216 178 1.4820213055334213 17 721 94 643 52 1102 90 502 99 1065 83 536 91 364 79 173
1444 -0.73111887078027793 1.0445330190439259 2.366577617467537 138 98 24 0.067477119933789728 17 712 94 631 97 520
1443 -0.77500603757920206 0.83309622824935292 2.1507790048320787 121 102 31 0.39025983308563711 42 759 94 611 97 503
1442 0.39170962290012523 0.99692160439256494 2.0096963438717279 115 126 154 0.22159872997179367 42 734 94 587 52 1037 90 445 30 447 77 14
1441 0.70612495465725555 1.4726802955061633 1.2059964333155602 101 78 16 0.31410986948641328 17 662 94 583 30 438 36 261 97 324
1440 0.53561438744617706 1.2687802040281866 1.2810413995016572 128 108 32 0.74092579653334023 17 656 94 576 97 486 90 228 30 4
1439 0.59896259373685612 1.0325949791930369 1.4903644219560379 9 10 12 0.40200546962424666 17 651 94 572 97 483 90 223 30 264
1438 0.62662553974310331 0.92327008909531982 1.6899074069741664 145 135 97 0.38440278751284557 17 649 94 570 97 317
1436 0.89027936964832821 0.78937457478116368 1.624739543058235 218 195 67 0.57701727754661669 64 0 52 0
1435 -1.3037213851588367 1.9242140897050226 2.3657251259886203 168 163 145 0.60265818191029807 42 715 94 562 97 477 30 256 36 250
1434 -0.86472331892270482 2.0329923409181392 2.2760526084218466 25 18 15 0.049164238854668869 17 619 94 552 52 566
1433 -0.7429272457925562 1.9913059633172985 2.3529484092449047 7 9 12 0.067754910683933592 45 254 94 547 97 466
1432 -0.31884631072329694 2.2440489167394913 2.1316320327088176 29 22 22 0.39506727467059904 42 676 94 541 97 456 30 407 36 220 29 248
1431 -0.95686914325270278 1.6291952022144447 2.6941701426933427 65 69 63 0.093078998604660512 17 596 94 531 97 452 30 390 36 383
1430 -0.95657129189033974 1.6287319723504059 2.6960674194225023 65 69 63 0.15541595848143197 17 595 42 679 94 530 97 453
1429 -0.89904174348289945 1.7517820048754407 2.2889844456467308 57 63 84 0.16268590509538985 17 599 94 528 97 446
1428 -0.81138348455529097 1.7598038265403135 2.223379402914794 53 66 93 0.20871709130436186 17 588 94 520 97 437
1427 -0.80044326354074746 1.7602780521947059 2.2432166449111199 53 66 93 0.29362893648177324 17 589 94 519 97 438 90 346 52 980 99 859 83 328 91 352 30 379 36 371 79 298 13 87 2 113 27 223 77 92 84 213 50 237 66 237
1426 -0.85226483048297341 1.720878193805228 2.2432062774099406 57 63 84 0.55223699954586158 17 310 94 517 97 433 77 184
1425 -0.8983428143297425 1.3892125627028522 2.9613256732763467 130 129 119 0.09693715245342889 17 571 94 506 97 211
1424 -1.055054222154634 1.4836001252535715 2.2472999206897408 100 111 136 0.24336109605889908 42 664 94 503 97 203
1423 0.2590851537407558 2.2628530681099819 2.1962481953048201 218 202 166 0.11265377446291656 17 564 94 497 97 199
1422 0.2590851537407558 2.2628530681099819 2.1962481953048201 218 202 166 0.11265377446291656 17 563 94 496 97 198
1421 -0.90950651198109922 1.218876302337403 3.1244939057649401 230 216 178 0.12654165563787467 17 550 94 488 52 943 30 362
1420 -0.90701664917118729 1.21706871265934 3.1329490573156167 230 216 178 0.25039456942427568 17 549 94 487 97 410 42 795 30 363
1419 0.97224473664333333 2.7408536537069814 1.8836816185320937 0 0 0 0.54539484245360403 17 556 94 486 97 403 36 494
1418 0.35384444596685738 2.2366376801093737 2.2349521025946673 221 205 169 0.045288998184802712 17 547 94 483
1417 -0.84053030903315529 1.2394678403323252 3.1111254260604375 230 216 179 0.26288693944431857 17 540 42 793 94 482 97 407 52 940 30 360 36 158
1416 0.99425341177215643 2.7050737975867025 1.8790177309129352 87 88 82 1.512185232531633 17 273 94 479 52 986 83 571 97 400 36 493 34 258
1415 -0.49220476213623798 1.6872394460192677 2.2216348418789829 5 4 1 0.062240941878523977 42 646 52 944
1414 -0.54109488994860866 1.1704376207919109 2.3714319390756993 50 44 49 0.18328153430464511 17 444 94 440 97 374
1413 1.2948767203412401 2.1100460105911116 2.3588224667840283 242 223 181 0.90541708254951681 17 435 94 438 99 1055
1412 -0.29039012831549094 1.3928905703248677 2.0143027357146428 112 88 21 1.0919199144688774 17 709 42 234 94 436 52 1077 90 474 30 66
1410 -0.74762464548204632 0.97809919282257773 1.8306193888604354 109 86 20 0.14610912712500077 17 422 94 418 97 343 52 623 90 29 30 46 36 50
1408 0.099190831201497631 1.3457191620710198 1.8262582238998184 208 178 67 0.34542119434204172 45 309 94 413 97 342
1407 -0.45123305785962753 1.0998988835515613 1.7612499921299758 250 204 71 0.14311454947682642 17 684 94 411 97 339
1406 -0.49697263633440225 1.0428437618133288 1.7495523809571027 254 234 81 0.3032305471442156 17 415 42 751 94 406 97 46 30 28
1405 0.42484305614516416 1.5091969973373143 1.671825484834996 107 86 22 1.1271455254090212 17 674 94 405 36 273 52 885
1404 -0.32343458545669301 0.85747889144663658 1.9556549806558783 255 225 80 0.53250841344759514 17 668 94 398 30 451 36 431
1403 0.5465408629569708 1.4154586872787847 1.5440487669821534 21 21 23 0.3192628764928005 17 37 94 397 97 33 52 866 45 34 90 251 99 769 83 466 99 1002 91 498 9 558 30 278 36 267 79 390 84 146
1402 0.54785770930460886 1.4137419106977667 1.5427787063205509 21 21 23 0.1687423026296461 17 38 94 396 97 32 36 268
1401 0.63777280809726844 0.96840300263129719 1.6550033113140559 46 47 52 0.16475221278122623 17 392 94 393 97 319
1400 0.63777280809726844 0.96840300263129719 1.6550033113140559 46 47 52 0.16475221278122623 17 391 94 392 97 318
1399 -1.2336460033833749 1.9474280269818875 2.3512441666776058 156 152 137 0.085881482480593838 17 388 94 383 97 476
1398 -1.0218433458186182 1.8432855641896544 2.4805574699013579 107 110 102 0.035234425350117969 17 347 94 339 97 275
1397 -1.0218433458186182 1.8432855641896544 2.4805574699013579 107 110 102 0.035234425350117969 17 346 94 338 97 274
1396 -1.0502435619993187 1.8066664348366341 2.2275795109554957 83 86 80 1.0895376858905694 42 431 94 325 97 256
1395 -1.1391736917338044 1.5689540568078184 2.7431786092360704 75 78 72 0.38409341285281179 42 418 94 313 97 246 52 476 99 254 36 218
1394 -0.40161648975497566 2.0936807392316275 2.2811434883921269 7 7 6 0.19077233623712242 17 600 94 304 97 450 29 254 42 399
1393 -0.74746876752158786 1.8517519714145365 2.3136303397866516 58 67 91 0.3666035157377282 17 320 94 301 52 803 90 200 99 904 9 140 83 170 91 366 30 387 36 380 79 137 13 114 27 113 77 96 58 274 84 103
1392 -0.35143072462938652 2.1088654569021177 2.2701039596667765 6 7 7 0.15768806022246573 42 394 94 299 29 246
1391 -0.99485975958627337 1.5874999597145658 2.3219740347256264 51 53 63 0.25992201591737468 17 305 94 285 30 367
1390 -0.38590115092614685 1.9584465488658342 2.3261734728637196 2 2 2 0.37232972769353362 9 147 94 283 97 214
1389 0.28403439303680916 2.4042010075422602 2.0185065481357971 107 75 64 0.18326214284695397 17 294 94 277 52 804
1388 0.2948812988249519 2.3759563017035426 2.0277563062435324 45 30 27 0.26900790206260633 17 289 94 272 52 801
1387 0.037866765559603915 2.1505005378006312 2.1974624963519607 3 3 5 0.65448209597903195 42 346 94 268 97 202 55 224 90 197 30 378 36 370
1386 -0.8787167380564691 1.3265137883495315 3.0314138540637634 145 141 126 0.30323194122734581 17 278 94 266 97 207 29 469 34 297
1385 -0.97648063271215069 1.4643176994623865 2.2888497658476128 119 132 160 0.4626831830753797 17 282 94 262 97 406 36 136
1384 -0.32307398589557657 1.8701408802053365 2.2063658773780364 11 8 6 0.65699631823821136 9 134 94 261 97 189
1381 0.098684004298437822 2.0552280634655786 2.0982715816310131 59 64 84 0.17508091541482929 17 271 94 246 52 763 83 158
1380 0.13432137299333979 2.0602713213372295 2.1010333796667786 48 55 75 0.76183777827884636 17 269 94 239 97 532 52 1106 90 506 30 503 36 483
1379 0.73239062734063121 2.4044383398449627 2.0944183897828603 232 216 180 0.19609602527937767 17 514 94 238 97 176
1378 -0.3154804635813595 1.7471130006303552 2.1644353418183071 8 6 3 0.031033927154367241 17 267 94 233 97 165
1375 0.88248228945013307 2.4481106519527303 2.0817505692622005 232 217 181 0.079426265244937094 17 492 42 575 94 223
1374 -0.21787470842535886 1.740520230308648 2.1427156631681346 100 84 22 0.49008905047669354 9 123 17 484 94 203
1373 0.8775681245525162 2.283145663686502 2.2323237930994573 232 216 180 0.13581451608042394 17 243 94 186 97 135
1372 0.8775681245525162 2.283145663686502 2.2323237930994573 232 216 180 0.13581451608042394 17 242 94 185 97 134
1371 0.74135393900215929 2.2121819035042058 1.9074334497261547 234 219 183 2.9232485453621693 17 214 94 157
1370 1.2234125849637119 2.3238425860618088 2.1978277826888588 242 226 186 0.21395105488315388 17 195 94 144 52 721 90 105
1369 -0.55751910692769413 1.3265713442820835 2.13438145285002 254 217 63 0.18003009377720169 9 83 17 201 94 133 52 662
1368 0.30736608266028209 1.7562623283509278 2.102229946289452 87 56 9 0.24264111320363271 17 176 94 112 52 923 90 312 99 631 83 287 30 91 36 90 27 201 84 182
1367 1.3256243841918913 2.1408880562389143 2.471812663613111 237 220 182 0.30202226966147766 17 155 94 111 97 105
1366 -0.40465702434650208 1.3417351825179633 2.1212287036594257 242 192 51 0.10912570463088285 17 446 94 106 97 94
1365 -0.40465702434650208 1.3417351825179633 2.1212287036594257 242 192 51 0.10912570463088285 17 445 94 105 97 93
1364 0.041572853915057995 1.6195869592326668 2.009211131886766 57 39 5 0.14649520352129405 17 172 94 104 97 91 52 667 90 299 30 80 36 82
1363 0.35075612856748972 1.7157251682260046 2.0692567880513373 85 58 9 0.1417862970858324 17 148 94 95 97 87
1361 0.33433035000163758 1.6894800456882733 2.0272618909009528 109 90 23 0.17428512273100566 17 138 94 92 97 80 52 656 90 297 99 800 83 275 91 315 30 317 36 306
1360 1.1812308479719797 1.8193806187899935 2.6608480958348557 115 101 77 0.33726486116711279 17 109 94 88 97 83 52 669 90 79 99 634 83 101 91 107 79 89 13 127 49 127 2 163
1359 0.050696157258348196 1.4522342177316454 2.0120483965994422 168 138 52 0.16023984449525863 17 110 94 81 29 90
1358 0.38890074813693737 1.6364449445102673 1.9538769617071039 31 38 51 0.18993606338710345 17 108 94 80 97 71 42 156 52 643 90 56 9 93 99 599 83 67 91 79 30 62 36 68 27 186 84 29
1357 0.18802244686682412 1.5627353168944682 1.8654955496486854 29 34 45 0.057948383536127558 17 106 94 76 97 66
1356 -0.036496442289874947 1.4881823126814988 1.7285026464158009 100 114 145 0.21332020818593364 42 178 94 72 97 65
1355 0.42477214579096007 1.0587128197788698 1.8862284805795424 34 31 26 0.28850120908125332 17 34 94 34 97 28 52 30 30 22 36 25
1354 0.51270723316174138 1.4205874554501481 1.297818988173161 126 115 37 0.304295057681638 42 49 94 32 97 25 52 603
1352 0.58977670794497739 1.2894257447501198 1.2415591741908916 138 125 40 0.11283325263296161 17 23 94 19 97 11
1351 0.58977670794497739 1.2894257447501198 1.2415591741908916 138 125 40 0.11283325263296161 17 22 94 18 97 12
1350 0.67900824154038597 0.98307452577526977 1.6628516319418882 137 116 37 0.11684262673351753 17 9 94 8 97 8
1347 -0.27718839597116052 0.84420247577414242 1.9406251639065522 0 0 0 0.50915876574100416 42 864 17 806 94 589 97 599 52 861 90 444 30 445
1346 0.53166951811077368 0.87282475976591678 1.7117026958441686 0 0 0 1.3149140795758616 17 967 45 675 7 818 94 853 97 747 52 1296 30 673 36 650
1345 0.37958425437786647 0.93335843580340849 1.9713966296353354 0 0 0 1.2069533200535194 64 769 42 938 17 867 55 525 45 496 94 759 97 643 52 1215 90 616 99 1192 83 702 30 600
1343 -0.58364617931173834 2.1098897345129473 2.2169487553580409 30 24 22 1.0880817255157431 24 307 40 383 87 406 15 231 93 269 9 505 42 686 17 613 87 580 45 471 42 830 94 546 97 252 52 1015 90 211 99 719 30 236 36 226 69 302
1340 0.42054817610883777 2.6582242315071918 1.9783539153383498 0 0 0 1.0189246622274126 42 1063 17 984 94 876 52 1312 90 719 29 843 1 551
1339 -0.75484250420914834 0.82568007438016044 2.8052322655611452 0 0 0 1.1214106139672149 17 981 94 873
1338 0.064407966150544227 1.3477122175883911 1.9179810010340219 172 113 53 1.0699620906327891 42 1054 17 978 94 865 30 684 36 665
1337 -0.91566503681674893 1.6578422146535718 2.2908930650749229 3 5 10 0.52008400276051014 42 1049 17 975 94 861 97 755 42 1050 36 669
1335 0.93149602864569592 0.848532560470318 1.7062793923368575 139 124 42 1.8732502482569031 42 1045 17 966 94 849 97 737 52 1295 90 710 29 819
1334 -1.0309981174265503 1.7344520844055373 2.4040341430907723 104 105 96 0.44779286573424459 42 1038 17 961
1333 -0.61719834653394468 1.9575799450121354 2.2845263748626645 4 4 6 1.4793861782596869 9 910 17 960 97 746 34 638
1332 -0.21878541840177604 2.0870422050924202 2.2545866363172182 2 3 4 1.1019091387346507 42 1036 17 958 97 735 29 815 77 332
1330 0.34271468192372295 1.1401936739977343 2.0479224562682274 0 0 0 1.0569528585419752 42 1030 17 953 94 842 97 714 52 1281 90 683 30 652 36 632
1329 -0.15240181551344664 1.7284410713908096 2.1493168514255063 89 72 15 0.61969237801770016 42 991 17 946
1328 0.63960606992119451 1.5646255970344891 1.3799581575968274 104 91 25 1.4344709940551945 42 1000 17 936 94 803 94 841 97 689 52 1280 90 682 83 738 99 1269 30 660 36 603 36 641 29 788 34 477 27 480
1327 0.13743816984676793 2.0623004543196464 2.0089329926602986 12 11 11 1.5664986046576046 42 992 64 731 17 929 94 817 97 703 52 1258 90 657 30 645 36 616 29 797
1326 0.95469511465349965 1.6670410343432429 1.2899201534335794 166 113 25 1.2103211150149102 42 976 55 876 17 911 94 798 97 685 52 1269 90 680 83 752 30 633 36 601 29 725 34 373 27 481 77 210 58 390 47 14
1325 0.53451360913944046 1.296125376053159 1.5931286164513014 147 130 55 0.28885402525939535 42 941 17 910 94 797
1324 0.58250753865442995 1.4512512737411993 1.2368954341503631 102 89 25 0.28225859970668393 42 973 17 909 94 795 97 682 29 723
1323 0.56181385562227981 1.3431877259540803 1.4812102814143966 62 45 12 0.99580356646027623 42 974 17 908 94 796 97 683 36 600 34 579 77 293 58 493 47 173 81 323
1321 -0.71718115245544323 1.8803079039917283 2.3667054248015309 50 59 80 0.81031743675954071 9 853 42 964 17 903 94 791 97 709 52 1264 90 661 99 1244 83 695 91 726 30 650 36 626 79 564 13 560 49 683 2 539 27 415 77 316 84 425 50 409 66 408
1320 -0.87769334040249003 1.2382796336031106 2.1351255281533557 141 0 0 0.16744092212035347 42 957 17 898 94 782 97 671
1319 -0.60901106428131968 1.3713656383863668 2.1105655499514908 90 73 16 0.82305502614302817 9 848 45 631 17 896 94 780 97 668 52 1173 90 565 99 1140 83 615 91 656 30 552 36 466
1318 -0.81066868387455138 1.1671561539798712 2.3523034008869796 179 140 36 0.30803812314241186 42 990 17 893 94 779 97 670
1316 -0.023370824925820294 1.6119050883440063 2.0070460487373034 106 87 20 1.1272876659465891 42 954 17 891 94 774 97 663 52 1169 90 566 99 1142 83 514 30 551 36 527 77 235 58 332
1315 -0.6875164676072022 0.9161002354058122 2.4188850209911985 123 111 76 0.85115942201475914 64 623 17 888 94 808
1314 -0.14370400885595805 1.3319689682305687 2.0732350029492079 47 35 6 0.3634381877553679 55 860 17 887 52 1223 90 627 99 1208 83 683 91 716 9 844 30 614 79 489
1313 -0.14490718098206604 1.3381200953329218 2.0741733694771742 47 35 6 0.10058337459664669 42 952 17 886 94 771 97 661 30 613 36 575
1312 0.4237045443826255 1.2271984743771944 1.5259678639792091 7 10 15 0.59443159208169372 42 940 17 870 94 714 97 492
1311 0.95520745793302997 1.6049997158387661 1.2530376922916244 0 0 0 1.5768158021659424 42 858 17 869 94 715 29 722 47 83
1310 0.62219731690493407 1.1469253154582351 1.7515561089322775 152 134 58 0.25969752624939585 42 972 17 868 94 758 97 642
1309 -0.93841101791100834 2.1404063638123336 2.2023805182930691 87 87 82 1.5662212742344543 9 814 17 864 91 679 34 450 81 214
1308 -0.81618349262392309 1.8637585920648962 2.3969279406762101 47 55 76 0.83646587485797275 17 857 52 1197 90 638 83 639 9 803 30 627 77 104 58 374
1307 -0.97481082460969604 1.6870866003252762 2.6365236380911572 106 107 97 0.36113165062258673 42 923 17 856 94 749 97 631 52 1118 90 378 36 500
1306 -0.85443003149395436 1.3018861968660536 2.0271632722840178 35 46 67 0.21963027977730332 42 911 17 847 94 735 97 620
1305 0.033513588260908 1.8109660849347298 2.098988016827589 14 7 4 0.4612947232573899 42 907 17 846 94 784
1304 -0.75472012706615177 1.3293540589790078 2.1265292952267294 243 198 62 0.43593521650026007 42 779 17 844 94 736
1303 -0.75978053607962359 1.2332097228940642 2.0358015727401262 148 111 29 0.65564713189759705 42 901 17 841 94 634
1302 1.2855671473544485 2.2977206010979132 2.1905298239636859 0 0 0 1.0556953296524303 42 987 17 838 94 777 52 1099 90 571 99 1217 30 560 36 586 29 679 79 567 77 173
1301 -0.022307194436149341 1.4143860014338443 1.7742554506837498 224 196 101 0.16470042563199491 42 878 17 828 94 616 97 505 30 471 36 448
1300 -0.022307194436149341 1.4143860014338443 1.7742554506837498 224 196 101 0.16470042563199491 42 879 17 827 94 615 97 504 30 470 36 449
1299 -0.78749049393469472 0.91273537578268804 1.880553606813844 254 229 73 0.62435351813531925 42 881 17 824 94 607 97 340 90 258 99 762 30 43 36 47
1298 0.080559832051652347 1.4082152116886388 1.7006951609810324 0 0 0 1.1494739529868894 17 823 94 722 97 608 77 217
1297 0.40994998211113931 1.22982976961922 2.0420021202545038 156 130 52 0.31850860141971932 42 944 17 817 94 719 97 604 52 1154 90 458 30 537 36 441
1296 -0.54150636669800956 0.72320725293293864 2.0226759632830853 0 0 0 0.62022919769626761 42 946 17 811 94 718 97 601 52 1146 90 443
1295 0.4897058635864443 1.391254834130925 1.6119969043180067 141 122 50 0.26929782916563577 42 863 17 809 94 717 97 600 52 1042 90 256
1293 0.88214210551089389 1.5044721725824373 1.2394364390936843 0 0 0 1.3168360281856859 42 937 17 802 94 712 90 615
1291 0.59956455314903634 1.3236986813423486 1.1860671842669639 149 128 40 0.44923763916582304 42 855 17 800 94 710 97 595 52 1031 90 436 30 432 36 413 29 648 34 363 77 119 58 290 81 135 47 1
1289 -0.60531838845002184 2.2375123554241236 2.1594430939942799 86 86 81 1.188020641824697 55 707 17 788 99 1108 83 581 29 618 94 695
1288 -0.91894847668204571 1.6245266520758916 2.6618456655300089 71 74 69 0.22067341718197397 42 819 17 761 94 673 97 561
1287 -0.90598805174518882 1.6661851723095364 2.2039727681095886 7 8 11 0.51892692688860897 42 813 17 755 94 667 97 551
1286 0.66272625205907709 2.113280919250875 2.3124689236570495 232 216 178 0.44175460611893969 42 771 17 722 94 644 52 939 90 326 99 845 83 327 91 363 30 349 36 341 79 167
1285 -0.78422663852882879 1.0905555248244163 2.4740744024901211 90 64 10 0.38990826811251916 42 904 17 716 94 636 97 525 36 465 29 693
1284 -0.73114036752139133 1.1144054416194755 2.4212391997384626 41 44 59 0.54596011181070669 42 774 17 714 94 445 97 378 29 577 34 254 77 57 58 80 81 42 1 244
1283 -0.39040073616929016 1.4224732136659397 2.052266418751187 72 53 8 0.49063735161032512 42 898 55 596 17 713 94 633 97 522
1282 -0.74807847061038191 1.0161864170532644 2.4025593868922139 144 0 0 0.15792563156895351 42 894 17 711 94 630 97 518 30 312
1281 -0.83764723441738753 0.98496048175104056 1.816908007159598 253 227 76 0.32243839440225291 42 887 17 695 94 424 97 351
1280 -0.42116142326293926 1.1659251606604715 1.7878669393495608 32 41 60 0.23248497148862077 42 756 17 690 94 610 52 1051 30 289 36 274 29 74 77 24 58 207
1277 0.45107484211710791 1.3052529892602136 1.9941768688226094 129 92 20 0.74939539056279136 42 741 17 670 94 599
1276 -0.31789480910144285 0.80824429467740255 1.9982397268999241 0 0 0 0.23551052413785523 42 739 17 667 94 591 97 496
1275 0.59561712634527708 1.4349093234509922 1.5403518882846561 92 71 16 1.1247431138068904 64 333 17 665 94 592 52 1149 30 533 36 513
1274 0.64112983198392048 1.0972460389512746 1.8359173277840772 14 14 13 0.077403896455471952 42 730 17 660 94 585
1273 0.39428786531125615 1.005456048659336 1.7826494088612148 128 144 178 0.16049884745768353 42 732 17 659 94 582 97 325 52 595
1272 0.45362300606180939 1.2055656744939489 1.4339449973024943 5 7 12 0.38684702823186795 42 481 17 658 94 581 97 488 30 437 36 416 29 368
1271 0.48222974345760317 0.93145863972632026 1.7988428493747965 0 0 0 0.41400045342215358 45 10 17 655 30 434
1270 0.64424092391271681 1.2900834544887179 1.1187697581294325 249 218 88 1.1280462589543796 42 854 17 654 94 709 97 593 90 534 99 1112 83 220 52 13 30 430 29 720 34 575
1269 0.5666562439541396 1.0769882195412417 1.4258876437243473 124 137 168 0.41971691237897774 42 726 17 653 94 573 97 316 30 3 52 594 36 255 29 527
569 0.7996648578487906 1.0843593264465514 1.8872202221657113 255 231 60 0.30571005934448076 40 915 95 925 87 955
541 0.080382404451800199 1.7278826694270091 1.8994350476958468 72 86 118 0.033296052588780448 40 846 95 870 87 895
540 0.60130354905717687 1.5581956182174193 1.3704356141820306 105 92 27 1.1546810343324003 40 773 95 786 87 894
539 -0.84980023760346879 1.5917471576135485 2.2479007100877801 11 10 5 0.092468756594256421 40 836 95 860 87 889
538 -0.48732102426341262 1.4966387758299649 1.9813300738923325 255 217 58 0.30525458369494168 40 833 95 862 87 888 93 802 7 660 45 342 9 598 99 804 83 271 91 309 79 263 18 476
537 -1.0842212006481433 1.5635147327037384 2.2347454715229604 0 0 0 1.1320596769343614 40 831 87 887 95 856 91 725 9 792
536 -0.0059062558155415223 1.4147768649226153 1.77642377961918 205 176 56 0.066052999547996163 40 838 95 863 87 884
535 -0.21494855464678878 1.4617268677424142 2.0243505207327659 110 69 8 1.6913042956335707 40 834 95 859 87 883 7 734 26 699 60 1061 53 699 9 786 97 615 64 787 52 1168 90 476 99 1135 83 504 91 654 89 686 68 670
534 1.7527582831103456 1.6830317303183957 4.9497347326355658 0 0 0 0.93236058604027738 95 853 87 880 40 832
533 0.23499767785531356 1.3158632416086529 1.5155894194690598 84 78 46 0.20832918022307126 40 753 95 773 87 878
532 -0.15271002178097096 1.4073972112482165 2.0516832624726162 228 179 46 0.30097785512238978 40 830 95 854 87 877 7 727 26 737 89 681 68 666
531 -0.14969124679929804 1.4054983718983622 2.0456719377739772 228 179 46 0.37105297775633367 40 829 95 855 87 876 7 728 55 819 45 534 9 583 64 826 17 835 52 1076 90 473 99 1029 83 499 91 526 30 481 79 31 89 682 68 667
530 1.2291160304512148 1.2472636982156167 1.7584708406787861 254 252 117 0.72891106155850016 40 835 95 857 87 875 93 854 7 703 26 723 60 1097 53 720 82 697
529 0.26512526780490281 1.2598648367760668 1.4994629245725752 240 207 70 0.25410293394222949 40 877 95 894 87 874
528 -0.14879304194788226 1.340371404638115 2.1042863008070087 36 28 9 0.043094960940294726 40 825 95 847 87 869
527 -0.92451915629332815 1.3435646956118161 2.100887816237837 114 113 100 0.25793316633226809 40 822 95 842 87 866
526 0.56071837798535618 1.161504439027643 1.3608653770201056 196 205 231 0.30632929526551905 95 849 87 863 40 827
525 0.03380665359174137 1.2637754485425678 2.506492554288879 31 32 39 0.14677835188696214 40 820 95 890 87 861
524 0.65646613597357573 0.99150897348849776 1.5223266627274581 155 164 185 0.26712463595367142 40 818 95 838 87 854
523 0.17935972937793535 1.0215728658067171 2.1070819559651373 0 0 0 0.56452896336303704 40 731 87 853 45 510 9 767
522 0.33194881931699527 0.9860698171872091 1.8882662292171366 0 0 0 0.49261793747488225 95 749 87 851
521 -0.68922965145169957 1.0012425545427812 1.8092193041694917 255 223 59 0.067596018794728388 40 809 95 832 87 850
520 0.67961154139187674 0.91196615460716313 1.6024334124027839 192 203 231 0.51872374008383448 40 814 95 836 87 848 9 526
519 0.67807380783199411 0.9096851977666538 1.5841878564674292 192 203 231 0.14855051296372146 40 813 95 835 87 847
518 -0.69749059567990268 0.74082015945570845 2.1186793077808144 255 234 74 0.12572474008142601 40 807 95 830 87 844
517 -0.62837226253011946 0.69226515845791248 2.0917162207867643 0 0 0 1.1916084055584679 40 711 95 727 87 843 15 333 7 748 55 851 69 565
515 0.86403469917058284 2.5433915182534306 1.9371347254032711 227 210 173 0.57085124410653265 40 800 95 822 87 839 45 432 94 243 18 435
514 1.1344836001763594 2.1779237235659408 2.2939217952123623 238 221 182 0.067467477040266732 40 792 95 812 87 829
513 -0.59927288013274382 2.071751112817346 2.2867971359628863 80 89 90 0.28275020662874656 40 849 95 796 87 817 7 740 55 780 26 710 60 1087 53 707 45 459 9 681 42 924 17 779 94 686 52 1013 97 572 90 410 91 447 30 235 36 225 29 707 82 610 21 752
512 -0.66243725107455653 2.0536900217495866 2.3009518113545844 77 86 88 0.3139484988678215 40 776 95 792 87 815 15 636 7 688 55 781 26 711 53 708 45 465 9 678 99 971 83 444 91 443 82 613 4 739 18 491
511 0.45953740833317042 1.9577728046412031 2.3198908913180825 235 213 168 1.3161954397151945 40 550 95 554 87 814 18 376
510 0.27077345805005149 1.9930410347081853 2.4416482301183819 79 66 53 0.037592978023090105 40 850 95 795 87 813
509 1.4510885494416164 1.9233596890792746 2.6998320068866146 249 230 189 0.18105130452332402 95 794 87 811
508 0.19492948741426488 1.8155516470835 2.3539381913538286 65 47 8 0.15775574420018429 40 532 95 537 87 808
507 0.19492948741426488 1.8155516470835 2.3539381913538286 65 47 8 0.15775574420018429 40 531 95 536 87 807
506 -0.90383769942983316 1.6543568891791258 2.2329324449885131 8 9 16 0.13500785230074283 40 761 95 777 87 802
505 -0.0040825809484031361 1.4999875298704928 1.7271279102117281 89 106 144 0.1257065610573147 40 763 95 779 87 801
504 0.085222775459207228 1.3711282125031607 1.8152484331043319 210 177 59 0.076963979638745142 40 752 95 772 87 797
503 0.085222775459207228 1.3711282125031607 1.8152484331043319 210 177 59 0.076963979638745142 40 751 95 771 87 796
502 -0.2916660806375112 1.4110317364735319 2.0425692741733767 254 224 58 0.74721697630371609 95 852 87 795 93 724
501 -0.29788443365470818 1.4117508591515935 2.0827137511381606 254 224 58 1.473488882782779 95 851 87 794 7 435
500 -1.0832118567041433 1.4853854426803879 2.2565024272739316 89 107 143 0.18563639335334375 40 504 87 792 95 499 9 791
499 -1.0811980611798826 1.4852687582934097 2.2530459700978152 89 107 143 0.24829940154772995 95 498 87 791 40 503 9 790 91 658
498 1.1121873941906493 1.2657193561053761 1.7148617041010343 4 3 1 0.3132630279612289 40 757 95 774 87 789
497 -0.22286542099918324 1.3909327447568018 2.0639667592804773 246 197 51 0.043350199339984789 40 750 95 767 87 787
496 -0.2752171131961324 1.3467620288042899 2.0604768317956439 22 22 27 0.086783234155868208 40 747 95 765 87 783
495 -0.74080432674569974 1.2747688726244717 2.019474229697356 6 6 7 0.13788297704702809 40 740 95 758 87 778
494 0.85703014321901594 1.1031492711730431 1.873695502583828 255 213 52 0.07265658335939483 40 742 95 759 87 776
493 0.39393872255723728 1.0049627928728224 1.8035042913532713 148 159 189 0.093656785464423839 40 480 95 750 87 768
492 0.41276788244871521 0.86961654322750481 1.8435531896216557 0 0 0 1.1742319735627955 40 722 95 735 87 760 7 603 55 716 45 494 9 757 60 1029 64 562 42 729 17 799 94 575 97 322 52 1030 90 437 99 991 83 457 30 433 36 415 58 299
491 0.91841738005279538 0.81996324360733397 1.6287765505010112 190 114 13 1.3167787387431389 95 736 87 759 40 723 15 782
490 -0.79509397516738733 0.742183786685778 1.9928748271499774 0 0 0 0.19153167997673282 40 712 95 728 87 753
489 1.0417370403477824 2.7820634778640052 1.9878143037306537 65 63 61 1.5351315295402423 40 806 95 725 87 752
488 0.81999103802882989 2.6325824765778409 1.8374109866964516 66 66 65 0.17862428280768719 95 450 87 751 64 152
487 0.96817612680889786 2.521808102445787 1.9804716249351642 233 218 180 0.065050139937577744 40 707 95 720 87 747 15 597
486 0.92551093982217836 2.4599691919579842 2.0531176335105847 234 218 179 0.062754401485527481 40 703 95 713 87 739
485 0.14100867108877801 2.5499322873488093 2.1534549026778786 0 0 0 1.8421520442368526 40 434 87 738 95 446
484 1.1075047189339076 2.4013437575249679 2.1151410792061469 236 220 180 0.078937746400134817 40 697 95 709 87 732
483 0.78835575618677056 2.419390019050546 2.0757955619346653 233 217 178 0.072610827960060853 95 704 87 727 15 565
482 0.45326874830861708 2.4150344357953943 2.0589182413904159 105 71 53 0.74804545858462546 24 631 87 717 93 616 60 900 69 677
481 0.49686411240398332 2.3647548610523983 1.9998045160922602 227 208 169 0.65122518510596117 40 675 95 690 87 715 42 625
480 1.1301907525236969 2.3514919451740428 2.1578782497520632 237 220 181 0.14057759334751307 40 683 95 695 87 713 15 594
479 0.58738357164701405 2.3637070066511634 2.1219977698054762 234 215 175 0.014928471283484521 95 682 87 701 40 665
478 0.36007005118396196 2.3468657852148587 2.0686188438248387 221 204 166 0.11398029506374939 40 657 95 671 87 699
477 1.1572969555967159 2.3051010178781097 2.2144661240115173 233 218 179 0.35954035254497185 40 666 95 680 87 697 7 463 9 659 64 355
476 0.83731846421635892 2.3299665045218432 2.1853697173012572 234 217 177 0.059971460469455763 40 661 87 694 95 676
475 0.83731846421635892 2.3299665045218432 2.1853697173012572 234 217 177 0.059971460469455763 40 660 95 675 87 693
474 0.45305270337182579 2.3214444979173536 2.1400612046740544 228 210 171 0.04954620901386355 87 684 40 645
473 0.45286335471267281 2.324471889465062 2.1488158791582808 228 210 171 0.082830354876844592 40 644 95 658 87 683
472 1.0884915282791854 2.2831000495284508 2.2161564850442996 236 218 178 0.16015266579590751 40 656 87 681 95 667
471 0.92799716070810923 2.2942504161488966 2.2006513835617558 234 217 177 0.19131900192113863 40 653 95 665 87 680 15 560
470 0.92799716070810923 2.2942504161488966 2.2006513835617558 234 217 177 0.19131900192113863 40 652 95 664 87 679 15 559
469 0.86104754657208382 2.2714052572475927 2.2053283724378594 236 218 177 0.097267485702667883 40 642 95 655 87 671 45 223
468 0.38423093774817069 2.3074166041269404 2.1699774327746058 223 206 168 0.069248279870995758 95 648 87 665 40 635
467 0.38423093774817069 2.3074166041269404 2.1699774327746058 223 206 168 0.069248279870995758 40 634 95 647 87 664
466 0.47614257116067915 2.2777411128000469 2.1980561494590587 230 212 172 0.026956780533655952 40 628 95 640 87 656
465 0.31760756003793056 2.28376159958811 2.1725977192381691 221 204 166 0.089303421921339818 24 557 95 634 87 653 40 625
464 0.56775168925837638 2.2469495486616511 2.2245962193928159 234 216 173 0.057421329234331298 40 621 95 628 87 650
463 0.40937378374988337 2.2549274211409092 2.2031293586423795 226 208 166 0.068706170701912164 40 619 95 626 87 648
462 0.72828658988869099 2.2347863133860479 2.2438603758282016 239 219 175 0.33460722524879627 95 631 87 644 7 489 55 606 26 478 60 815 45 367 9 660
461 -0.38116116430791469 2.2979474872238685 2.1143440442754984 66 66 61 0.40145857903850013 40 412 87 642 55 705
460 0.6590397150931625 2.2215797904153147 2.2676334479449154 233 216 175 0.090419014861814515 40 614 95 623 87 641
459 0.6590397150931625 2.2215797904153147 2.2676334479449154 233 216 175 0.090419014861814515 40 613 95 622 87 640
458 0.49914869767444514 2.2368545300213687 2.264100985000411 230 212 171 0.11107389566323399 40 609 87 639 95 621
457 0.49914869767444514 2.2368545300213687 2.264100985000411 230 212 171 0.11107389566323399 95 620 87 638 40 608
456 0.59149268707996971 2.2007758503571018 2.2764483981509644 234 216 175 0.03115247256422753 40 604 95 614 87 634
455 0.59149268707996971 2.2007758503571018 2.2764483981509644 234 216 175 0.03115247256422753 40 605 95 613 87 633
454 0.52387336302874932 2.1842955724397255 2.2974902018435124 234 214 173 0.066908021075349475 40 597 95 605 87 625
453 0.52387336302874932 2.1842955724397255 2.2974902018435124 234 214 173 0.066908021075349475 40 596 95 604 87 624
452 0.45616117307885262 2.166439667286935 2.3183682221257298 228 209 168 0.072843467230916906 40 588 95 595 87 619
451 -0.19199282403925713 2.1907374687518679 2.2050790630249111 90 96 93 0.37191645098279674 40 785 95 587 87 613 7 685 55 692 26 649 60 1013 53 631 45 453 9 508 64 641 42 810 17 760 94 524 97 443 52 1005 90 205 99 961 83 195 91 457 30 231 36 215 29 449 82 481 4 560 33 373 68 75 21 406 34 274 18 374
450 0.9323802704801778 2.1138785243212168 2.3391761513367366 239 221 182 0.15620817879077267 24 605 87 611 15 505
449 0.54997374014483391 2.126065016128329 2.3169787792003453 236 215 172 0.16631336001918898 40 581 95 588 87 608
448 0.38815045523368558 2.1463141325052799 2.3300446427720103 223 203 162 0.074643289279777883 40 580 95 584 87 606
447 0.38815045523368558 2.1463141325052799 2.3300446427720103 223 203 162 0.074643289279777883 40 579 87 605 95 583
446 0.48130665828504726 2.1139843705237906 2.3524503955590381 230 210 167 0.073020033115846858 40 573 95 579 87 601
445 0.31978380486421898 2.1335581541105069 2.3660084353363291 221 201 158 0.12009666737419127 40 571 95 577 87 600
444 -0.75795317955470198 2.1620390900606976 2.1402984476242803 83 82 77 0.56565273794713622 40 391 87 598 64 522
443 0.41383898283092524 2.0918817347048364 2.3587816927597816 225 204 162 0.048959815861853433 40 566 95 571 87 589
442 0.34495258272092022 2.0803872399182421 2.3992602317442779 220 199 157 0.051700851834838919 40 561 95 566 87 583
441 -0.92849389573802155 2.1765142167379126 2.3004589349825944 75 75 69 1.3312135326324694 40 384 87 582 7 597
440 0.66388213028262089 2.041903100436389 2.3879061990179151 238 219 178 0.68751688862661553 95 567 87 581 40 562 93 535 7 455 55 589 45 355 9 641 90 322 99 838 83 316 91 356 30 126 69 632 41 324
438 1.5537143640461915 2.3635843677912267 4.1578582907368169 238 220 182 0.24959409875629801 40 552 95 556 87 574
437 0.52679171182152074 2.0083021965983106 2.4261976616416527 237 215 171 0.12202448538746695 95 558 87 571 40 554
436 1.4609232922966424 2.3325440891164839 4.157139398137085 237 219 180 0.27365498879525885 40 548 87 570 95 552
435 1.4609232922966424 2.3325440891164839 4.157139398137085 237 219 180 0.27365498879525885 40 549 87 569 95 553
434 -0.72868135544657853 2.0294056065365096 2.317098751145815 73 82 83 0.30404439402402567 40 541 95 791 87 566 15 384 7 569 55 701 26 651 53 639 64 754 82 616 4 678 21 607
433 0.015072879968338643 1.9287912341328628 2.1863994279843788 4 4 4 0.43113451699800415 40 373 87 565 95 407
429 -0.317192892557836 1.6797777030892338 2.1039964768351007 103 73 13 0.10278059367134477 40 525 95 522 87 546
428 -0.39579851552487655 1.6760400688122241 2.0925483967808427 112 101 28 1.3321318906711426 40 524 95 521 87 544 7 478 55 767 45 607 9 871 42 959 94 833 97 720 52 1276 90 676 99 1260 83 732 91 769 30 662 36 647 29 741 79 612 77 340 58 533 47 210
427 -1.0305184323153065 1.6441024705706688 2.0861264265804209 128 132 124 0.18784233075866941 40 513 87 540
426 0.030848470634109254 1.4624740962029918 1.734565496828222 89 84 31 1.2542394684718718 40 516 87 534 95 365 55 568 7 321 26 305 60 655 53 144 64 390 42 755 17 693 94 617 90 467 99 1020 83 490 29 546 89 185 68 71 34 231 81 19
425 -1.0505862547460101 1.6389278908252383 2.284782400993711 128 131 122 2.953044922376808 24 253 87 533 15 197 40 755
424 -0.090479846397901437 1.3579889593457051 2.1004620933321587 196 164 58 0.061009201631074685 40 505 95 500 87 526
423 0.32627618814874104 1.2566958100908272 1.4722573743688683 49 50 61 0.26408792083993243 40 508 95 769 87 524
422 -0.21701439459976066 1.3146889363806595 2.1383119174491507 255 207 55 0.099922833500702274 40 322 87 519
421 -0.21633603944528548 1.3143285535545675 2.1348852008627413 255 207 55 0.078063882039045615 40 321 95 494 87 518
420 -0.63324453792805935 1.3107152972189144 2.0192217657881248 230 182 49 0.24216281607078938 40 310 95 337 87 516
419 1.1534668968995871 1.16472117198633 1.7926759854138175 30 21 6 0.6960081371819431 95 497 87 515 60 750
418 0.064500499479822976 1.2648834997737013 2.234344251633996 23 26 32 0.22511256576787039 40 498 95 761 87 514
417 -0.56521389940502464 1.2573574370508565 1.8918444906031677 8 8 9 0.1960265181113939 40 497 95 492 87 513
416 -0.098589834901082779 1.2231203805026591 2.2779049065119348 166 97 8 0.21993200748774144 95 488 87 509 40 492
415 -0.35703868714465303 1.2411398648648297 2.2481566265144601 255 215 61 0.045635902428230506 40 490 95 486 87 508
414 -0.42558813543165053 1.1734908482408792 1.7944530332273212 51 64 91 0.20694572148796994 40 739 95 755 87 505
412 -0.35963388385550543 1.1368216863004998 2.0111249217623217 255 209 55 0.29561132776505067 40 485 95 481 87 500
411 0.44295602667998946 1.0209555224914957 1.7774269127428211 33 34 42 0.16746095786178958 40 484 95 479 87 499
410 0.703516162324068 0.98394792716186308 1.4793305177884768 3 2 1 0.24340596399826933 40 487 95 480 87 498
409 0.49027807949078572 0.99553458583725307 1.7697798827440778 6 6 8 0.10800016850654397 40 481 95 478 87 497
408 0.861655823389613 0.95299149675008643 1.9132910737668669 165 94 15 0.34411500154452523 40 478 95 315 87 496 40 293
407 0.49449464289269085 0.95754107511835729 1.9025758232092742 208 212 231 0.10642711057560805 40 728 95 747 87 495
406 0.49449464289269085 0.95754107511835729 1.9025758232092742 208 212 231 0.10642711057560805 40 729 95 748 87 494
405 -0.45986598549986757 1.0010349487325365 1.8208496649857071 255 239 69 0.2169059277761384 40 475 95 474 87 491 43 153 92 402
404 -0.37156898032798702 0.97241441160599462 1.8560700400927197 255 238 72 0.14452999573412936 40 470 95 471 87 489 43 162 92 412
403 0.73108483349429709 0.90360292904233319 1.6583157037418745 0 0 1 0.10827315713342715 40 727 95 744 87 486
402 -0.27369492284781771 0.95263620271826954 1.8850452060303198 255 241 70 0.062126420244477558 40 468 95 469 87 484
401 -0.65923322555024044 0.94241423550266945 1.8642352923158909 255 233 69 0.596850808542428 40 464 87 483 26 616 60 984 53 629 64 727 17 420 94 54 82 607 4 656 33 677 78 677 54 727 3 705 44 644 89 634 68 547 32 678
400 0.71721167744131953 0.85354879059692002 1.6678889745921697 172 179 200 0.54929621865577871 40 473 95 470 87 481
399 0.974703627036135 0.82005641880589575 1.6913980226709961 255 251 74 1.3236577079259431 95 467 87 478 15 734 26 229 60 743 68 694 89 654
398 -0.27433865415521963 0.84647909300481772 2.017768612566071 254 250 70 0.17680187176521794 40 458 87 476 93 417 24 427
397 0.9802094794714431 0.77495628304142916 1.6998929296280743 0 0 0 1.4231415541366415 40 465 95 466 87 475 15 727
396 -0.79110673312894031 0.8383341184325882 1.9012995219078617 255 237 76 0.11970517719023895 40 454 95 455 87 473
395 1.1415466337763813 2.3077053200133015 2.2237049758969234 230 216 180 0.13375243488709249 40 427 95 443 87 447
394 0.84770464438829973 2.2684295310844007 2.2041695789185329 231 215 178 0.19373639203649073 40 420 95 436 87 442
392 0.92185533989134216 2.1152794921642344 2.3519472884626924 233 217 179 0.21644969406146006 40 407 95 430 87 425
391 -0.29949049638215552 2.1759397255420621 2.2089756133250651 67 73 72 0.33920760685013079 40 399 95 423 87 424 7 376 26 374 60 730 82 333 4 166 21 413
388 1.4918828603145813 2.4135237802303591 4.0645970537376446 232 217 181 0.16566098165491616 40 389 87 408
387 1.3663578537541035 2.4562674177157864 4.7032009234156087 170 124 34 1.1860201938093058 40 375 87 395 95 401
386 0.40771642578570166 1.9170354376862606 2.1947985545018107 216 193 150 0.38571873293628278 40 223 95 244 87 393 7 170
385 0.91123193706565231 1.6613172250250274 1.3438461949912666 254 229 68 0.22075034218610173 40 390 95 413 87 392 93 311
384 0.881838546000556 1.6146691163998825 1.2926316721818103 254 251 74 0.20956615206866105 40 385 95 412 87 388
383 0.89513924658127708 1.331788991037377 0.2118137209655758 253 228 75 0.8488153809111797 95 415 87 383 40 396
382 -0.01947114210052478 1.793995311326896 2.0981596682924337 19 12 7 0.086016245380806544 40 181 95 386 87 379
381 0.43409101640861913 1.6980614710547366 2.0344041199645155 38 35 26 0.058694611198649653 95 385 87 375 40 364
380 0.18349721583174117 1.5993822106130473 1.919239933403734 108 89 22 0.12540740930045824 40 149 95 159 87 364
379 0.18349721583174117 1.5993822106130473 1.919239933403734 108 89 22 0.12540740930045824 40 148 95 158 87 363
378 0.14258469309590904 1.5738561761108245 1.8913061403621318 97 70 13 0.16586611387879224 40 354 95 151 87 361
377 -1.3000689790962447 1.7865147623324629 2.5312048451234914 0 0 0 0.56984231088691939 95 369 87 360 91 589
376 -0.31172137560691848 1.5862931814031678 1.9853981490211643 128 140 170 0.38563054647989897 40 350 95 373 87 359 93 60 7 356 55 469 9 104 64 453
375 0.24278377585228902 1.4389581066516564 1.5395349585070022 44 57 84 0.49109374495552799 40 128 95 134 87 354
374 0.55494689045782852 1.3687210497369655 1.2678140026461624 138 121 35 0.40455393641146165 40 138 95 374 87 352
372 -0.37530823537738867 1.4389070043042747 2.0213972709013874 76 61 14 0.069053976257478653 40 332 95 356 87 341
371 -0.10005383880916677 1.4107675078844168 2.0352391844953219 220 182 54 0.022762496130951774 40 335 95 354 87 339
370 0.020966135175914752 1.3649867940105556 2.1039789446174026 131 96 21 0.11759669459174908 40 331 95 353 87 335 43 41 92 281
369 -0.55891665474471541 1.3759878307093725 2.115844135093762 181 187 209 0.4650309416563409 95 496 87 332 55 460 45 125 9 88 42 563 17 212 52 111 99 79 91 77 49 45
368 0.044116285481923256 1.318593875464968 2.1610898514552859 125 91 19 0.090301001112144549 40 326 95 345 87 330
367 -0.43470549659451785 1.2781536930687645 1.8157015728853128 50 63 91 0.11224400197841942 40 314 95 341 87 326
366 -0.36659376890705853 1.2731638507325183 1.8367728892396538 119 72 8 0.034084393460614613 40 315 95 342 87 325
365 -0.032358060844533104 1.268283186677059 2.1959920186562063 193 162 65 0.1616643374100136 40 312 95 336 87 322
364 1.0826150040927496 1.138040275643091 1.8295717565448517 251 196 49 0.22994468982659924 40 324 95 344 87 321 26 239 60 586 53 199
363 1.0815913012548271 1.135071972701081 1.8077117271337468 251 196 49 0.060945500117460145 40 323 95 343 87 320
362 -0.1286930911825547 1.2354949721318418 2.2085298614847981 253 216 66 0.16393761461345011 40 494 95 490 87 319
361 0.94232207991008909 1.113676538016019 1.8651447984823482 254 201 49 0.56267147410752383 95 335 87 314 93 461 43 225 92 478 18 44 41 134
360 0.83518392835826327 1.1003332442618461 1.8264486503404076 255 239 64 0.113706894383781 40 308 95 333 87 312
359 0.83518392835826327 1.1003332442618461 1.8264486503404076 255 239 64 0.113706894383781 40 309 95 332 87 311
358 -0.30334259824306975 1.186837417452598 2.3111950647459731 55 44 40 0.091803942535571045 40 300 95 324 87 310
357 -0.79479235083994926 1.2102822602341139 2.2162518669466058 166 139 50 0.17873741964984671 40 486 95 322 87 309
356 -0.26939111899196955 1.0403763288386374 2.1528568993418671 145 81 12 0.12207385227560737 40 4 95 6 87 302
355 0.64343322073456966 0.96551213181027462 1.4953479176545952 192 204 234 0.15163421230088875 40 299 95 320 87 300
354 0.40928586425960845 0.96470650381121681 1.8044021343699783 119 104 35 0.14533061562978497 40 289 95 310 87 297 93 219
353 -0.4779257798467974 0.9926836746310177 1.8163265444865162 255 232 74 0.061564221045261068 40 283 95 305 87 296
352 -0.4779257798467974 0.9926836746310177 1.8163265444865162 255 232 74 0.061564221045261068 40 282 95 304 87 295
351 -0.28758960438563985 0.98325355637521195 1.9122953192313621 254 228 69 0.19700694451140943 40 286 95 0 87 294
350 -0.32481785385111595 0.98449035646995142 1.8503214148780649 255 232 75 0.03915832134663183 40 284 95 306 87 293
349 -0.30010930161047567 0.93638484412190759 1.8904050751970769 255 234 76 0.043621891110715079 40 278 95 300 87 288
348 -0.45935112273431755 0.9454440515387057 1.8756817751764356 255 232 74 0.055801717002158212 40 276 95 298 87 287
347 -0.36491636427618268 0.91819170539811124 1.9042394019060671 255 232 74 0.14674282997711319 95 296 87 285 40 275
2703 1.1878427522989414 1.0934425813694404 1.8116944488761484 243 195 57 2.7894586786237618 78 796 68 765
346 -0.36491636427618268 0.91819170539811124 1.9042394019060671 255 232 74 0.14674282997711319 95 295 87 284 40 274
2702 -0.20042020836007982 1.7162183627331875 1.9789054381994235 16 25 38 1.9648078087592371 15 830 89 770 68 759
345 -0.41339545350753037 0.90548175078625059 1.9140423678687517 255 238 71 0.036522187132190138 40 461 95 464 87 282
2701 0.9397616371841615 0.83951507047489304 1.6521132475130067 163 98 19 1.3375836770822696 53 529 89 655 68 730
344 -0.43206527100892289 0.89806091990037462 1.9131435846675524 255 232 74 0.12518700548965214 40 272 95 294 87 280
2700 0.12793709501652473 2.4122251235621559 1.9186614701435776 0 0 0 1.5409497576806181 60 1086 68 698
343 -0.66005776058087673 0.88571553192554997 1.8981226600369951 255 225 72 0.27947237191250351 40 270 95 291 87 276 7 277 55 332
2699 0.015965737161832638 2.3591089802393821 1.9447306038125265 0 0 0 0.48516478082375264 33 740 68 690
342 -0.41120628314331553 0.85094661339375666 1.9689473800825752 255 233 74 0.095155808293874711 40 269 95 289 87 272
2698 0.65663359434483226 0.98562330371910778 1.5124388564447204 205 215 242 0.01104827036659153 89 658 68 688
341 -0.63701670777324326 0.84580605561121458 1.9961177750883983 255 233 73 0.10101858495730105 40 267 95 286 87 267
2697 0.16595585175723571 1.495756547440475 1.9905631953730745 30 25 28 0.57211358921280586 89 675 68 680 11 479 75 302 25 289
340 0.84649848674961492 2.534791056218848 1.9662596387218421 223 206 168 0.26124187584918851 40 265 95 285 87 263 15 331
339 0.63861562664407201 2.5251285105505685 1.9073137527535931 105 71 53 0.14141519918432824 40 263 95 283 87 262 7 227
2695 0.030470419121579745 1.3840757455089645 1.8320838321166211 102 78 20 1.2206433216576262 82 660 89 722 68 676 43 183 92 439
338 0.51991399007084627 2.4069192177998864 2.0152483943783679 106 70 53 0.086507187081864514 40 260 95 278 87 260
337 0.863362803680921 2.2229246917779912 2.2508838904051731 227 213 176 0.11521862437152552 40 250 95 270 87 252
335 0.11664117406923788 2.0810248480420626 2.0285525229833135 4 4 4 1.2700226371618892 40 239 95 261 87 244 55 214 42 621 97 394 36 347 30 352
2690 -0.29166032221869076 1.3737561926643271 2.071723784838142 12 13 16 0.18151504057492773 89 598 68 579 43 179
333 0.62256664136255324 2.1035951814135116 2.3581671103797017 225 208 170 0.33568935887952478 40 237 95 258 87 239 93 181 7 180 55 184 26 164 60 505 9 142 64 119 52 254 99 181 69 349 23 206
2689 -0.2907862154860823 1.3712170457450052 2.0671543505456578 12 13 16 0.31396398412353782 89 597 68 578 43 178 92 429
332 0.55291958932144947 2.082230356110649 2.3750385183840663 223 207 168 0.088929682541587174 40 233 95 253 87 234
2688 -0.40889721149675362 1.1070882059076477 1.7579722522904273 247 217 67 0.23626220569571366 89 606 68 575 43 342 92 608
331 0.48548084239481637 2.059756207904361 2.3802438190186899 222 204 165 0.086786349658429074 40 231 95 249 87 232
2687 0.9003160774825586 2.6015285129838541 1.9016411814186376 147 101 76 0.59237614667127569 15 599 78 301 68 528 43 276 89 408 69 805
330 -0.17154442941603151 2.0177346368543403 2.1933775787598391 3 3 4 0.32301662665542724 40 224 95 411 87 227 7 204 55 226
2686 0.11961552975670355 2.1256554753704329 1.9455878004995526 102 67 52 1.313573794471903 89 474 68 487 43 60
329 0.34820448823053551 2.0236629793413967 2.4171438741638318 210 191 152 0.16387586077043304 40 226 95 245 87 226 93 164 7 185
2684 0.19481724138870116 1.4367100055276441 2.0097307195257197 146 120 42 0.16611500728498238 89 477 68 458 43 189 92 448
327 1.3507767559174031 2.375478045608117 4.5762094437647143 248 227 124 1.0507020938740199 40 214 87 213
326 -0.86179301574536304 2.0182510286323607 2.2910854629875472 33 26 25 0.51213584725757244 40 205 95 224 87 212 26 381 53 359 82 176 4 208 33 422 78 225 89 368 68 295 59 193 21 248
2682 -0.11720100640238065 1.2987105240946941 2.1248899172705911 216 174 53 0.24710160200243469 89 496 68 447 32 569 25 322
325 -0.70098732990843082 2.0226988479548789 2.3755309972964556 3 4 6 0.10265350628670157 40 207 95 222 87 211
2681 -0.0218136783406426 1.2216579545548496 3.0742813674471279 0 0 0 0.81663595804553901 26 252 68 435 59 713
324 0.2584024726720614 1.903775239007689 2.2428487858168245 123 93 23 0.14001620972342399 40 218 95 233 87 210
323 -1.053051181997914 1.9988191989736104 2.2970884122409658 50 41 43 0.1583959508285904 40 187 95 216 87 204
322 0.89242241274952283 1.5755905992780539 1.3844565965796607 204 124 33 0.18231535955947922 40 220 95 230 87 193
2678 -0.83522954045182196 1.2016415490270747 3.15885156971098 230 214 174 0.3583438863038837 89 523 68 418 86 215
321 0.96113676032497009 1.5673569910055178 1.4313664889655486 255 235 76 0.122142189617741 40 372 87 189 95 395
2677 0.70598963790129365 0.96470838357737021 1.588964877041668 125 98 23 0.36211938546371941 44 40 68 354 43 68
320 -0.21857882965770106 1.7691064559467526 2.165210540083522 9 4 2 0.1114959415137181 40 162 87 183 95 180
319 0.87190119292471824 1.5311131540301004 1.4118731958154291 202 115 24 0.14169885994828749 95 215 87 181 40 195
2675 0.80333559162150781 1.5959928941693886 2.8418806513201202 108 74 60 0.19741139968734994 89 285 68 343 32 437 11 222 92 347
318 -0.040229801403492721 1.6881671242958181 1.9331316033333228 9 13 19 0.83999408370068362 40 163 95 178 87 179 93 249 7 357 45 181 55 604 18 76
2673 0.24074939198371603 1.082129330491173 2.1421524736390909 92 85 80 0.24728437298310388 89 183 68 311 92 56
316 -0.19370161717623166 1.5961934556747159 1.9831977437395034 87 82 23 0.88531633586082292 40 131 95 139 87 146 7 167 55 457 45 165 42 539 52 920 90 479 36 463 79 411 13 327 18 70 23 281
2672 -0.085195815341448405 1.1550988500251063 2.4233311839624583 184 189 212 0.42861542628841787 89 343 68 293 32 447 11 143 92 433 43 26
315 0.96777754135092164 1.3998824895409692 1.5894867670640722 254 235 89 0.045351562485431041 95 149 87 136
2671 -0.65491922986148354 1.1748937748417738 3.1721897591135932 56 50 46 0.25465659096583315 78 433 68 268 59 424 4 426 92 18
314 -0.38789840331385772 1.5340039901154181 1.9664552179691506 163 174 200 0.23424437023232278 40 108 95 118 87 130 7 175 55 194 26 184 60 528 42 300 17 219 29 125
2670 0.84721989586767887 1.5346861745517622 1.4145928129982666 254 235 68 0.12569898314492375 53 84 68 253 92 140
313 0.85051690747392961 1.3810831507111767 1.5660826431222241 255 233 76 0.070632855803173189 40 135 87 129
2669 0.49428005469393144 1.5986829723475044 1.9561208979869456 15 8 3 0.13306330797635851 89 302 68 88 32 96 11 49
312 0.90995960406331744 1.8307537024591223 4.9606796503298582 254 224 57 0.47317938567086615 40 91 87 123
2668 0.062316641290674102 1.4713511951652918 1.7027115970822198 114 122 147 0.36940797226801442 53 316 89 330 68 74
311 1.0279695330312475 1.3480020829783812 1.607473928717682 255 239 92 0.39208987671021317 40 127 87 121 95 131 53 205
2667 0.38653373441317418 1.4653760713245354 2.9375425602837866 149 99 73 0.12322771950728724 89 175 68 58 92 84
310 0.98852799561327032 1.3486347684782893 1.617646616699066 255 242 99 0.1284429649495443 40 122 95 129 87 119
2666 -0.016000573199031032 1.361258323682903 3.0071153981677172 133 90 66 0.065524960780578331 89 206 68 34 92 55
309 0.62703296259713548 1.2944004148451358 1.0754239513541035 254 250 80 0.35303027486657212 40 130 95 132 87 117
2665 -0.65805906937981451 0.78553055530598348 2.0235350007936437 255 234 72 0.40319483619967789 26 419 60 794 89 635 53 614 82 606 33 679 78 679 54 731 3 595 4 658 44 657 32 606 59 537 21 570 11 326 92 388 43 138 75 345 25 332 48 226 100 238 80 313 39 8 56 301 16 299
308 -0.56092049707148894 1.4916639623706649 1.981641702621483 253 210 58 0.25366957983721922 40 89 95 100 87 113 7 358 55 472 26 336 60 715 64 475 29 158 82 346 53 503 4 386 33 390 78 380 59 146
2664 0.56448202262402303 1.1308392046243001 1.3958966062110711 19 25 34 1.0119211910592154 4 500 33 494 78 491 54 522 3 522 44 437 89 432 53 412 82 411 32 503 59 242 21 319 11 254 43 204 48 244 92 454 100 7 39 255 86 218 28 237 46 301 73 3
307 -0.14924381388169175 1.4285964213285183 2.0332244872547554 228 186 52 0.16994618199830944 40 84 95 89 87 102 7 143 55 154 26 157 60 512 64 153
2663 -0.4955799838660101 2.2070583394039964 2.1908999087999512 18 16 16 0.51280605238410593 54 192 44 117 89 217 4 181 53 181 59 362 21 427 92 267
306 -0.29342441599147595 1.4340611966893362 2.008611722827633 255 226 59 0.057424375459948974 40 81 95 88 87 101
2662 -0.6831313914503887 0.82736388079733258 1.972835702170328 255 235 73 0.53362092160442964 64 720 82 608 4 659 33 681 78 681 3 710 44 655 89 636 26 599 60 963 53 617 68 538 59 648
305 1.3409065471804613 1.6923935890974964 5.0027183340552712 255 246 108 0.87888520715835472 40 72 95 74 87 100
2661 -0.75757648126371657 1.1651560696665453 3.1732212525495602 204 193 162 0.50202380450472717 53 145 64 235 82 357 4 435 33 440 78 450 54 501 44 400 89 243 54 283 44 194 68 1 32 227 32 483 59 435 21 480 11 239 92 11 48 339 65 332
304 0.83591888216552446 1.4448942910492713 2.9466773112642288 255 218 54 0.28680798744455349 95 83 87 94
303 1.1253318332429738 1.2363047925181354 1.765588341621777 255 242 109 0.14611278486871368 24 326 95 355 87 80 40 336
2659 1.0030581914650869 2.1471265731816001 2.3538414933562835 0 0 0 2.381585635915628 33 854 82 774
302 0.52958672457603917 1.2201219366482037 1.2926327573736258 196 208 236 0.23169303156209731 40 85 95 85 87 77 26 125 60 91
301 -0.31417185805374692 1.2978376232232101 2.1350019546670751 250 202 61 0.10827554562709679 40 313 95 339 87 61
2657 0.15912100664758574 1.0625670352610854 3.2278742944032119 0 0 0 1.5314388177214664 60 1175 89 783 68 774
300 -0.34997602270522088 1.2726489578389144 1.8722263230142575 254 233 63 0.1419430988907347 40 30 95 33 87 58 15 13 24 12
2656 -0.62211399500231745 1.1572759649596773 3.3638042524854832 0 0 0 0.51257526603373282 78 789 89 734 68 637
299 1.0152690149498065 1.1727721488019438 1.7985884903665954 186 113 20 0.082011794469947122 40 56 95 56 87 55
2655 -0.28547120907272083 1.3172922921351589 2.0446928923909082 20 17 19 0.35292271345793291 53 697 89 728 32 766 75 443 25 457
298 0.948818634028886 1.1591293622684451 1.8326637946145385 189 111 17 0.054677810126014546 40 44 95 42 87 45
2654 0.25996265034573834 1.4622218641150593 2.0241546540809079 156 125 42 0.36250101032790405 53 731 89 720 68 738 32 757
297 0.948818634028886 1.1591293622684451 1.8326637946145385 189 111 17 0.054677810126014546 40 43 95 41 87 44
2653 0.26102782139908692 1.4655830325155312 2.0269559395324817 156 125 42 0.3338121994081451 53 730 89 719 32 756
296 0.18397810224951366 1.21948476728585 1.9901587002938967 128 90 18 0.053766993752377784 40 28 95 29 87 43
2652 -0.6455695629512066 1.0972425660807745 3.1824676358745458 150 101 76 1.0535615573500297 44 715 89 698 68 636
295 1.1714506648613932 1.1419373339590504 1.8718657396522387 254 245 112 0.089777861488482394 40 325 95 43 87 42
2651 -0.87873279111976199 2.0225359713229474 2.2758180428268684 52 41 42 0.25604269637697202 78 742 89 696 68 655
294 0.88043510990528018 1.1448612093664559 1.8663429867844643 201 116 15 0.065937383004822603 40 36 95 32 87 35
2650 -0.15126477657923684 1.2441213376738844 2.2268026548814532 255 220 65 0.97296924440313715 53 572 89 687 68 656 32 771 11 493 92 736 86 708
293 1.0355932183081253 1.126431973570976 1.8413918211639488 178 110 20 0.20541339772194309 40 37 87 31 26 11 60 373 53 5 89 54 68 116
2649 -0.0074956191679297068 1.4169657100745006 1.7840050189223198 205 177 60 0.080828336786938085 53 694 89 679 68 678
292 -0.7860232698015146 1.2209547266465413 2.0950858861848722 105 54 6 0.10375403127765492 40 15 95 18 87 29
2648 0.30350150848324053 0.7870108610627623 1.2120837391478672 167 180 214 3.1500987236992946 82 744 89 672
291 -0.38936382921687618 1.1633558140644267 1.7839527284756582 252 227 61 0.10966342036291471 40 16 95 21 87 27 60 163
2647 0.67933772719772711 0.92370764085630386 1.6054103600709295 191 202 230 0.25723740459406563 44 681 82 643 89 661 68 683
290 0.89377147066552975 1.0751603785296096 1.8849755346245338 139 73 11 0.08342209874402047 40 25 95 24 87 23
2646 -1.083637452975488 1.4437501799688945 2.1681317998453635 129 131 123 0.24775911255521937 7 668 89 644
289 0.85232138901904675 1.05876839243115 1.8739344500059265 255 230 61 0.082307223358268372 40 23 95 22 87 20
2645 -0.59290533471163376 0.79731814902086473 2.0070927150108813 255 236 71 0.22270869625314246 4 653 82 599 89 632 68 542
288 0.39188397192111257 1.0390250855905676 1.7813456900600999 44 47 60 0.10283773797506962 40 13 95 15 87 18
2644 -0.5228570111350288 0.81473796840103585 1.9841159257597787 255 236 71 0.04430392889334446 53 600 89 630
287 -0.37488985589656587 1.1048673208454844 2.3192784761610845 175 181 203 0.23074168236991133 95 316 87 16 40 291
286 1.0588225393849464 0.97682731770214015 1.8108444238529704 170 99 13 0.33649442571101701 95 14 87 13 26 0 40 14
2642 -0.43654665648343571 0.95055912080623273 1.8634167819535601 255 237 71 0.30460126619387307 44 629 89 618 32 574 11 293 25 295 75 309 48 473
285 -0.60998848614729073 1.0379957212812976 1.7493192188037838 255 228 70 0.084184979939363858 40 2 95 5 87 9
2641 -0.41453927028745552 0.90585433409549876 1.9153959312970068 255 236 71 0.23634460909488711 44 631 89 616 68 559 32 684 11 304 48 482
284 0.66361294618151134 0.95152282196732263 1.5528684137713049 11 11 12 0.25232517765150203 40 295 95 318 87 7
2640 -0.37001454774212761 0.97229624671285164 1.8546052475606811 255 238 72 0.12291713048088453 82 581 89 610 68 568
283 1.0180814383268852 0.92766851948622275 1.743930263925983 167 98 13 0.93247692989633391 95 10 87 5 7 0 60 579 53 0 91 5
2639 -0.37001454774212761 0.97229624671285164 1.8546052475606811 255 238 72 0.12291713048088453 82 580 89 609 68 567
282 -0.48996701715424484 0.82023272904142142 1.8531881337143834 255 227 68 0.46332470165981843 95 458 40 716 87 474 93 415
277 0.9265236630080288 0.93813874395077557 1.6663581144017636 158 90 13 2.2095992271558456 24 931 15 820 93 884
2633 0.1030923789146172 1.3855828495595282 2.0838610027305711 149 118 41 0.19724046041155022 7 413 89 486 11 308
276 -0.70435885598003944 0.79937048097470409 2.0624929486296399 226 186 55 2.1921746440980314 24 925 40 922 15 814 92 782 43 528 85 634 85 635 41 618
2631 0.23795877237374519 2.3558693999428839 2.0682501624940453 90 58 46 0.093195055002316465 7 689 89 468 68 496
274 -0.12753142678638255 1.1560341043278637 2.3051066853405864 255 229 68 1.6250057645509464 24 927 95 923 40 913 87 954 15 817 7 786 43 522 92 777
2626 0.35475783254738219 2.3790436867541938 2.0950434703565461 214 197 160 0.092074623796281577 82 290 89 306 68 378
2624 0.9773102809587767 3.6969829424670468 5.0494793513814296 230 214 176 2.8457329198580164 7 547 89 300
267 -0.78972786373610937 1.9423425203637643 2.348752643799298 7 10 14 0.52981280302753164 24 838 40 884 93 850 69 857 18 576 23 771
2621 1.007048434066476 1.1194744684235283 1.8358766098695904 254 209 60 0.11218620512615263 26 241 89 264 68 377
264 -0.31557779951541465 1.3183111458460364 1.9503011254782607 255 228 60 1.1754918376430752 24 878 95 846 40 871 87 867
263 -0.27465445681526057 1.2243663553764463 2.0474287090991945 254 211 61 0.55614057875015688 24 910 40 870 87 859
2618 -0.53208190069591454 2.1107782711829577 2.2759489477769295 81 92 94 0.33467277062860634 33 401 89 220 68 314
261 0.34075048722128987 2.3830900948978422 2.0373260307049454 101 69 54 0.94789277947680672 24 859 40 855 87 901 15 750 93 820 26 709 60 1077 89 669 33 731 69 921 41 564 24 901 76 624 98 598
2483 0.31447395269208167 1.0014825604579149 2.1072264734364121 234 217 176 0.3508545132166459 78 327 54 378 3 326
126 -0.3651538777258061 2.212582772940225 2.2302765883032434 88 97 97 1.873053750790719 95 947 24 933 40 936 15 821 7 823 55 905 26 784 60 1164 90 707 99 1294 83 766 36 662 13 652 77 356 58 550 30 682
1235 -0.72426800939644809 1.0155451932154942 2.3090627967731514 32 34 45 0.098052623617357434 42 525 17 436 94 433 97 367 36 302
666 0.86475085953314157 1.5345890334369292 1.2531598806462203 255 232 59 0.64277872896809773 40 219 95 227 93 282
2482 0.10278209335263694 1.3966446178507701 1.7652543009178445 224 208 170 1.1625656824281059 78 329 54 373 3 319
125 -0.36226678575680704 2.1778065722588202 2.1971853648846027 88 97 97 0.75970311663852574 95 946 24 932 40 935 93 888 7 824 55 906 69 980 18 605 23 785
1234 -0.44154561315358332 1.0660537600130535 1.7703266165878826 162 118 23 0.26746484652968711 42 508 17 417 94 408 52 873
665 1.0637885274522405 1.2786453806459754 1.6933896423915629 255 234 60 0.48864961746416941 40 104 93 265
2481 0.26513853580606639 1.5603481575736331 1.804779695021858 236 217 173 0.84428790266242937 78 318 54 362 3 29
124 -0.79182387685932443 1.6566940404809833 2.1407633223367655 20 27 39 0.78050066932835893 95 944 24 930 40 933 87 966 15 809
1233 -0.59700365798149591 0.85154347816227238 1.9569915690082591 254 232 77 0.2737114834531621 42 502 17 408 94 52 52 616 90 19
664 -0.63479086111755001 0.91206357682586803 1.880552335212379 170 120 28 0.072413012561361692 24 227 93 196 69 229
1232 0.25147743670663553 1.2550198476859675 1.9808561693036832 162 128 51 2.5308597353549724 55 293 17 405 45 38
2479 1.387254138460198 1.8310831713931275 2.691451126412014 239 223 186 0.54709211471124652 33 280 54 332 92 598 86 566 28 537
122 -0.33809237891880706 1.2517893263985922 1.9918835513454156 255 217 62 0.70870872894187309 95 926 24 928 40 916 87 956 15 815
1231 -0.37925570583143864 0.96643043985137067 1.8403233600761797 254 233 80 0.10571462558275223 42 494 17 402
662 0.43837791447497454 2.0482862737199206 2.3986214425310659 223 203 160 0.29831367211917231 95 247 93 173 69 342
2478 1.3918995803790457 1.8259942141422083 2.7023660771973725 239 223 186 0.42794087462404595 78 291 54 331 3 308 32 566 46 62
121 -0.23810221631533665 1.069642099786442 1.8695191374220315 95 95 108 1.6794523442450409 95 922 24 906 40 912
1230 0.2361416284357446 1.3302596294459101 1.4967134814918581 35 38 36 0.065256336696027692 42 56 17 399 94 41
661 1.1246497392737909 1.0676411738578107 1.8393766226805297 158 93 17 0.47062983144361742 95 26 93 86 60 368 53 1 69 392 76 125
1229 0.64235262357003298 1.1304969351807088 1.3968453375154832 83 91 109 0.24908519696413015 42 476 17 393 94 9
660 -0.41352615084266797 1.73991471019624 2.054377600222201 3 3 3 0.93382703205637474 40 356 95 380 93 76
2476 0.80075218530392778 0.89418529422035042 1.7349643233238223 165 137 38 0.17685059206872936 33 12 78 271 54 305
119 0.90478076855166345 0.76723534798498749 1.6511378230914193 251 234 74 0.39096526718640784 95 904 24 881 40 894 87 907 15 800 26 720 60 1095 53 718
1228 -1.2515767100181197 1.8553729744652114 2.4559332290940947 90 95 89 0.16730305881272464 42 462 17 386 94 375
659 -0.49199341082123071 1.5680879990320311 2.018714235894584 225 183 48 0.16366861508983188 24 36 93 40 69 63
2475 -0.86354464060083602 1.1745825019805158 3.1703066942575497 225 212 177 0.10027670856182978 78 252 54 287 3 275 59 229
118 -1.02580847578265 2.07870288837427 2.2643412217920611 123 84 66 1.0602628099256619 95 901 24 894 40 887 87 931 7 795 55 888 26 751 60 1129 53 749 45 663 64 856 42 1027 17 952 29 818 82 723 4 786 33 804 78 787 54 825 44 748 68 721 59 759 21 786 43 414 92 670 34 630 69 902 46 701 65 601 81 362 1 537
1227 -1.2228065934131906 1.8670224254569014 2.4543380051954906 126 128 122 0.11468168147267013 42 460 17 384 97 298 52 825
658 -0.4518610340746908 1.0646684463097513 1.7982448053042035 126 82 14 0.13651134430256709 40 5 95 9 93 2 7 107 69 5
1226 -1.103586830874246 1.9611330318736402 2.356392639752249 82 85 77 0.34323974655181955 55 253 17 382 52 832 99 721 83 211 91 176 4 233 21 296
657 0.97569323940631103 2.4631168879620322 2.0462824055181241 218 204 169 1.8594202870035679 24 948 15 835 69 1001 41 630
2473 -0.821428745870594 1.2375468256463127 3.1037954071643306 224 212 176 0.050939315603631491 4 218 54 284 3 266 59 224
116 1.267299753439461 1.1441104619277429 1.8517794291251146 175 122 40 0.77819789578767773 95 892 24 916 40 875 87 918 15 805 93 852 7 747 55 794 26 721 60 1096 53 717 82 695 89 705 69 962 18 525 13 614 23 763 98 645 76 662 88 488
1225 -1.1044324431688008 1.9592633352697493 2.3584201211439439 82 85 77 0.29945229075432384 55 252 17 381 94 370 97 472 52 831 90 217 99 720 83 210 30 248 36 238 29 510 4 232 77 114 58 175
656 -0.90166755718169833 1.253370895199726 1.8324350133486753 0 0 0 2.0181636426472895 24 946 15 832 18 619
2472 -1.3133164533805359 1.90343271601916 2.4144223232304669 150 150 135 0.19890396143772515 78 464 54 280 46 267
115 1.1562124589863012 1.0925504618482691 1.8453409216724539 253 250 77 0.44938854610692902 95 891 24 914 15 804 93 874 69 959
1224 -1.0440971790390139 2.0026621942877787 2.2861493727866549 36 26 23 0.060717494024776247 42 455 17 380 94 367 97 291
655 -1.2166392391222633 1.9556433995212483 2.3849458439095716 124 115 98 1.0001430442261239 24 939 15 826 93 897 43 518 69 988
2471 -0.75613377278747584 1.25781264501273 3.0898971520677385 222 209 173 0.19263240421109784 4 210 54 277 3 260 59 219
114 1.2114813585678663 1.0570486979568614 1.869279631988126 0 0 0 1.3739570387941733 95 889 24 913 40 821 95 840 15 803 7 700 26 568 60 926 53 654 45 584 55 793 9 761 91 703 82 639 79 533 69 941 13 526 49 705 2 571 18 524 23 722
1223 -1.1377663292777598 1.9195727104051181 2.3922679576734858 128 131 121 0.12767796660781555 42 459 17 377 94 365 97 294 52 827 30 245 36 235
654 -0.75609127458509051 0.94510284128833788 1.894250109633691 255 216 52 0.9877743623028381 24 936 15 824 93 892 69 984
2470 -0.9540516829823571 1.5157228576524482 2.7899815643131913 131 124 107 0.2606371108692867 33 247 54 274 3 485 33 445 59 222 21 291 46 457 65 335
1222 -1.1369307479327289 1.9201830931512474 2.3937989094281087 128 131 121 0.22471662828558411 42 458 17 376 94 366 97 295 52 826 99 521 30 246 36 236 29 345
653 -0.77479051495943274 0.94747212370471734 1.91280262214562 255 216 52 1.0027342015019955 24 935 15 823 93 891 43 527 92 781 48 800 69 983
2469 -1.1801580383944617 1.8546256387223206 2.4643789124129669 124 127 120 0.079389927787112527 4 477 33 255 54 272
1221 -1.1119120852990863 1.8957456778942086 2.4343382839626533 80 85 80 0.13381064933518944 42 450 17 369 94 357 52 568
2468 -1.0469408352258842 1.8950160101633515 2.4343703913053352 111 114 109 0.21629270185115773 33 246 54 252 59 432 3 235 65 329
1220 -1.1134685610633099 1.8952565643634509 2.4306924399824594 80 85 80 0.13914281692509045 42 449 17 368 94 358
651 -0.4688441964508796 1.4208817517629131 2.047251938469024 42 38 37 1.1334927932130845 24 912 15 796 93 845 69 937
2467 -0.35911954110125699 1.219985255877251 3.1194114107918982 46 32 31 0.13361267857054662 78 222 54 245 3 226 59 185
1219 -1.2003961139840067 1.8183133528944357 2.4973916351748082 123 126 120 0.042205938696773901 42 452 17 367
650 -0.84079146164641383 0.80029026497131228 1.9253339655921984 0 0 0 0.7572230038954757 40 893 15 794 9 765
649 0.55576917855592833 1.1589052977221026 1.3462771330951635 198 210 235 0.27172611424316828 24 891 15 783 92 742 43 486
2465 -0.74037148647580686 0.98706301078080405 1.849862515304278 67 68 81 0.22834126155970039 78 191 54 216 44 162
108 -0.28608514940226204 2.2199119620084846 2.1639417238616723 90 100 99 1.0866439231173524 95 876 24 851 40 854 87 826 15 742 7 743 26 713 60 1085 53 705 64 742 7 576 42 815 83 208 29 705 4 657 21 746
1217 -1.1134453829311384 1.8706262218603176 2.4442007682808264 122 124 115 0.078856879783208794 42 699 17 363 94 351 97 284
648 -0.52791484829990343 1.5067251593383015 2.0161387598801852 255 207 54 1.1067771958288368 24 884 15 772 93 803 26 766 60 1143 53 764 64 850 82 740 4 802 33 792 78 735
2464 -0.68273527490681363 0.90448414207324346 1.9002274854722656 166 136 44 0.23023109053743673 78 189 54 211 3 165 59 123 21 135
107 -0.40787709368122427 2.2182676032918662 2.1295034388992025 34 28 31 0.91087322577586638 95 875 24 773 40 853 87 900 15 661 93 762 26 655 60 1020 9 856 64 745
1216 -1.0458631766327828 1.88746199596487 2.4288504546644361 110 113 106 0.091621801989205554 42 442 17 358 94 348
647 0.86567781082304152 2.5536147230317123 1.9412483912593492 225 209 172 1.0512960132160283 24 802 15 759 93 784 7 683 55 661 26 646 60 1003 53 570 42 598 64 615 17 521 94 242 29 139 82 261 4 38 33 308 78 33 54 320 68 525 59 28 43 392 86 458 28 496 69 928 18 434 85 540 41 534 98 634 76 627 88 463
2463 -0.68360893465946748 0.9021535385307462 1.899262016650455 166 136 44 0.20959723784577669 78 190 54 210 59 122 3 166
106 0.20449928195472655 1.9888436388785034 2.1412117821998686 39 34 28 0.93437209055349513 95 874 24 854 40 851 87 821 7 667
1215 -1.0194752535745137 1.8679449884041672 2.4678347912344831 71 76 72 0.1622698911152404 42 439 17 351 52 547
646 1.1666381611733836 1.5805682400603558 2.8726429073734585 0 0 0 0.70109752154589278 24 853 15 748
104 -0.99375778383422686 1.9451690591648321 2.3462769684897684 102 111 110 1.1512859029623221 95 869 24 833 40 844 87 896 93 810 55 840 7 741 26 715 60 1091 53 715 64 811 42 998 7 782 94 820 97 711 52 1234 52 1267 90 664 30 629 36 597 82 628 4 750 33 693 78 600 34 574 81 320 1 513 47 138 77 202
1213 -1.1514405386731617 1.6423565510406906 2.6693221455777838 125 127 120 0.12813782154468292 42 427 17 338 94 328 97 262
644 0.86111516765495011 0.81615337104934249 1.597277997547802 254 252 78 0.69399510769610151 24 819 15 726 93 796 69 830
2460 -0.41749642355401539 0.83853265163822555 1.9856914755526076 254 230 70 0.044735620262010056 78 154 54 183 3 129
103 -1.3054350385176519 1.9224950012422461 2.3788423655262636 163 159 143 0.76494263559304598 95 868 24 727 40 767 15 623 93 727 7 745 55 842 26 719 53 750 45 644 9 807 17 934 94 840 90 531 99 1224 83 652 91 674 44 706 89 703 68 553
1212 -1.0395397551889884 1.7296431925668498 2.5947226030632375 115 116 106 0.13061840456744039 42 426 17 337 94 327 97 261
643 -0.30091828947342303 1.3647014101650028 1.9741603004704285 255 228 59 0.14997019137998499 24 818 15 710 93 801
2459 0.18508747973849315 1.4203912257594562 2.9589071958707445 133 89 67 0.2764339464495027 78 151 54 182 3 180 44 133 32 211 48 203 86 141 46 182
102 -0.82282105854724485 1.5782516377638909 2.1740416734166956 10 9 7 0.392912753597499 95 861 24 453 40 837 87 890
1211 -1.0831816163698662 1.6629930925592848 2.6598863677876006 120 122 113 0.090762162400957733 42 423 17 334 94 323
642 -1.326515215965536 1.8454030757225635 2.3974677748453614 0 0 0 2.2039935594990281 24 726 15 707 40 521 53 652 45 577
2458 0.45396778352477879 1.4648183305429772 2.9504980239319489 48 33 32 0.35597129489533141 78 123 54 152 3 140 46 157 16 235 56 245 73 136
101 0.56123012754758517 1.1580372705729236 1.3394630520219577 196 206 233 0.34825822931139416 95 850 24 892 40 828 87 864
641 0.50086900098771259 2.3883971965902804 2.0584734118572543 227 207 165 0.38461858114189873 24 790 15 682 93 774
2457 0.73278729032553713 1.5754746443487486 2.856519489321991 109 75 62 0.65954668975861852 78 94 54 126 44 321 89 294 3 566 68 340 32 443
1209 -1.0187682846443722 1.681932897919465 2.636031062906536 112 114 104 0.11231896269672943 42 417 17 329 94 314 97 249
640 1.3692230383858408 1.6870479203298281 2.7766788663842141 158 105 79 0.45245545131569748 24 784 15 679 93 770 69 878 41 537
2456 0.84018347624698309 1.6778381486150586 2.7929958783962556 222 207 172 0.51114678544989245 78 83 54 119 3 70 44 304 89 283 32 423 11 209 75 203 25 193 86 395 100 222 39 231 28 211 31 237
1208 -0.872224701001034 1.8132880147832218 2.3417306079516376 59 68 91 0.17844378807991398 42 413 17 327 94 537
2455 0.90808619087242004 1.7053336983852765 2.7835020067164011 211 196 162 0.29341807564434896 78 78 54 113 3 64 44 297 32 412 11 208 48 453
98 -0.912612769176669 1.1975871159771416 2.0125547613138028 0 0 0 1.1737425509471331 95 839 24 807 87 916 93 792
1207 -0.87670970581019425 1.8109312927952983 2.330740521033221 59 68 91 0.26679649119164922 42 412 17 326 94 536 97 454 52 1001 30 229 36 382 27 237 84 233
638 0.7768789129600101 1.1061479612918721 1.7565953286206666 255 242 72 0.29369141364276757 24 750 15 650 93 729
2454 0.97710834121637313 1.7181800589673573 2.7684252843108359 213 198 164 0.29510384775082416 78 69 54 105 44 285 32 404 11 207 75 192 25 188
97 -0.81983063585476379 0.90063465026825185 1.8827151875732953 254 232 73 0.46021261118126267 95 831 24 805 40 863 87 845 15 698 93 786 69 816 18 307
637 0.72275110285441113 0.84899337658859242 1.6295331772131978 154 164 188 0.10789819999583812 24 722 15 632 93 430
1205 -0.95068288291285619 1.7022843023105199 2.6233444634630092 100 102 93 0.082989039128927217 42 415 17 324 94 310 97 240
2452 1.0458839910606768 1.7402968000532351 2.7592069584680301 228 213 177 0.18681760248870161 78 60 54 97 3 47 44 273 32 398 11 206 75 189 25 183
1204 -0.95068288291285619 1.7022843023105199 2.6233444634630092 100 102 93 0.082989039128927217 42 414 17 323 94 309 97 241
2451 1.066822991188924 1.6718412465939694 2.7798248370462413 108 77 65 0.043130937405125989 82 32 54 96 44 82
94 0.96422659000775235 2.6141696208630947 1.8738552384353158 105 71 58 0.54979684916172133 95 826 24 804 40 804 15 696 93 833 26 552 60 894 68 530 92 524 43 307 86 461 100 519 80 897 39 528 28 501 57 584 31 530 72 652 22 548 14 529 70 498 69 929 56 319 16 48 85 543 41 539 71 541 63 784 98 608
1203 -1.0795314357213264 1.5631165992456189 2.7264972899666962 122 123 114 0.065629315506468167 42 411 17 321 94 306
634 -0.57390551101274534 0.74559471724500292 2.0562333336661855 255 242 71 0.21979553929949011 24 704 15 606 93 414
93 1.1122688858199166 2.5658310019714787 1.9612924463653711 241 221 179 0.50801353751481693 95 824 24 868 87 841 15 764 93 835 7 678 55 763 26 643 60 999 53 562 45 408 9 816 17 725 29 560 92 659
1202 -1.1029707839883935 1.5278791565507235 2.747411636680968 130 130 121 0.11945799645566264 42 409 17 319 94 305 97 237 52 451
633 1.1542265348250613 2.305961996872107 2.2105941537600624 236 220 180 0.3728087931434676 24 680 15 589 55 426 64 356 42 238 17 204
2449 1.1154367129880898 1.7810391276525925 2.7133736446544292 119 108 87 0.096017807748442291 78 51 54 86 3 43 44 78 59 31
1201 -0.92801323445917072 1.655184026432448 2.6742784801179003 95 97 90 0.090878717130618028 42 405 17 318 94 303 97 234
632 1.0875524824588645 2.2829801460353423 2.2181750149081494 238 221 181 0.18774986122632384 95 666 15 581 40 655
2448 1.1159237371693722 1.7819389145977285 2.7152524112574605 119 108 87 0.19375220111667477 78 52 54 85 3 42 44 77 32 148 59 32 48 211 100 225 80 282
91 0.69736207835473496 2.4495803218463852 2.0209766256040811 230 213 175 0.14079864722091578 95 818 24 798 40 797 87 834 15 689
1200 -1.0368843479199061 1.5474951383217646 2.7300265999449573 125 125 116 0.13158623182874893 42 404 17 315 94 298 97 232
631 1.0646640163758598 2.156034995477051 2.3042231276329863 235 218 178 0.17252418515848567 87 628 15 553 7 449
2447 0.26217867992034716 1.5872569057604997 1.715534081338925 227 213 176 1.3689051493263988 78 56 54 82 3 22
90 0.63066512209998138 2.4354433382009497 2.0505986565547842 231 213 174 0.39663112168757858 95 817 24 796 15 686 93 779 18 507 69 926 23 703
1199 -0.71190484668926624 1.8179261254472954 2.2588968073693558 57 66 89 0.22186025241103269 42 395 17 311 94 290 90 350 9 136 30 382 36 375
630 0.94685644890622023 2.2438319007315353 2.2477549482088981 235 219 178 0.52114012639057306 40 417 95 646 15 552 55 440
2446 1.2190359087846134 1.8476153584731214 2.6638557640045817 231 217 182 0.33918312452473331 33 38 54 65 44 63 11 179 48 455
89 1.2058033123861758 2.377652766046694 2.1540702236603657 242 222 179 0.15869300588345719 95 816 24 801 87 833 43 397
629 0.50436833490763999 2.5653422979418412 1.9079515575976558 0 0 0 1.0091313500942101 40 708 15 548 60 908
628 1.271524515912549 1.9098120433348336 2.6175469595684753 237 220 181 0.16314653190654491 24 574 15 510 93 598
2444 0.65756687357454457 1.1422635656137965 1.3911715514374918 138 124 36 0.28252810275680812 33 11 78 6 54 8
87 -0.34186687134787197 2.2452505569984069 2.1225844017532856 36 31 34 0.94446159409168529 95 810 24 776 40 788 87 827 15 403 93 763 7 695 55 838 26 654 60 1018 45 611 9 857 64 744 42 965
1196 -1.0072903844574324 1.3565271145748721 2.9790196607256716 193 184 158 0.026345334866512304 42 384 17 297 94 280
627 1.2055572189800434 1.886846163281227 2.6228155062340743 235 219 180 0.086522665981335803 24 555 15 487 85 460
2443 0.75886977411365719 0.94915704935141421 1.5823555187422251 152 136 47 0.26002789122380471 33 265 78 263 54 300 3 282 44 224 89 420
86 -0.12386439366220794 2.2100673390149801 2.1963857874657462 90 97 95 0.36977911585865408 95 808 24 778 40 787 87 825 15 668 93 765 7 681 55 689 26 648 60 1012 53 630 45 450 9 709 64 741 42 806 17 756 94 669 97 440 52 1004 90 398 99 1091 83 561 30 230 36 211 29 597 82 578 4 649 21 744 34 272 81 69 1 70
1195 -1.0072903844574324 1.3565271145748721 2.9790196607256716 193 184 158 0.026345334866512304 42 383 17 296 94 279
2442 -1.204299374750339 1.8979702076338592 2.415268467491666 126 129 121 0.21908223609918873 82 386 33 461 78 451 64 543 42 712 17 627 94 377 97 301 3 477 59 456
85 -0.48408812956803771 2.229654781318589 2.1999416161088625 36 31 35 1.8502213838188879 95 807 24 771 26 656 60 1021 64 751
1194 -0.024890166627223403 2.1118896408931236 2.2201110663568797 52 65 92 0.2032744641056741 42 349 17 286 94 270 97 204 90 358 99 912 30 376 36 368 34 87 77 89 58 268
84 -0.5328575381261188 2.0910987634969418 2.2722134510890961 79 88 89 0.32604944970286537 95 798 24 765 40 779 87 819 15 646 93 753 7 686 55 779 26 650 60 1016 53 633 45 455 9 682 64 747 42 824 17 778 94 683 97 569 52 1011 90 407 99 970 91 452 30 408 29 610 36 399 82 605 4 667 68 313 33 400 21 694 34 436 13 161 49 413 18 365
624 1.17531134798185 1.1422303969388627 1.8557522607860308 255 231 68 0.47007610632167585 24 486 15 409 93 253 69 604
2440 -0.56166305661078553 0.91566446007706048 1.9505590362380314 199 144 40 1.8993568502699643 33 853 78 844 54 875 3 850 44 810
83 -0.69585666554217851 2.0837933194720057 2.2423615290786914 33 26 26 1.0120909840537986 95 797 24 840 40 778 87 818 15 733 93 814 7 692 55 783 26 716 60 1090 53 710 45 475 9 499 82 679 4 779 89 690 68 665 43 423 69 905 49 117 18 494 23 691
1192 -0.068127118687260874 2.0472505432480514 2.1652817249020098 61 69 92 0.31420104735431637 42 340 17 279 52 965 90 342 97 193 99 880 30 169 36 357 79 153 2 148 27 111 84 94 50 253 66 252
623 -0.97612483455695798 2.1577133630819332 2.2244121881862418 0 0 0 1.6908156944212884 40 780 15 381 4 748 78 745 89 629 59 722
2439 1.0908190538131051 1.630831634331549 3.1095712395579067 0 0 0 2.3249555918370515 78 840 54 871 3 846 46 782
82 -0.98270276793823252 1.7639333906587935 2.2338195613156513 12 16 23 1.4359574458573696 95 781 24 259 40 764 87 366 40 352 7 372 26 210 60 355 9 873 87 930
1191 1.082850970217722 2.5077381063929693 2.0338506515070178 233 218 182 0.086286716382110482 17 249 94 194 97 141
1190 0.63821930619663647 2.1313624318163353 2.3339280692142932 111 98 75 0.24091585400958285 42 297 17 248 94 190 97 144 52 741 90 121 99 855 83 332 30 136 36 133 79 330 50 130
621 -1.1755228770922264 2.0299099631316206 2.2761464145658259 138 96 74 0.87209958933892329 40 774 95 545 15 370 53 526 82 519 4 594 33 612 64 761 78 610 54 666 3 634 44 534 89 528 68 434 32 557 59 595 21 629 43 160 46 583 65 455
2437 0.50968452060855141 1.3370332253078832 1.8193121958354133 230 214 176 2.0263291642584647 4 821 78 833 54 862
80 -0.44137073775609059 1.5289163162593253 2.0127420771620499 58 55 60 0.71947998070416219 95 776 24 462 40 760 87 799 15 369 93 231 26 641 43 176 92 425
1189 0.71794516265194486 2.1674970832505198 2.3074915279173394 113 103 82 0.1644749839790475 42 288 17 241 94 184 97 136 52 739 36 132 30 135
1188 0.77180023177680501 2.1846297769292065 2.2800816133497337 109 101 82 0.32446617447416293 9 475 42 279 17 237 94 179 97 130 52 735 90 115 99 673 83 335 91 369 30 132 36 131
619 -0.95795333064628729 1.3473606585173461 2.0777230602092365 0 0 0 0.59081113323012213 24 717 15 351 93 795
2435 0.71109904626252729 1.3573700540022371 1.2583859116128107 145 130 39 1.4329210314319987 4 826 78 831 54 859 3 833 59 807 21 827
78 -0.35047243703898756 1.1059974951018421 1.7826690707949735 150 106 20 0.10620302934840357 95 753 24 440 15 195
1187 -0.49535278951691419 1.507573510426266 1.9651047974511751 254 214 58 0.29019521250217578 42 310 17 233 94 155 97 115 52 682 29 146
618 -0.37169271476169163 0.97273093089235507 1.8564184510984467 255 246 65 0.045339541057878498 24 434 15 349 93 207
2434 -0.093308286694420234 1.6570670317662035 1.9494084872073953 16 21 31 2.2007932337096263 78 828 54 855 44 788
77 -0.35062835955458238 1.1060345877227449 1.7827922436687027 150 106 20 0.095870993856975076 95 752 24 439 40 736 87 771 15 194
1186 -0.81430043410623476 1.1640915506081408 2.3960658259764105 238 194 53 0.40419696156827162 64 234 17 226 4 196 33 230 21 213 46 193 65 71 1 53 5 47
617 -0.34856162174297356 0.92569650865494058 1.9064375220718666 255 245 66 0.2030655212510587 24 431 15 346 93 204
2433 1.0509988883010535 1.5142855094434409 2.4359683583531377 180 169 144 1.4584022464996922 33 836 78 826 54 863
76 -0.4059222156215343 1.1056102233492855 1.7615811031157687 255 231 65 0.25960819876635388 95 751 24 716 40 735 87 770 15 614 93 711 26 624 7 637 60 988 69 820
1185 -0.83838720731635963 1.270404038337104 2.0010305239879029 76 94 132 0.1592636167986782 42 313 17 225 94 147
616 -0.43923188759911069 0.95390710939581114 1.8703333223158145 255 244 65 0.1296497751263406 24 430 15 343 93 202
1184 0.94547421230956064 2.2483437400543749 2.2424476266787261 231 217 180 0.28374600158369173 42 261 17 223 94 167 52 729
615 -0.41473789859282206 0.90611719738879526 1.9173952405763157 255 246 66 0.077605283435773623 24 426 15 341 93 200 92 408 43 157 69 359
74 1.0166237522585331 0.87978545521261775 1.7465113729549198 255 253 78 0.52106432061727559 95 742 24 830 87 485 15 738 93 805 69 900 18 451 23 651
1183 0.94311765808311065 2.2477031154084823 2.2398426820385535 231 217 180 0.23631371831722525 42 262 17 222 94 166 52 728 90 111
614 -0.41539549354578809 0.90615766126034947 1.9183154305988817 255 246 66 0.095056239626011937 24 425 15 340 93 199 69 358
2430 0.074546265076263885 1.1163714940362455 2.3343085987371315 29 34 47 2.3027380299274567 78 820 44 796 89 766 68 757 33 838
73 -0.81441185080834 0.98916479994009099 1.8313974091756331 255 227 72 0.16686338037032444 95 738 24 710 40 721 87 764 93 704 69 568
1182 1.4490886348076679 2.4601247286576458 2.603521593098121 231 217 181 2.5415730664445402 42 268 17 220
613 -0.45275142017576497 0.83794171663907058 1.9721802880322876 255 246 66 0.096436108110352581 24 422 15 336 69 355
2429 0.47886963831588841 1.33018562520406 2.4837217508730967 209 192 154 2.1745666340805143 33 782 78 810 54 851
72 -0.81456606274547894 0.98920125500802936 1.832017583346494 255 227 72 0.1672041225854122 95 737 24 709 40 720 87 763 15 609 93 705 69 567
1181 1.0541035146403297 2.2794478541687044 2.2696390032288205 231 217 181 0.021396006291124401 42 253 17 215
612 1.32915398087384 1.7650935262172227 2.7551475070740366 226 213 177 0.12552762653411545 24 378 15 324
2428 -0.66022577676593841 1.1915273274351903 2.9115572987698992 10 10 12 1.022140283125101 33 802 78 804 54 831 3 817 44 711 59 777
71 -0.58606335404410148 0.95024580311535611 1.8610557753568617 255 217 68 0.69770905836261454 95 734 24 712 40 719 87 761 15 610 93 707 7 623 55 737 26 686 60 1055 53 701 45 297 9 33 64 719 42 753 17 676 94 407 97 48 52 871 99 20 91 233 82 674 4 733 33 750 54 724 3 700 68 643 32 675 59 638 21 670 11 408 69 818
1180 -0.31461151383985142 1.5560729923920222 2.0003991056136976 59 40 4 0.19168722581370046 42 292 17 213 94 146 52 136 9 99 99 619
2427 0.96323603895169085 1.6353106317637316 1.3013381500037486 211 155 41 1.0983320651026389 4 757 78 795 54 835
70 -0.84745232575914597 0.94332587540471224 1.8077770770230255 59 59 0 1.1331943017847221 95 733 24 707 40 463 87 482 15 607 93 703 43 404 69 815 18 513 93 785 23 714
1179 0.83938866253086275 2.0863992717816595 2.411106326330934 233 217 178 0.014928855538317659 42 256 17 209
610 0.12784769875274049 2.1697570622833142 2.0885753982011646 43 38 32 0.8952448477417132 24 200 95 603 15 288 93 321
2426 -1.2634440604796688 1.6923410579071725 2.6165817112628149 0 0 0 0.74936231810847431 82 693 78 792
69 -0.36189867854915037 0.81036827684018886 2.0284847127374874 255 240 72 0.34633502078676864 95 731 24 711 40 717 87 757 7 393 55 538 26 583 64 592
2425 -0.83561392981411164 1.2556864288694687 2.6402671806166786 59 65 78 0.62082569187053638 33 760 78 788 54 796
68 -0.43499449825173264 0.78705141614263874 2.032774918888935 255 242 74 0.37545347231738257 95 730 24 708 40 715 87 756
1177 -0.42281349887353703 1.3921096342983676 2.1151615891789701 61 41 5 0.14697558841679143 42 278 17 194 94 127 97 102 52 918
608 1.0802772803505822 1.1445741481286156 1.8294204429946654 255 211 56 0.92177502289289026 24 302 15 258 26 238 60 585 53 198
2424 -0.76794161369035441 1.0033084572007429 2.3750763547304894 124 0 0 0.4460974824879414 4 735 33 799 78 782 54 828
67 -0.44456006153521876 0.76393072892025771 1.9065593542167547 255 243 73 2.0602115533757779 95 729 24 706 40 714 7 609
1176 -0.49481825729881312 1.348783781769755 2.1138069843281047 254 212 56 0.056336512073364986 42 282 17 192 94 125
607 -0.3930304216643471 2.1192654002900242 2.2510729487433299 78 88 89 0.12005716698952355 24 323 15 243 93 140
2423 -0.45396929909213668 2.1658118487525484 2.2292242528302446 74 83 85 0.9276340987834063 33 822 78 777 59 749 92 690 43 479
66 1.036326376931842 2.5380422035383785 1.9627583245403679 236 219 179 0.20006865048209355 95 721 24 701 87 748 15 601
1175 0.98816605080907827 2.133139238624604 2.3101736098055641 234 218 181 0.29425977406458204 42 231 17 191 52 707
606 0.85245960063833082 1.0538474417210693 1.847562026904243 254 216 59 0.41542141039147934 24 272 15 240 93 240 69 387 23 269 98 241 76 226
65 0.90080271364204756 2.5057389185281886 1.9979082888909407 231 216 178 0.34746369188455928 95 718 24 695 15 591 7 557 55 649 26 542 60 881 45 422 9 743 42 582 17 503 94 465 97 168 52 957
1174 -0.73676573457748751 1.0891612836483888 2.4291776799019087 135 97 18 0.46592182356917627 42 285 17 190 94 124
605 -0.08019978586721524 1.2540059114540283 2.2101815122401938 250 194 55 0.13024719541627106 24 255 15 210 43 27 92 270
604 0.69263861101039803 2.5090763683274528 1.9118937668998011 148 100 74 0.1980181223930628 24 224 15 181 93 192 69 554
2420 0.37835397394369841 1.1666437525942219 2.0887146615020149 205 188 154 0.5655154486740549 33 819 78 766 54 810
1172 -0.36467758244236004 1.4213092462452539 2.0226677312300088 122 100 22 0.53356873138450212 55 175 17 184 97 97 52 93 36 78
603 0.69465161262609321 2.5047794642961803 1.9052246834956454 148 100 74 0.13373764339215166 24 225 15 180 93 193
2419 0.38373568838201882 1.1748160402703753 2.0950970687214752 205 188 154 0.46247037298937688 33 818 78 765 54 809 3 750
62 0.85773621504327269 2.4369304340351801 2.0578246977464163 236 217 178 0.17024358058080702 95 710 24 681 40 698 87 735
1171 -0.34300237471808692 1.4497068345875626 1.9549417999687857 158 168 195 0.28904807486405576 42 532 17 183 94 108 97 90 52 87 99 66
602 1.2113566845847152 1.8375879489195281 2.6651009112196982 228 213 177 0.13147787554742987 24 210 15 168 93 184
2418 0.54178931142311881 1.4752707692558917 1.2271878976892219 0 0 0 0.78794495551458155 4 760 78 757 54 805
61 0.56040677835760988 2.4112163902693222 2.0607169761337341 230 212 172 0.24115970198590561 95 699 24 644 40 685 87 725 7 559 55 672
1170 -0.36674532097163515 1.4372292722244226 1.972448686319995 66 74 96 0.65752397977421961 55 179 17 182 94 107 97 95 42 534
601 1.1457425287631702 1.819554652191494 2.679643415712226 228 214 177 0.25863604762107623 24 209 15 164 93 182 85 358 41 263 69 350
2417 1.1614167981481651 1.3439082180070001 1.6586195599364253 192 126 25 1.0191453259303027 64 816 78 756 54 837 33 813
60 0.31436223572793237 2.4154078568286912 1.9742542166350354 106 73 61 0.429749929903321 95 698 24 614 40 682 87 726 7 577 45 456
1169 0.30676840672725608 1.7558220330521404 2.1004966305817518 88 57 8 0.28843107683201213 55 161 17 177 94 113 52 922 90 311 83 286 99 632
570 -1.0306015704354186 1.6555485460839512 2.2377508034587721 107 112 106 0.79265534382820935 40 917 95 927 87 957 91 781
2386 0.80446251031709715 0.91178914084085816 1.6398263941443427 153 136 43 0.22897837872095714 4 485 33 481 78 483 54 517
29 -0.73701180440301872 0.71072973926250771 2.0696204739667716 0 0 0 0.46504049848838563 95 451 24 418 40 451 87 470 15 332 68 535 69 564
1138 -0.75389559475384904 1.4190921406987644 2.1304051599356311 51 46 52 1.02602354317363 55 831 42 960 17 928 94 815 97 702
568 0.91164651779571626 1.0299038193321068 1.9109274663095941 156 92 16 0.13372816047156275 40 914 95 924 87 953
2384 -1.1338858366596316 1.7637014801901947 2.5667391198369396 121 123 115 0.090304284689506034 33 459 78 454
27 -0.49027113828897506 2.1644622938009377 2.2096669994508065 84 94 94 0.23196013169797763 95 418 24 322 40 394 87 419 15 242 93 139 7 578 55 700 26 561 60 917 53 513 45 474 9 715 29 473 82 492 4 400 4 572 33 395 78 387 68 323 59 363 21 424 92 266 43 34 69 307
567 -0.036833378742703954 1.1035832413403841 2.5620064758593553 0 0 0 0.53127862972827711 40 911 95 921 87 952
2383 -0.9968395406357633 1.635908166890147 2.6902797156024185 107 109 100 0.098638031568409876 4 456 78 446 54 271
26 -0.65730199263017985 2.0826277951460597 2.2419718769746018 32 26 25 0.17515457046524402 95 410 24 298 93 117 69 300
1135 0.91136967971751548 1.7403739980181856 1.3143308690012463 0 0 0 1.4164225337318326 42 942 17 913 52 1244 90 648 83 727 91 768 30 636
566 0.42461414358754906 0.94084115857168138 1.8579044394468536 241 206 70 0.3444875315215945 40 910 95 920 87 951 7 798
2382 -1.0444652396124017 1.7316064856481523 2.5992209735636433 116 118 108 0.11176071728252018 33 449 78 445 54 487 3 475
25 -0.91265551595812999 2.0491246895286537 2.2172662162217196 108 76 61 0.30168079073355047 95 406 24 282 40 371 87 398 15 218 93 247 7 584 55 708 26 565 60 923 64 665
565 -0.26375431124783666 0.92411564508825805 2.096640936217915 255 218 60 0.93689850942354902 95 917 87 950 93 878 24 926
2381 -1.0444652396124017 1.7316064856481523 2.5992209735636433 116 118 108 0.11176071728252018 33 448 78 444 54 488 3 476
24 -0.97966923040012466 2.0507175858043563 2.2436167055067076 115 81 64 0.29146886163679009 95 399 24 278 40 370 87 394 7 383 55 516 45 264 9 209 42 703 17 624 94 558 97 471 52 1019 90 218 99 728 83 216 91 193
1133 -1.3563326521146444 2.0071515580886103 2.3536050865384293 91 91 84 0.92784824527806031 64 671 42 935 97 638 52 1024 36 504 29 639 4 599 34 467 58 445 81 321 1 493 47 171 74 331 62 349 38 309 65 468 5 372 37 265
564 0.79546827480802507 1.5980655618238784 1.283420599495587 105 91 26 0.21352570415489949 40 906 95 916 87 949
2380 -0.97846157715945847 1.6140257841539327 2.7011738092273445 63 66 59 0.14541536688415607 33 444 78 441 54 490
23 -1.0471447137962187 2.0302836988933564 2.2592524458679253 124 87 68 0.57435340815655112 95 394 24 51 40 368 87 390 15 29 7 586 55 711 45 266 9 205 64 759 42 839 17 629 42 707 94 559 97 473 52 837 90 219 99 729 91 190 30 251 36 239 29 632
1132 -0.88226563342579678 2.1011462052959451 2.1883322188757726 44 31 26 0.45209475768208929 45 581 42 932 17 905 94 793 97 681 52 1235 90 642 99 1225 83 698 91 727 30 630 36 598 29 712 79 570 34 573 18 358 81 277 23 292
563 0.79546827480802507 1.5980655618238784 1.283420599495587 105 91 26 0.21352570415489949 40 905 95 915 87 948
2379 -0.89037036566987071 1.5325082720713974 2.7724406443736016 125 120 103 0.16324762912173196 4 222 78 435 3 473 59 214 21 279 46 448 65 327
22 -0.30754703881137491 1.5851305768983115 1.9813853647052149 129 142 172 0.19977420639829055 95 372 24 267 40 349 87 358 15 215 93 61
1131 -0.87172752211557625 2.024092092404111 2.2599381450368692 26 19 16 0.3329078803437911 45 477 42 930 29 711 34 446 47 73
562 0.63821025093983785 1.1540219676076904 1.3325161018418987 115 89 22 0.31755871150514065 40 903 95 913 87 945
2378 -0.95904199527150968 1.7026153456008373 2.6351100906047709 109 110 100 0.2063017693788825 4 449 54 484
21 -0.41974977471479469 1.4754117366439208 2.0064825993326934 250 207 57 0.17940502322431595 95 358 24 30 40 337 87 347 15 21 7 343 55 461 26 320 60 687 45 144 9 92 64 457
561 -0.16171920437324985 1.2155789666577581 2.0188558495785056 29 25 23 0.24873298264030186 40 901 95 912 87 944
2377 -0.96725579417548868 1.4203948623069698 2.3278842072764769 100 108 131 0.1293318117335612 4 438 78 425 3 629
20 -0.215157949059846 1.3544982866984603 2.0865068102073554 129 95 22 0.30801241270840274 95 351 24 25 40 51 87 333 7 307 26 290 60 644 53 319 9 82
560 0.34511987435495151 1.1518478253167506 2.0740905302576258 0 0 0 0.041033787487087005 40 900 95 911 87 943
2376 -0.91777992545354459 1.3490566281966809 2.3025796162594645 124 128 150 0.29746940576545355 4 433 33 433 78 423 54 475
1128 0.097529896610747929 2.3102038900293476 2.0178513734005579 130 88 66 0.41951483905104164 9 731 42 917
559 0.19150869014895833 1.0824910748493599 2.1229315349922144 239 204 68 1.0698389483972048 40 899 95 910 87 942 7 802 55 874 45 648 42 1003 17 914 94 805 97 691 83 724 91 759 9 881 84 455
2375 -0.92278715497690977 1.3205485838864575 2.279375062436328 124 128 150 0.88485073798796421 4 432 78 422 54 476 3 447 21 434
18 0.9450334745251403 1.1096671211464602 1.8484147917745735 250 199 48 0.22519132835710282 95 334 24 287 40 311 87 313
1127 -0.44841660973368647 1.526050170771174 1.9582901102943082 90 79 46 0.21797648275117246 55 828 42 908 17 842 94 734 97 619
558 -0.13284024935472807 0.98691522161275225 2.1128626125988257 0 0 0 0.22071074388220435 40 897 95 907 87 938 7 805
2374 -0.76536986542013707 1.0489564185540297 2.5343820325527915 92 74 19 0.54457445219575995 33 427 78 421 54 481 21 212
17 0.66140273200534538 0.95300835011042873 1.5673234013824873 13 14 17 0.41232310199295003 95 317 24 457 40 294 87 8 26 246 60 595
1126 1.1357005439725585 2.5867042818588781 1.9026615499565041 0 0 0 0.94913217766551572 64 780 17 726 9 819 29 686 34 406
557 0.55144909173317536 0.87710371156341804 1.7757289394595495 0 0 0 0.84147334558856846 40 908 95 918 87 937 45 676 42 1040
1125 -0.4923883370062373 0.77764088424665123 1.8550675897963682 0 0 0 1.7426911456607301 45 499 42 865 17 666
556 0.77456780892519939 0.81277257656988056 1.7728734325988353 0 0 0 0.30262441511586657 40 896 95 906 87 936
2372 -0.85664354391804265 1.2192976201289198 2.1063701540206043 140 120 35 0.2580645537951784 4 417 33 421 78 412
15 1.2240564835389225 2.2735779255241404 2.2398525027860212 225 213 177 0.43610477439517487 95 276 24 223 40 254 87 256 15 183 93 412 69 562 23 499 41 274 98 327 88 320
555 0.079770076900371523 2.2548513472625591 2.140785146796798 196 183 150 0.47152670145413927 40 889 95 903 87 934 15 787 7 781 55 884 26 748 60 1124 53 746 9 897 64 847 91 772 82 707 4 769 99 1246
2371 -0.71014505234404968 0.81664052017510191 2.000182643956518 254 228 71 0.029569712288574239 4 388 54 460
14 0.95718410461637582 2.1984771233472578 2.2935102879902538 226 213 176 0.40819537805407091 95 269 24 219 40 248 87 251 15 175 7 178 55 167 15 327 64 63 99 174 69 549 85 156 41 262
1123 -0.96297984391926295 2.0932193499760756 2.2230517209784688 49 37 32 0.42268691226135918 45 269 55 518 42 838 17 793 94 700 97 636 9 723 52 1207 90 602 99 1103 83 574 91 616 30 587 36 551 29 630 79 462 34 449 13 507 49 407 27 419 77 261 58 441 81 213 1 314 47 141 84 383 50 415 66 417
542 -0.99730999312599189 1.9603654733082749 2.3648146854109786 102 111 110 0.99455322667341772 40 845 87 897 64 810 82 629 4 749 33 694 78 601 59 723 21 757 65 602 5 391 38 333
2358 0.8194422458803019 0.8374875665210636 1.7124564251170764 129 109 31 0.33474066007946213 4 1 78 267 54 303 3 288
1 -0.78712999840832443 1.2664026850984618 1.9971888944218619 77 92 124 0.16322656872114638 95 25 24 3 40 24 87 39
543 0.09187670247413085 1.8546843737962315 2.1616119295559519 38 31 25 0.052441690371575617 40 847 95 872 87 898
2359 0.81093158675445931 0.8277633295147806 1.7050883687223075 129 109 31 0.22069575690950446 4 0 78 268 54 304
2 1.0737600182824982 1.1095139933636047 1.8355165942148639 144 75 11 0.27631509589088404 95 28 24 85 40 34 87 30 15 102 93 89 60 8 69 114
1111 0.07260176498486598 2.1016180061408516 2.157228039528722 65 69 87 0.45998844684108547 45 392 42 640 17 741 94 655 97 542 52 1185 90 580 99 1157 9 804 83 637 91 671 30 569 36 537 29 197 34 83 77 182 58 353
544 0.84739662857425957 1.6337823084771799 1.2979116989122053 106 93 28 0.31362325701834282 40 852 95 873 87 899
2360 0.59960419554509914 1.1937406041004173 1.3351521395048034 114 99 30 0.4958732725089629 4 249 78 269 3 280 59 6
3 0.90117818501983993 1.1292231762645215 1.8285850232567309 255 223 60 0.20310872891615153 95 30 24 65 40 33 15 82
2361 1.3873860764617485 1.8315095097335692 2.6958804025714667 239 225 190 0.37977118507301516 33 279 78 292 92 597 43 335
4 1.1127672774493478 1.1206232172094905 1.8278008814728455 133 78 15 0.24742468990729963 95 34 24 96 40 38 87 32 15 111 93 97 7 13 26 4 60 369 53 2 68 144 89 12 69 295
546 -0.68140884009430569 1.0897487406315063 1.8725849370822365 27 27 54 0.28654258453773368 40 816 95 837 87 913
2362 1.3306456087268812 1.8068483159221005 2.7178785218284625 234 218 181 0.24029326377626981 33 288 78 302 54 345 3 30
5 1.1128451670355928 1.1210134296244274 1.8311996657834668 133 78 15 0.36720977058426069 95 35 24 97 40 39 93 96 9 10 91 11 69 296
1114 0.42249895194751497 1.3425847502610355 1.5931526115539967 0 0 0 1.2959663406605797 45 624 42 738 94 716 52 1151
547 0.68747472238761709 1.0668938600455717 1.5345148611883559 35 27 15 0.69840614590838312 40 902 95 888 87 917
2363 0.31418568414517212 1.462955387937009 1.9728994754035534 156 117 29 0.30029883072547442 33 523 78 324 54 368
6 0.96789986298658526 1.1441280857369052 1.8112522248678615 253 219 55 0.20601193120567865 95 37 24 81 40 42 87 38 15 93
1115 -0.2571496915057383 0.89990915045213371 1.9228443834181519 254 235 81 1.1194831241387917 55 539 42 740 17 812 94 764 90 448 30 450 36 429
548 1.067536450535636 1.3050704298094966 1.6413869965458465 254 230 85 0.63421241801130501 40 878 87 922 93 853
2364 0.76343744143134862 1.6129040797855612 2.834109199721436 76 55 49 0.36378116592529103 33 331 78 333 54 383 3 373 44 480 89 443 11 369 75 217 75 376 25 207 25 378 48 583 86 482 80 1006
7 1.0354608706724873 1.1595654617194817 1.7914366755354312 253 224 60 0.27630370441824975 95 50 24 102 40 50 87 46 15 108
1116 -0.44381145930943422 1.4574060933699533 2.0675690749628566 63 46 7 0.79743734023674795 55 755 42 776 17 717 29 571
549 -1.1612898433623768 1.5930335113326151 2.3758527624233143 0 0 0 1.682810875536185 95 895 87 923 9 908
2365 0.0016841678587099229 1.6983480523251311 1.9409324919179585 85 96 124 0.053205998598140319 33 348 78 340 54 391
8 1.1124696362912008 1.1829301292222405 1.7898884138047957 254 239 84 0.45002209385765884 95 64 24 313 93 254
1117 -0.26973991203625536 1.6159915687349027 1.9634988550353589 6 9 12 0.43495222324430594 9 349 42 777 17 719 45 345 94 637 52 1091 99 1047 91 546 29 567 49 568 13 470
550 1.1866317337855761 1.3523852081238263 1.7233204917454683 190 138 71 0.69975751965854649 95 897 87 925 40 842
2366 0.090170289032542039 1.2918230435204694 2.1655738339705466 171 131 33 0.23515958290552452 33 347 78 343 54 579
9 1.3951679697404735 1.7831774535760021 2.7354223015935486 226 213 179 0.19751132595768639 95 203 24 211 40 189 87 187
1118 -0.079933978147702617 1.7622988409297884 2.2343686257102431 102 85 20 0.45056623485128272 45 201 42 778
551 0.3792451883953819 1.4374306615573671 1.8973668691634962 139 110 29 0.72616182907291194 40 904 95 914 87 926
2367 0.15721104974710937 1.3788142663608483 2.9712267278022453 35 22 20 0.27112657186444483 33 366 78 367 54 188 3 189
10 -1.0914739210887323 1.9903389999868264 2.3331398164967663 140 140 129 0.31550688912625613 95 207 24 45 40 177 87 200 93 71 7 232 55 515 26 382 60 736 53 362 9 193 64 541 42 710 17 628 94 560 97 474 52 1021 99 726 83 215 91 182 29 512 82 380 4 464 33 442 78 431 54 479 3 459 44 376 89 378 68 26 59 427 21 498 43 8 92 237 69 100 46 234 65 328
1119 0.65666914922107344 2.5640347489506365 1.8916472602940617 47 32 26 0.27810060174592799 45 461 42 786 17 742 94 658 97 543 52 1192 90 587 99 1164 83 647 91 687 34 413 81 49 1 248
552 0.47992165207587822 1.4596602880168441 1.6738405398798668 80 89 112 0.4153266947472472 40 880 95 899 87 928
2368 -0.31462903193091618 2.2403725463375319 2.1308127183928782 31 24 23 0.3766467860389891 4 384 78 368 54 164 33 173 59 354 21 412 65 68 5 59
11 -0.9340676018829599 1.9787159491544069 2.3495085707214991 91 100 99 0.42947879721889148 95 208 24 50 40 180 87 201 15 33 7 377 55 511 60 735 94 554 97 469 52 1131 9 670 91 175 9 180 68 31 69 103
1120 -0.72931667329891503 1.6126255977667432 2.133429536598126 2 2 2 0.94364894669012445 64 261 42 797 83 526 59 368 33 214
553 -0.25016418944182217 1.6029643387646244 1.9854141571151005 18 18 14 1.2437707340344897 24 834 87 929 15 634 93 809 7 776 55 863 26 744 60 1068 26 702 53 621 45 634 9 892 64 789 17 923 94 811 83 711 82 480 89 499
2369 0.092353055461733918 1.3588401876867113 2.9824815582671049 36 23 21 0.27558416245993894 33 372 78 371 54 196 3 414
12 1.4601461616736651 1.7984180829702825 2.7196689902800228 228 214 180 0.3451355391380751 95 213 24 212 40 202 87 191 93 188 69 553 41 275 98 326 76 312
1121 0.11314402761468886 2.4520737567155821 2.0631717442664677 87 87 82 1.6107928070366109 9 825 42 809 29 592
554 0.13902266883966335 2.1102901881170908 2.0433718447974067 18 14 12 1.9259187236064881 40 907 95 902 87 933 93 877 7 792 55 865 26 746 60 1123 53 612 45 641 83 716 33 541 82 664 68 353
2370 -0.60427214289950026 0.73481264335508978 2.0713368448846992 254 234 69 0.13425384725552442 33 197 78 394 59 125
1122 -1.0501256214620098 1.5848929056082823 2.709275674300756 80 83 77 0.45918724087526852 64 659 42 825 17 769 94 678 97 566 36 497 29 623 82 377 4 465 33 456 78 452 54 497 3 255 59 448 21 630
571 0.29797837241199226 2.0255151649055105 2.1548967538468413 212 192 151 1.4362451214782301 40 921 95 932 87 958 7 817
2387 0.79125426329434623 0.88595996091958695 1.665398540652022 125 108 31 0.4366661507346753 4 242 78 487 3 523 59 2
30 -0.75631636856816731 0.75119265765163656 2.0443510517840529 255 240 76 0.60854946554959388 95 452 24 419 87 471 15 605 68 416 92 602 43 135 40 266 86 570 85 495 41 493
1139 -1.0223088566355354 1.3609271985799702 2.9753126280267819 197 187 160 0.83577124444475459 64 834 42 996 17 932 97 706 52 1229 29 803 82 722 4 787 78 790 54 834 59 780 21 809 25 597 11 504 34 617 16 789 65 623 81 355 1 536 47 213 73 676 8 440
572 0.67728803280016081 1.2765300180579247 1.1326695325257237 255 240 64 0.099999773867102112 40 925 95 938 87 960
2388 0.26478246752164558 1.5212806747838761 1.8276419230861345 149 123 43 0.13148785341650734 33 522 78 514 54 545
31 -0.7890918019341906 0.79041871010898856 2.014550085212766 255 232 74 0.80694278951460607 95 453 24 420 40 452 87 472 7 399 55 325 26 271
573 0.077771823587006489 1.6995979998616146 1.9740428275932169 73 82 110 0.19935461453499728 40 926 95 939 87 961
2389 0.20149752339064206 1.2245744232049685 2.0241783496669465 166 146 51 0.25671824274315136 33 527 78 528 54 562
32 -0.45644097695193198 0.83869672367679426 1.9765724053031231 255 240 71 0.11950175673161367 95 459 24 423 40 455 87 268 15 337 69 356
1141 -0.44445214991252624 0.82603116521703757 1.8966940530339764 252 228 77 1.2636045587456946 45 616 55 890 17 875 42 945 94 594
574 0.53035001136966542 1.7525793339066078 1.9006717524336141 241 216 166 1.7808503220230254 95 930 87 963 40 885
2390 0.76371318319384762 1.5178020090273157 2.9101502305685285 127 97 87 0.39341415400496021 33 525 78 533 54 573 89 445
33 -0.62907528903777021 0.90986799897047033 1.8827436720753274 180 127 34 0.68397484351786375 95 462 24 226 40 460 87 479 15 0 93 195 7 621 55 557 26 610 60 979 53 623 82 604 4 561 78 573 54 628 3 579 44 643 89 376 68 270 32 586 59 324 21 368 75 64 25 75 69 230 46 90
1142 -0.062398422176160401 1.5132588221828434 2.0118591126781884 82 54 7 1.2470694136874914 64 845 42 1015 17 942 94 831 97 696 52 1250 90 652 99 1257 83 710 91 742 30 616 29 776 79 587 34 561
575 -1.2210042476999379 2.1501136381116011 2.2936750791853364 0 0 0 1.5838321439340597 40 929 87 964 93 873 55 907 26 779 45 693 42 1051 17 976 94 862 97 756 52 1304 90 709 99 1295 83 767 30 683 36 670 29 833 82 757 78 823 34 642 18 603 81 367 23 772
2391 0.69231917918055519 1.5991041051677506 2.8574472562907447 79 55 47 0.62730039827344408 33 529 78 535 54 575 3 569 44 487 89 450 68 468 32 602 11 375 92 120 75 380 25 382 46 549 56 623 19 469 16 614 85 405 69 617 41 315 8 241 73 476 98 383 76 364 88 362
1143 -0.51197083372134655 1.4049195893458917 2.0579185531599946 84 68 14 1.4795879033660391 45 630 42 1016 17 945 94 809 17 922 99 1138 90 564 83 614 91 722 30 485 36 462 79 405
576 -0.95076690275990194 1.447061891851289 2.2535649579976447 95 83 24 0.38249093427777442 40 932 95 943 87 965
2392 -0.42324820154641474 0.90984718890924499 1.9061450131813573 255 231 72 0.088997076128116401 33 560 78 556 54 606
35 1.0653284124365427 0.88587815136333092 1.7762634191007931 0 0 0 0.45521607217043403 24 738 40 476 87 487 93 725 69 836 18 452 23 513
1144 -0.55428606824638083 2.1682840462736181 2.2587878569874462 36 28 26 0.42828215398251157 9 877 42 1024 17 951 94 839 91 751
577 -0.050230863865102254 0.96925624232591434 2.3471265298403794 0 0 0 0.32245016753864969 40 937 95 948 87 967
1145 -0.81823555862063624 1.7872546768585214 2.2010152386843598 46 57 81 0.38498052583377362 55 885 42 1043
578 1.1867273486108418 1.213037296535427 2.1286403693397546 93 93 51 0.36926143958777757 40 939 95 950 87 969
37 -0.34333103599101411 1.1936117601458971 1.8128998074353087 255 236 60 0.11228271027639664 95 487 24 447 40 491 15 618
1146 -0.86957166488452686 1.2115313532144318 3.1531179101490276 140 136 117 0.87656185930787578 64 883 42 1048 17 973 94 859 97 752 52 1291 30 678 36 660
579 0.6319226656687742 0.76068958868734149 1.5876436455923619 0 0 0 0.5423429347111276 40 942 95 955 87 973
2395 -0.59822228057990767 0.81103373771734433 2.0004145944096328 255 232 73 0.14544360837242934 33 579 78 579 54 633
38 -0.75114280008821677 1.616614824158078 2.1677866097239162 16 14 5 0.20308451278096981 95 510 24 26 87 355
1147 0.50180591757467385 1.1370591556424421 1.3334745406490702 128 142 176 0.37563433740539404 42 26 17 14 97 7
580 -1.0194488470290999 1.1556707052544803 2.0502576169050974 0 0 0 2.2938140726526681 95 956 87 974 40 944 9 924 99 1301 83 771 91 800 79 635
2396 -0.7148146734896037 0.8819941547940845 1.9141803567575808 255 232 73 0.32309101358038739 33 587 78 584 54 638 3 590
39 -0.31494279549611948 1.5495767104165308 1.9924599491832566 79 65 16 0.45267524474665594 95 511 24 264 40 515 87 537 15 35 93 238 7 458 55 611 60 688 53 165 82 137 18 338 49 564
1148 0.62199256787092205 1.1954936943060037 1.3242633646145898 144 129 39 0.10538962596459946 42 23 17 15 94 13
581 0.1108298419429524 1.2834507285682935 1.8672576475016429 199 172 60 0.76688719457047194 40 945 95 957 87 975
2397 -0.58268814379793121 1.2264091259876408 3.1053138697958218 77 56 50 0.096880157981089246 33 423 78 602 54 672 44 550 59 578
582 0.97432286817086122 2.4523665431749939 2.0363021841523827 201 188 156 1.9663558156560681 40 946 87 977 60 1170 92 789
2398 -0.65492220065563655 1.2007386187266842 3.0429443407955605 220 207 172 0.4108458402976744 33 430 78 605 54 746
41 -0.87159872934370086 1.9910305850269976 2.3429643304868226 87 96 94 0.47933762820311926 95 541 24 752 40 535 87 561 15 629 93 742 7 690 55 784 26 714 60 1089 53 712 45 469 9 671 64 806 42 929 17 786 94 693 97 580 52 1128 90 417 99 972 83 445 91 438 30 418 36 408 29 710 4 747 89 628 34 531 69 855 58 282 81 278 47 76 23 543 18 85
1150 0.58742759583588544 1.3146051061135728 1.2340866696574659 109 85 17 0.2026791326905083 42 34 17 26 97 15 29 362
583 0.98082206319652887 2.4598092707968724 2.0453197902282465 201 188 156 1.6875400452625797 40 947 87 978 15 834 24 949 45 701 17 980 94 868 69 1000 41 629 85 651
2399 0.2957996762961761 1.5295132312222088 1.7328808514849647 111 90 23 0.56277822005701894 33 635 78 641 54 694 3 680
42 1.3880473520629473 1.8284877039085881 2.6898169449094 234 218 180 0.50710055477209603 95 542 24 565 40 543 15 512 43 334 32 565 69 745 85 491 41 487
1151 0.57921188992590733 1.3146109403708508 1.2270089150221937 109 85 17 0.1436593012271716 42 35 17 27 97 14
584 -0.062244275152727541 1.8479525184912216 2.0081095391203014 8 7 5 1.3500191146027793 7 830 55 920 87 980 26 790 64 889 42 1062 17 983 94 875
2400 0.17472088586222911 1.5185453519491225 2.012102144042248 55 53 66 0.73828746381458776 4 718 33 648 78 651 54 564
43 -0.80126801701836436 2.00880849989638 2.3337666174719014 73 84 85 0.21036236544108888 95 544 24 475 40 538 87 564 15 380 93 248 7 570 55 702 26 652 60 1019 53 642 64 756 82 620 4 680 18 87
1152 0.53548009565117805 1.3785496392477343 1.242127448847506 139 124 42 0.11039556232440485 42 41 17 29 94 26 97 19
585 0.49110226843399318 2.6697052454447294 1.8905240601589641 0 0 0 1.4357172863871095 40 949 95 959 87 981 7 831 55 921 26 794 60 1173 53 791 9 929 64 890 43 536
2401 -0.34145181007788183 0.93074075670301137 1.9142070722179776 255 236 74 0.15302406166510005 33 659 78 661 54 716
1153 0.54330764665932685 1.3784323958868718 1.2480809153097974 139 124 42 0.16869870403394041 42 42 17 30 94 27 97 20 52 29
586 0.93058657635340958 2.7578438894509647 4.785054157214943 232 216 178 1.9049418312280288 40 950 95 960 87 983
587 -0.32561729040350262 2.1453218707927433 2.2383160580440893 53 59 59 0.2896898528696899 95 570 24 494 40 563 87 414 40 393 95 417 15 397 93 287 7 567 55 504 26 556 60 911 53 501 45 252 9 500 64 649 42 671 17 597 94 529 97 447 91 178 29 460 82 487 4 567 34 279 69 314
2403 -0.36833585896673915 0.97065621211081932 1.8602510003374513 255 237 73 0.23809048992207596 33 660 78 664 54 710
46 -0.2589606934959352 2.1648473605343161 2.2222838259238111 79 89 90 0.37955708307200631 95 576 24 496 40 568 87 604 15 402 93 493 55 695 26 555 60 909 53 497 45 251 9 502 64 646 42 666 55 502 17 593 94 525 97 445 29 455 82 485 4 564 68 70 33 169 21 409 34 113
1155 0.46750522051182253 1.2618925808600441 1.9739139725417525 37 39 46 0.097068265125083805 42 57 17 43 94 47 97 42 30 287 36 272 29 36
588 0.63491148169193157 2.1318920396309391 2.3317860554096672 111 104 93 0.28055099337571821 40 242 95 263 87 243 7 361 55 454 26 171 60 509 45 209 9 474 64 122 42 296 17 247 94 189 97 145 52 740 90 120 99 854 83 331 91 367 30 137 79 329 13 212
1156 0.47035783252510599 1.4556586805343783 1.5825316044417499 21 19 19 0.26838307155746222 42 58 17 46 94 46 97 40 52 39 30 34 29 33
2405 -0.3810061365170565 0.91436709317184417 2.2051224933243851 23 22 25 1.0793085328261265 33 379 78 673 54 844 44 746 89 512 68 423
48 1.0000764141496408 2.1411565964698798 2.3287080454887001 236 218 178 0.5235772581383521 95 606 24 789 40 600 87 621 15 529 93 776 7 453 55 578 45 352 9 643 69 880 18 391 23 701 41 532 98 601 76 597
1157 0.18272746128747075 1.1597476485966247 2.1234316554562094 31 35 45 0.17736609334819967 42 490 17 60 94 53 97 338 52 881 90 265 30 293 36 276
590 0.60750847740773573 2.1505746310141141 2.3112639897915832 229 212 174 0.53610581162750404 40 406 95 429 87 426 7 363 26 314 60 652 64 131 18 201
1158 -0.63536146650388958 0.80997653025676752 1.9858415080534875 177 129 28 0.033898530689632111 42 92 17 61
591 1.5655658939469672 2.3816942834795691 4.2282833796394721 238 220 182 0.022750663685931781 95 557 87 575
2407 -1.3191819769523498 1.9674437895813821 2.2959286640257321 134 92 69 0.83915339394884803 4 597 33 704 78 707 54 748 3 731 44 660 68 556 32 673 59 685 21 636 11 400 92 392 43 149 46 664 56 595 16 698 8 250
50 0.25019738062914443 2.2641057080573823 2.1867456669222083 221 203 163 0.098638250895348195 95 624 24 538 40 615 87 646 15 425
1159 -0.51175771048228347 1.010530091748937 1.790915873712871 174 127 28 0.054740235120698644 42 103 17 68
592 -0.12043080081777449 1.2210123236267709 2.3210015684007597 141 79 6 0.33404994439167462 24 14 15 20 60 477
2408 0.91924755768603472 0.76850962140387991 1.754070485310254 0 0 0 0.33270835633231971 33 709 82 527 78 711
51 0.25019738062914443 2.2641057080573823 2.1867456669222083 221 203 163 0.098638250895348195 95 625 24 539 40 616 87 647 15 424
1160 -0.63715062481072804 0.9700224523812967 1.8320627391773192 167 126 30 0.19457918838098642 42 128 17 81 52 42
593 -0.35864235534851996 1.6683316016239416 2.0350751933573616 97 85 23 0.95279290979720521 24 273 15 40 93 455 23 735 18 485
2409 0.94866663307097143 0.93554331641077682 1.9253316853829587 0 0 0 0.91174866486483863 33 710 78 713 54 761 59 611 3 744
52 -0.10667108422282465 2.2826653511400532 2.0514254017449276 88 63 54 0.47880481296164401 95 633 24 364 40 618 87 652 93 169 7 580 55 698 60 914 45 466 9 517 69 328
1161 0.14422093063894609 1.3525337910981001 2.1127937818709444 121 93 21 0.18526623390484698 42 125 17 95 94 70
594 -0.82157924473052257 2.0259209382166876 2.2391509677962032 78 59 53 0.23312637677034667 24 62 15 42 26 221 60 573 53 358 82 359 4 430 33 419 78 409 89 367 68 298 59 389 21 447 92 242 44 523 43 15
1162 -0.15053275100969568 1.2998783434973287 2.0731726509918076 9 6 5 0.68081225097375353 42 186 17 104 94 75 90 280
595 -0.71446475798118403 2.1116417249814416 2.1738151439834161 75 57 52 0.26392961698870959 24 98 15 53 93 116 69 118
2411 0.14350931883761425 1.1704816304415142 2.2104297163851734 124 85 16 0.37156987181029938 33 650 78 727 54 706
54 0.95036367182876091 2.2415493832170128 2.2450357453740484 233 216 177 0.40014042175888764 95 645 24 645 40 636 87 661 15 551 7 465 69 741 41 398
1163 0.38943849944372894 1.636735122519875 1.9544408036491241 34 41 55 0.18823417921597929 42 155 17 107 94 79 97 70 52 642 90 57 83 68 30 63 36 67 79 47 27 185 84 28
596 0.82007540261894685 1.0429082363606017 1.818759991072695 255 234 65 0.17492001564369161 24 47 15 68 93 49
2412 -0.48218994016214134 0.87879662159815841 1.8434186567197477 255 231 69 1.7145983085255301 4 727 78 730 54 782 3 692 32 581 59 523 11 294 75 314 25 299
55 0.22536403841471908 2.3187737952288083 2.1271196727952235 222 204 166 0.30903198766967693 95 649 24 556 87 674 93 543 18 387
1164 -0.0070614196546931185 1.5373104662870662 1.7369130336425216 29 38 56 0.17994630428324848 42 199 17 113 94 430 97 362 52 638 90 46 99 589 83 61 30 53 36 58
597 -0.21368798763923016 2.1496241208898912 2.2335365807765495 9 12 15 0.59543589191087976 64 244 17 307 42 381 97 221 94 522 52 493 99 472
2413 0.08728434285650602 1.2397228142108505 3.0585258396879409 0 0 0 0.66225349541302858 4 729 78 732
56 0.86113369131903683 2.2736326543185186 2.2121476783167222 236 218 178 0.13296139625246409 95 654 24 642 40 641 87 670
1165 0.35941329392325849 1.6739561500692428 2.0009976441849462 83 59 10 0.20911154973418061 42 193 17 123 94 87 97 75 52 650 83 78 30 75 36 75
599 1.0996994863605007 1.205222227751866 1.7638846057375979 255 235 70 0.16066607636724178 24 130 15 125 93 258
2415 -0.85153511198284182 1.2746778333632112 2.2587042993267179 164 130 35 0.1608270201058995 33 757 78 743 54 792
58 1.1553469005034893 2.3014188458184419 2.2023820797135341 235 219 180 0.20846273893631087 95 679 24 679 40 667 87 698 15 590
1167 0.89154863749700475 1.9080340757746401 2.5807565207584169 232 215 178 0.14077602816097615 55 375 17 168 94 123
600 0.022292306249388133 2.2803704992479887 2.1578372312914156 183 167 135 0.315297502753142 24 205 15 139 7 219 26 201 60 558 53 164 82 121 4 137
2416 1.0507097980185875 1.4332268170115681 1.4929657062398916 196 125 21 1.2532939659236138 4 755 78 753 54 836 33 814
59 0.42592685759967164 2.3699745118019941 2.0876331110519404 225 207 167 0.53405410057998515 95 681 24 618 40 664 87 700 7 562 55 678 42 631 17 558
1168 -0.54250282804836913 1.2680484582419906 2.1541823793544101 255 221 68 0.83144680375101532 55 170 97 96
128 -0.54723958810295636 0.94889485638094617 1.9684457472482992 255 227 60 1.9366386621637974 95 958 24 950 40 948 87 979 15 836 93 900 55 922 7 833 26 796 7 834 60 1176 9 930 69 998 41 627
1237 0.32013119897028247 1.7968837525272212 2.1433523904290688 117 97 30 0.19200749424479832 42 527 17 449 94 444 97 379
2494 -0.96862047906479676 1.4262193106363004 2.8990665387730972 130 127 114 0.096353374550205442 33 454 82 374 54 500
137 -0.31172520657261615 1.3800922112219498 1.9581707784906319 254 226 60 0.11281940946640445 24 24 40 65 93 21
1246 0.99562862183430267 2.5363476178098847 2.0054880331399558 232 216 181 0.1653496511059547 42 570 17 494 94 222 97 162
2510 -0.63631589869684146 2.1584757746041436 2.1502351565390625 44 37 41 0.39977151820350415 78 586 54 629 3 604 44 349 68 315 59 552
153 0.96144436251167176 1.4908528614080054 1.5015003172913441 254 229 77 0.33411335359417099 24 357 95 187 40 176
1262 -0.45948706935120143 2.202487062782053 2.160117276734721 32 24 21 0.17977034972010075 42 685 17 611 94 544 97 250
2512 -0.47848407320756725 1.2441820980133231 3.0636806109680368 47 33 29 0.39352162550986475 78 596 54 661 3 633 89 365 32 477 11 235 92 251 48 172 86 51 85 52
155 0.7535480443874818 1.4755074151391829 1.1837197792899157 118 94 22 0.2762260785683876 24 178 95 209 40 190 87 175
1264 -0.9112781052819896 2.0507546176187423 2.2056986942358376 106 73 53 0.070291619617729353 42 696 17 621 94 556
2514 -0.88927278190414838 1.5434736635167412 2.7748281952839378 126 121 105 0.099598833632483633 33 602 54 674 3 645
157 1.3737217618142346 1.8266788777735026 2.6914296885953588 231 217 181 0.078011088856673599 24 392 40 211 93 368
1266 0.62040886147553864 0.98495981373097252 1.5252615762670085 110 126 161 0.19457469509778152 42 724 17 645 94 389 97 312 29 526
2518 -0.44907847461484762 1.1691527470373537 3.1571029116017431 152 101 75 0.14264435609480167 78 692 54 742 3 727
161 1.2757771879222433 2.1682626690227469 2.3364283038866627 231 215 179 0.17687335601226253 24 413 40 249
2526 -0.67761641919199112 0.75477716189599475 2.0988625369978995 255 233 72 0.41509761320975552 78 780 54 823 3 794 59 707
169 -0.32153559566007306 0.88023238589091657 1.9492219031217295 255 242 70 0.19008806552164209 24 230 95 292 40 271 87 277 15 186 93 201 69 360
2549 -0.44183034291140888 1.3256965511948728 3.0464125206948141 212 197 162 0.41877875669870357 54 657 3 631 44 543 32 628 75 486 11 454 25 510 48 657 86 608 100 636 46 589
192 0.048676531739356627 2.2487985547633129 2.1900226536911127 191 179 147 0.11239731970670934 24 199 95 434 40 411 7 374 55 492 26 199 64 228
2552 0.45200455954095431 1.4977731859349392 2.915312058914195 228 213 177 0.75049919154228562 54 779 3 761 44 608 32 711 11 453 92 636 82 560 75 536 25 561 48 675 86 630 100 556 80 919 39 643 28 605 14 455 46 695 56 630 19 595 16 708 85 531 41 563 71 476 8 247 73 567 35 258
195 -0.8600860570227149 0.85422442713830782 1.8974943142825742 0 0 0 1.7836044847008985 24 703 87 758 95 732 45 518 18 446
2554 -0.83587671800342256 1.9639953616830415 2.134912811887002 62 47 46 0.26454025499492823 54 848 3 821
197 -0.4382398893486531 0.95324510732664369 1.8686349509501006 255 240 71 0.16284929847887769 24 429 95 468 40 466 15 344 93 203 92 405 43 154
2559 0.4410767349456492 1.5480300042822939 1.9695084464626866 127 93 21 0.26103331464843116 33 87 44 80 89 166 68 85
202 1.0215431697369703 0.82940777032656743 1.7491276117401513 0 0 0 0.44105424630653012 24 731 95 739 40 474 93 722 23 650
2572 0.77709637911757834 0.9395006064027166 1.6176895063613328 124 107 31 0.36018903314535511 82 212 44 226 32 284 11 60
219 0.32376658967711008 2.1198423114881697 2.3241123460018134 223 202 158 0.13989281435993667 24 511 95 578 40 572 87 599 9 478
2577 6.4353722924101069 18.946990044101195 17.053761904518993 230 214 176 2.7383469933331792 53 273 44 315
220 0.93318369021356773 2.1133064538243325 2.3367688051207542 237 219 179 0.18253861925123652 24 604 95 597 40 590 87 610 15 504
2579 0.48511370040419688 1.4295821469754204 2.6146948678622848 227 209 170 0.20579975720035587 3 85 44 333
222 0.31794226032609785 2.283234611440641 2.1715424570298176 223 205 166 0.077125635291195649 24 558 95 635 40 626 15 436
2584 1.3350612803871285 2.0656087844954025 1.7821304185678621 255 225 65 2.4132944925504169 82 396 44 409
227 1.1301736405069183 2.3508911429947932 2.1563996285134936 234 218 180 0.12827679884885318 24 688 95 696 40 684 87 714
2585 0.64316497215933077 1.1781165155280431 1.3411945389118329 145 131 43 0.28586097493388096 33 487 44 426 89 424 68 500
228 0.85787067745126322 2.4327828582552682 2.0508836972269551 235 218 178 0.24947157123209587 24 682 40 699 15 579
2586 0.52697019591860916 2.7545893469297247 1.9869540079213479 0 0 0 1.3458940473565624 3 332 44 445
229 0.44931036808027131 2.4656778424869574 1.9546173760493843 106 71 55 0.46842609916523759 24 651 40 700 93 632 23 699
2592 0.76249582566250385 1.7059355020128726 2.7779042216460246 230 214 174 0.2937081757884954 54 566 44 474 89 440
235 -0.39886632990658777 1.2367763502021849 1.7718003892795129 206 212 236 0.10973138867985421 24 718 95 760 40 741 87 779
2593 0.36516999381008719 1.5474060328471178 2.8760479712557601 224 208 171 0.57260901923292662 54 420 44 504 32 612 11 443 75 470 25 487 48 670 92 320 100 649 80 1002 39 642 56 625 16 619 8 248 73 482
236 1.1617996052114439 1.1763166304223058 1.820705730861079 44 44 0 0.5094834277531527 24 769 40 748 15 744 93 748 69 907
237 1.1679608436286946 1.1725897976956745 1.8015049634276357 44 44 0 0.93080171504960574 24 770 40 749 15 745 93 749 26 570 53 531 69 908
2602 1.2299389000779553 1.6415542209489196 2.8077989241849068 155 104 77 0.65317862185193953 82 412 44 593 32 590 92 720
245 1.2007620077149816 2.1968561836318048 2.281309140690968 237 220 182 0.38474936852104213 24 797 95 636 40 794 87 830 15 692 93 781 7 446 55 570 9 646 43 320 92 570 69 884 18 506 23 708 41 541
2606 -1.2951454700693164 1.7986622845245597 2.6058156089807785 0 0 0 0.32398297754182959 82 694 44 713
249 0.62607885523360018 1.0340755250590796 1.4637462985861607 27 28 30 0.20300884797433097 24 828 95 756 40 819 87 774
667 1.0903765239631114 1.7963428202988942 2.6905867746918197 230 216 179 0.82801079073976658 24 367 93 340 23 399 41 374 76 445
668 1.1096167876914111 1.7947183346389339 2.7521514564068079 125 117 102 0.062926842903661503 24 202 93 341
669 0.38764373954922426 2.3955168577608537 2.0801158453345252 104 70 56 0.026329425705243319 24 401 93 376
670 0.58692143391905727 2.4491527672373774 2.0498953447924229 106 72 57 0.55666063275735511 40 261 95 279 93 402 7 375 55 219
671 -0.52770177400094975 2.1335114153111254 2.2371903672129685 35 27 27 0.6006705612660499 87 588 93 484 26 378 7 225 60 733 9 507 99 515 91 186 82 494 64 749 89 352 49 139 23 552
672 1.1379074322058331 1.3431335008206802 1.658190203868189 255 228 64 0.12690618423455863 40 518 93 486 95 513
674 0.53488169476728997 2.4290435523470797 2.019518204337476 106 72 56 0.64351421121122676 15 516 93 633 69 696
676 0.83794946582729724 0.76392171027385214 1.6184457596909805 0 0 0 0.7074091932311547 24 812 93 714 69 893
677 0.63522359028768438 1.3913835565873245 1.4721087702709978 255 253 79 0.0025577899617148809 24 768 93 747
680 0.57735677516181294 2.389985942395862 2.0026643884210875 236 214 170 1.5211686867384575 15 683 93 777 23 577
681 -0.70072919205559592 1.8424618712814933 2.2991718014643894 28 34 45 1.4763951040698486 24 836 93 811 60 1078
682 -0.30021420817069711 0.80184239581269201 2.1376289246973061 0 0 0 1.2659326530627646 24 905 93 868 69 957
683 1.1302023652057369 1.1419912136235426 1.8870874045096939 155 107 28 1.9291523270175808 24 942 93 898 69 992 18 617 49 793
684 -0.48779675774228415 0.93992194600549051 1.8991563656205996 255 231 66 0.14359159898971646 15 837 93 901 69 999
685 0.31399145154925501 2.2691266376015058 2.1933571441430857 215 199 162 1.1737704941107494 24 945 93 903 69 997 23 814
687 -1.0428266687670071 1.9924706049752872 2.331191102032891 65 49 47 0.81625013885186914 24 745 15 627 93 738 95 871 24 744 40 772 87 809 7 744 55 841 26 718 60 1023 60 1024 53 647 53 648 45 579 9 809 64 758 42 933 17 862 94 754 97 635 52 1205 90 529 99 1095 83 566 91 603 30 525 36 503 29 714 82 631 82 632 4 692 4 693 33 695 33 696 78 696 78 697 54 740 54 741 3 722 89 519 68 572 59 674 59 675 21 714 21 715 43 169 34 536 69 595 13 369 49 589 18 489 46 663 65 526 65 527 58 168 50 133 23 540
688 1.2920645018746708 1.1338772165566862 1.8661343922105904 255 234 75 0.79847991086277903 95 44 7 6 60 745
689 1.0601791327377152 1.2788756479908219 1.6629506688519122 255 233 73 0.34007451269949862 40 103 7 35
690 -0.21340065522824389 1.4077542769916358 2.0401099006835168 255 214 66 0.19645690518975056 95 82 7 144 53 154
691 1.5791960803837204 3.091984111784448 5.3910606250468751 236 217 177 1.4822798722450108 40 409 7 156 95 431
692 0.40974644622338185 1.9190246056102613 2.2012378337494694 225 205 164 0.20859605605167486 40 222 95 243 7 171
693 0.43341160985549443 1.9710730161517374 2.1705549388775869 224 206 166 0.31462581251550698 40 229 95 246 7 182
694 0.113993821953595 2.098121707669383 2.0653795260181784 2 3 3 0.61250988947633045 40 240 7 203 95 262
695 -0.94819552849463173 1.7850873330796415 2.3074877385767651 2 2 3 1.9523657131070922 40 134 95 146 7 212 55 238 45 244 9 468
697 0.63827467049214393 2.5237041956733939 1.9053472934746329 105 72 59 0.10695581917201887 40 264 95 284 7 228
698 0.1337667645527017 1.1475078866507333 2.0601812229492937 141 97 26 1.3666981240865326 40 21 7 272 95 20
699 -0.33954599841904887 1.6148199809489194 1.9962727255592618 63 54 37 0.80508590854339834 95 138 7 360 45 350
700 0.64938485819316505 2.5506484879823312 1.8871145505722549 44 33 32 0.33232682898894178 87 466 7 380 55 488
702 -0.44945359519611738 1.1025647619029317 1.7808763870139377 250 203 58 0.30387925972817925 87 305 7 412 55 563 45 41
703 0.5511286421608883 2.1289561595696416 2.3340941686452172 231 213 170 0.33261026069352034 87 607 7 473 55 612 26 464 60 814 45 360 9 652 17 476 42 572 94 210 52 946 90 130 99 857 83 343 91 582
704 -0.39616622823900594 2.1291617889214352 2.2479956451094152 82 91 91 0.37793017808530593 40 558 7 568 45 253 9 498 42 818 17 771 94 532 97 451 52 1009 90 406 99 966 83 442 91 456 29 465 82 597 34 282 49 142
706 -0.49047733996585008 2.1625747507590076 2.2080807347623637 84 94 94 0.32475298953529613 87 420 7 579 55 699 26 560 60 916 53 512 45 473 9 714 42 684 17 780 91 468 9 509 82 491 4 573 33 394 4 401 78 386 89 349 68 322 59 364 92 265 43 35
708 1.1384088403989532 2.5170580805324847 2.0129708635369172 242 224 185 0.65926432790495215 93 832 7 676 55 756 26 642 45 561
709 -0.63576923534455332 1.9117810803511877 2.2962435937266239 5 7 8 0.13048487744368922 40 530 95 540 7 677
711 -1.242378282657167 2.0114705699177073 2.2887614237777036 93 65 50 0.85141625810181176 15 368 24 265 7 696 26 567 64 763 82 521 4 596 78 613 54 673 3 642 44 658 89 531 32 564 59 598 21 632 60 741 11 266 92 396 46 586 73 483
712 1.1685882848948077 1.3420151637496085 1.6544490729464585 179 125 39 0.8123722916397299 87 924 7 749 55 718 26 724 60 1099 53 721 44 723 82 698 89 707 32 832 11 521 75 551 25 580
713 -0.49316053795868875 1.418523106013321 2.0413676869365811 43 34 3 0.88850289146716188 87 921 7 772 55 880 26 764 60 1141 42 1017 29 783 34 568 47 102
714 -0.20951580020443436 1.5308564833225926 1.9888866821060955 233 195 63 0.57723629326033077 87 891 7 774 60 1119 82 712 68 672 89 683 92 688 43 429
715 0.2967297520287393 0.95448268764848765 1.90258827759226 31 33 37 2.05240786928765 87 912 95 909 7 799 26 753
716 -0.28053198695887294 2.3363781102208216 2.1158410655796014 36 35 32 2.7972880933392887 87 662 93 501 7 590 95 637 15 264
717 0.53779761629118938 1.3866038837748438 1.5515726688299374 130 116 49 0.63478552081123407 7 290 55 58 26 139 60 102 52 612 45 31 90 18
718 0.013442898405426451 1.3663581449457758 2.1076938032490151 128 95 21 0.099324684377249062 7 121 55 125 60 494
719 -0.17789357599438596 1.3190321126609079 2.1249725083537232 244 196 63 0.39444905590659851 7 125 55 138 26 152 60 636
720 -0.47873117716939084 1.4841041984132559 2.0004105667036525 254 218 55 0.14786226353185264 7 350 55 192 26 328 60 700 82 148 53 171 4 164
721 -0.47860262337340675 1.4854468160506245 2.0034800564452477 254 218 55 0.19644745545718864 7 349 55 193 26 329 60 701 53 172 82 147 4 163 33 384 21 162
722 -0.38766528750513496 1.5364693718976024 1.9759821331768941 162 172 199 0.13224444985426848 7 176 55 195 60 529
723 -1.2791683529948097 1.9082070081537821 2.4177652663031024 93 99 94 0.48512954825643162 7 231 60 576 9 176 4 237 64 306
724 -0.54736323983482704 0.9743092783357844 1.829750130651858 255 226 77 0.16676162509227055 7 282 55 338 42 106
725 -0.62360107126732345 0.94745424413801704 1.8735442122075603 255 230 83 0.51943500877845072 87 286 55 350 26 284 53 341 64 417 82 347 4 380 33 393 78 377 54 441 3 150 44 367 89 374 68 272 59 325
726 -0.71521178268752561 0.97546255686196148 1.8356396676453053 254 229 77 0.56351210285160025 7 292 55 387 64 439 42 157 29 81 82 160
727 0.93668172893623436 2.1141653257306476 2.3403365767437458 235 218 179 0.35376215123155186 7 448 55 417 45 195 9 470 42 239 17 197
728 0.73276266587394367 2.0550994912431775 2.3841225480355739 236 217 177 0.43475919100120003 7 454 55 428 45 200 9 461 94 165 52 720
729 0.040604620984228207 1.65526124672708 1.9349244861540802 102 91 27 0.41639436077857622 7 345 55 436 42 523 9 345 17 447 97 92 83 277 91 314 27 33 84 30 66 48
730 0.95417820819979615 2.2446866912280741 2.2512785187069393 232 216 180 0.31112450444643686 7 464 55 439 45 208 99 856 83 339 91 372 9 653
731 -0.31158263704630929 1.5873163956495753 1.9829429165834682 131 144 176 0.60758078371166868 7 355 55 468 53 340 60 695 9 103 64 454 42 557 90 76 99 626 91 88 89 348 44 110 68 310 92 258 43 25
732 -0.62748682862818472 1.4687219795863662 1.9900877999082125 251 209 57 0.40838273633052785 7 181 55 475 45 179 9 332 64 483 42 608 17 467 94 451 97 120 52 926 90 308 99 807 83 274 91 305 30 330 36 92 29 170 79 43 13 49
733 -0.75331349389272084 1.6902376746087369 2.1825935286120748 6 4 5 0.066713654753798049 40 124 95 137 55 491
734 -0.22872796475446075 2.2156030914740237 2.1670610341588947 50 37 30 0.58010942843578139 7 223 55 505 26 209 60 563 53 350 45 256 53 498 64 499 42 390 17 316 94 300 97 226 52 810 99 714 83 204 29 235 82 330 4 379 33 374 89 338 68 339 59 148 21 187 43 47 34 109 1 72
735 -0.16432925849277666 2.3254047706178955 2.0579119617068797 34 27 26 0.38492360291723837 87 439 55 509 45 480 9 748 64 252 42 672 17 773 94 679 97 563 52 1199 90 596 99 1167 83 653 91 678 30 584 36 549 29 451 34 427 49 612 81 71 47 68
736 -0.17242707464034338 2.3636307871196931 2.0759015700303078 80 80 73 0.93552264201648816 7 589 55 510 17 777
737 -0.97973939193939374 2.0507267949149388 2.2403806357045637 113 78 59 0.080075742051033405 7 384 55 517 42 704
738 0.63698469835811899 1.1557657792552567 1.4084826942982467 45 48 55 0.45970537338650347 7 708 55 524 26 726 60 1102
739 0.59486865632547758 1.3262169710888665 1.1965536292243992 157 131 36 0.40968668348338272 7 286 55 533 64 680
740 0.092906592854217401 1.4855530707030664 1.682081863225199 6 7 9 0.37125206439574421 7 439 55 567 45 319 42 754
741 -0.071737193461409693 1.7280144278976626 1.9743246663594065 97 75 54 0.90315012794559235 87 374 55 614 17 895
742 0.47802101172225192 2.1039778066374621 2.3340814384867703 228 208 169 0.27616782426309561 7 472 55 615 45 362
743 0.66116554947344197 2.214108022138682 2.2565162496602063 232 215 176 0.38764354109096999 7 493 55 617 26 482 60 821 45 368 9 658 91 587
744 0.59387181054136262 2.1967775888598178 2.271357862958272 233 215 175 0.29973819226073639 7 491 55 623 45 371 9 657 42 578 17 489 94 220 90 141 99 872 83 353
745 0.52442137986877702 2.1792776376263889 2.2868403950452163 232 212 171 0.27500757319192237 7 496 55 625 26 488 60 836 64 416 17 500 42 592 94 228
746 0.4586872976495513 2.1612973100875315 2.307137643374864 226 208 167 0.059192812604962772 7 495 55 632 26 490 60 841
747 0.20246101175303358 2.0836208997059069 2.0428106928247063 217 198 158 1.4832941923988177 7 370 55 657 82 303 4 99
749 0.6893593773066099 2.4480032691331637 2.0175038771060074 229 213 176 0.44511648864527276 7 561 55 667 45 426 9 740 17 529 42 612 94 248
750 0.48750180214950867 2.3813208412405458 2.067359907868993 226 208 171 0.53563840477358304 7 563 55 675 17 553 42 629 94 258
751 0.35738204797367934 2.3786970603679993 2.0281601834887102 37 23 18 0.35763072236531374 7 687 55 680 45 442 17 566 42 335 94 499 97 409 52 985
752 0.73515334934948329 2.6467582846442679 1.8575098143126918 0 0 0 1.1263156196527309 95 724 55 684
753 -0.1704095575172824 2.2328478766184432 2.1487267170801059 54 39 31 0.90435270164733628 7 572 55 696 26 559 60 912 53 347 45 255 9 510 64 494 87 247 42 665 17 591 94 296 97 224 52 808 90 206 99 715 83 202 91 470 82 328 33 369
754 -0.74550333699174465 0.7023275239313358 2.0500953602610084 0 0 0 1.1957625085768617 7 610 55 730 45 507
755 -0.45888468883204236 1.0010657660819648 1.821413752523271 255 235 75 0.59727424210838698 7 624 55 734 26 611 60 976 53 616 45 296 9 276 64 708 91 236 82 590 4 640 33 666 89 619 68 562
756 -0.4864299660202881 1.0509245272618646 1.7717091526394191 255 233 76 0.15062250252807227 7 633 55 740 26 623 60 986
758 0.80659535721780506 0.80745668737145981 1.8081117312891732 0 0 0 1.6594220588137543 7 699 55 792 53 533 60 925
760 1.1009972503464984 1.4793002495796306 1.519689243230848 227 165 40 0.55105556358146612 7 756 55 798 26 757 60 1101 53 754 82 700 44 721 89 708 32 800 11 518 75 547 25 574 100 715 39 721 31 674
761 -0.69249138098786955 0.99451148642749898 1.8045198705715488 255 232 78 0.30786979274448983 7 719 55 813 26 695 60 1062
762 -0.55375341420424873 1.4777270542382326 1.9880660189810011 255 214 57 0.21799821256804472 87 881 55 829 45 540 9 595 42 910 17 843 94 639 97 526 52 1088 90 305 99 805 83 272 91 306 30 327 36 318 29 690
763 0.56794395084840132 2.4734618127123853 1.9666120859402119 107 75 63 0.85543015378078169 55 882 45 660 9 899 42 993 17 931 94 818 97 705 52 1262 90 679 99 1265 83 734 91 774 30 648 36 619 79 607 49 775 27 477 84 450 50 483 66 490
765 -0.96856665430793676 1.8022616592048815 2.2994123353926224 11 14 19 1.033346901875134 7 793 55 887 26 749 60 1126 53 747 45 643 64 855 99 1263 82 688 89 699
766 0.3468141182329777 1.1457245417832425 2.0831573525105145 0 0 0 0.82743164745987996 7 803 55 889 45 665 99 1268 83 737
767 -0.63821096291208079 0.98604506123311664 1.8226524739585004 250 227 74 1.1689605860750414 7 808 55 892 26 780 42 1012 29 794
768 0.54906771021411538 1.0400439547047298 1.7662225199415333 33 31 32 1.8887071152202977 7 801 55 896 42 1029 36 631
769 0.10917775130539856 1.9995074207636085 2.076907428541785 27 23 24 1.7633753572880622 95 954 55 904 26 781 60 1160 4 816
770 0.36196833780469351 1.6669936408150205 2.0667187540703837 100 73 15 1.9531560610155765 7 826 55 913 17 971 94 857 97 740
771 -0.86444639736191564 1.6379814286970633 2.1800237437426344 32 42 58 1.2266590257197261 7 822 55 914 26 783 60 1163 45 692
772 -0.79933655222422106 2.0854081664905366 2.2691236930764616 60 43 37 1.9217299345361751 7 827 26 785 60 1165 53 782 64 878 82 762 4 823 33 839
774 0.80236275559573966 2.2322796623298946 2.2388840348818242 216 202 167 1.6039994369265025 7 835 55 923 17 986 42 1064 97 766
775 0.80236275559573966 2.2322796623298946 2.2388840348818242 216 202 167 1.6039994369265025 7 836 55 924 17 987 42 1065 97 767
776 -0.70298173933642782 2.1128873763855105 2.1688636108653991 71 53 49 0.43869686164050531 40 555 95 563 7 583 55 706 24 99 87 409 26 563 60 922 45 482 64 658 17 615 94 551 97 468 29 478
777 1.2652817038707147 1.1429940511366892 1.8491340542470998 162 118 41 0.13909418856025968 95 49 26 2
778 1.1042047721070591 1.1494412426195235 1.8184952623529111 178 112 32 0.29031947703739525 7 15 26 9 60 372 53 4 44 37 68 149 89 16 92 204
779 1.1039119743342811 1.1487797383972487 1.8170885342315772 178 112 32 0.27545764252682453 7 14 26 10 60 371 53 3 68 150 89 15 92 205
780 1.0640991864176617 1.2484397354614871 1.7374036238102415 194 125 31 0.13328715493534224 7 29 26 30 60 386
781 0.98922197878086748 1.3864504038008141 1.5831423650744563 198 129 35 0.20087653489848559 7 56 26 70 60 425 53 43 44 22 32 43 11 34 80 83
782 0.036331136675684994 1.3183325832227768 2.1545629364913066 129 94 26 0.27563489258604218 7 105 26 133 60 482
783 0.84959350876593864 1.5413921565481843 1.4202844007837645 254 227 63 0.19252802400737143 40 201 95 218 26 145 60 479
784 0.014067649177247593 1.3640554139009953 2.101175963167099 129 100 31 0.2236578505271479 7 120 26 147 60 493 53 132
785 0.62787792450166724 1.302184541657176 1.1071760718898678 255 255 110 0.28134066474292285 7 87 26 150 60 485
786 0.13096885414405951 1.9668970822937262 2.0363851792299843 56 53 54 1.3302606139214865 7 195 26 190 60 526 53 155 64 188
787 -0.36647992255772932 2.1776691366947505 2.2031026917746286 90 99 101 0.17894015779924446 95 255 26 211 60 346
788 -0.36647992255772932 2.1776691366947505 2.2031026917746286 90 99 101 0.17894015779924446 95 256 26 212 60 347
789 -0.96917207887108359 1.934213996726416 2.3657674955306534 92 103 102 0.26608578397243082 24 46 26 213 60 358 69 101
790 -0.16654907295307489 2.2956137226691609 2.0838223249505452 60 44 43 0.1618079501728161 55 237 26 216 60 568 64 249 42 392
792 0.85876715007904203 0.78697435428855789 1.6392151127531183 142 119 31 0.34372864908544404 7 235 55 0 26 230 53 371 89 411 68 484
793 0.99335430417681769 1.0440752346885576 1.8573274692786543 162 102 19 1.0517296679063015 7 241 26 237 60 582 53 197
795 1.0031608626888648 1.4310584734556433 2.673129962215083 14 17 20 0.24175587750756769 7 258 26 247
796 0.69765411565261315 1.0914152620778992 1.440517435873047 150 132 39 0.18375343870612129 7 31 26 253 53 217 89 273
797 0.22516722361759156 1.3963143124597255 2.0882609374460683 137 115 41 0.20769935370811515 7 291 26 274 60 623 53 266
798 0.043654210762526152 1.3153944218419271 1.8976280435991062 168 137 47 0.66715138338829405 87 76 26 283 60 633
799 -0.22191212784151129 1.3142933144896838 2.1339245171993517 250 201 60 0.20001488605416409 7 303 26 286 60 639
800 0.91123608863245253 1.663744427533558 1.328068392339111 254 235 70 0.22256388603036617 7 312 26 293 60 631
801 -0.098144670821049579 1.4122794124990792 2.0261853425952641 219 182 58 0.24574190903451351 7 310 26 294 60 645 53 314 82 317 89 341 68 312
802 0.19750896174852559 2.0225857602293291 2.0107299486111776 214 197 157 0.58711038358985268 7 367 26 346 60 530
803 0.45105486881531415 2.4578911694690819 1.9448892090328989 106 73 59 0.33122115369827343 24 650 26 372 60 726
804 -1.1404942184137614 2.0166912020126402 2.304811966457593 121 84 65 0.44524832900049011 7 385 26 384 60 738 53 363 44 533 89 379
805 -1.2031137847594837 1.9896575700774901 2.3094096330067431 121 84 65 0.66369433343972495 7 386 26 385 60 739 53 364 33 613 54 670 44 538 89 381
806 0.83911936290764355 0.79085724711236582 1.7172345587768731 156 138 41 1.3185332464405017 7 234 26 386 53 532
3859 -0.48603124088957494 1.276929645213182 2.84537770248531 145 135 147 0.34849412577682271 12 821 70 688 10 479 19 813
3863 -0.76912091528962345 1.3812970194668295 2.1145691322463578 48 36 9 1.5990335596365171 70 709 10 498 96 612
3917 0.33818962340400571 1.5393863732830484 2.7122631608456218 151 142 152 0.3103343508456704 70 345 96 167
3929 -0.37615804615649995 1.2184469503276387 1.8402124164849782 254 231 64 0.10500966239922231 93 10 69 238 23 37
3936 1.0626558523361878 1.6660639606744694 2.7812416329285257 106 73 60 0.21338682121280597 93 171 69 348 41 86 85 158
3939 0.34423234988866946 2.0763662141857289 2.3788603222948033 239 214 164 0.17064929901267881 93 516 69 473 18 156 23 333
3940 0.9684096450383255 1.7130492049528503 2.7735250404025416 211 198 164 0.16686362526808385 93 170 69 516 23 197 98 314
3960 0.024717452595231976 2.1261127989498161 2.2033397990270926 51 59 82 0.14140802498033991 79 181 13 177 49 162
3962 0.072099241512721096 1.6504609983252716 1.9166428637716999 12 10 12 0.10856097863427031 79 270 13 328 49 369 2 344
3963 0.42686359529419859 1.6467238366016028 1.9421653503071257 110 88 24 0.2475265619772411 83 264 13 330 49 69
3964 0.35616860869571487 1.646460769346616 1.9779118578881434 112 90 25 0.10308832594228141 91 304 13 331 50 205
3965 1.0383311475766108 1.5685542766969811 2.8055072134711363 114 81 68 0.23931037872339456 83 82 13 338 49 584
3966 0.32622616736144572 1.8508626874224294 2.3010277703194757 96 44 4 0.19890985285160115 79 293 13 351 49 401
3967 0.39486254167578061 1.972884531804163 2.4367409542499816 234 209 161 0.21985007448432872 79 310 91 571 13 370 49 415 2 168
3969 0.3490867149586912 1.7514048344526991 2.0873649917422061 112 91 23 0.4918199607354562 91 550 13 485 49 574 2 471
3970 0.32598917177062542 1.7898576342143331 2.1400160481041044 113 92 23 0.30573401833156755 79 427 13 486 49 577 2 472
3971 -0.66868080179766665 1.8203816539625626 2.2844157641129925 57 64 86 0.2499297977746916 79 513 13 491 49 385 27 413 50 333 66 334
3972 -1.0538251179485396 1.4728507985604706 2.1656965062326856 0 0 0 0.83368251437254182 79 501 13 548 49 561 2 521 27 390 50 394
3973 -0.72347107727409843 1.5474710873061415 2.185715771651358 98 88 25 0.94510248764343796 79 502 13 552 2 524 27 442 84 413
3974 -0.2990770548804621 1.6058425121621172 2.1987474543183572 8 3 1 0.42576512294043423 79 421 13 554 49 570 2 526 66 323 50 319
3975 -0.5212876894299997 2.2336905391393218 2.5072193330679884 0 0 0 0.89136103667394018 30 588 13 566
3976 -0.35654174821083651 1.6741675633351751 2.2078555400419781 107 74 14 0.74383603035685553 79 506 13 593 49 724 2 594 27 397 84 359 50 443 66 448
3978 -0.051533828644468122 1.941472360910192 2.0413150086412699 45 50 68 0.10325417326501733 79 590 13 625 49 727
3979 0.27803745584200268 2.4303720055927851 1.981318532347021 53 36 30 0.52617700555804137 79 592 13 629 2 628 66 488
3980 -1.0973876124044999 1.9652612240688039 2.3025998331125721 126 130 122 1.2871024971127494 13 650 49 788 2 664 18 615 50 506 66 516 23 802
3981 -1.1251668332232776 1.9163190332429683 2.377262153365554 126 130 122 2.5528686594579417 79 633 13 651 2 665 27 508 50 507 66 517
3982 0.22118486127802336 2.2360087851904091 2.1650883718564682 208 191 153 1.110468672355331 99 1288 49 789 13 653 2 648
3983 0.22326095353113068 2.2352196108798035 2.1778248342438835 208 191 153 0.81248806350293634 99 1289 49 790 13 654
3984 -0.50827512538351727 1.0816875474999215 2.1872725321741857 65 70 90 1.5928503370436207 83 776 79 640 50 522 66 528
3985 -1.3521727065059306 2.0164019488561133 2.3407217473203783 60 52 46 0.98445061533000955 45 274 53 653 64 672 99 1111 9 722 83 665 30 593 90 532 79 525 4 598 54 797 89 645 13 138 9 220 91 207 2 496 27 425 84 431 50 352 66 351
3986 1.0608152016164583 0.93721907169525043 1.7705749393483718 159 156 46 1.0741017793338716 9 258 13 428 24 835 40 734 15 740 93 807 60 364 23 652
3987 -0.55027662253566989 1.790259019080795 2.2327205372810979 79 64 15 0.86260338978768336 30 568 36 538 79 557 83 692 13 488 90 510 99 849 83 323 2 531 27 448 77 280 84 418 50 447 66 451
3988 -0.14840231021227554 1.4939967407599277 2.0804977625273198 71 36 2 0.1337716979456855 13 57 49 56 2 77
3989 0.22119089784655857 1.5370848015578293 2.029933285575992 63 24 0 0.36923863303603505 13 58 49 62 2 73
3990 -0.96140891010363716 1.7643556154038096 2.3289036987710729 2 1 3 0.20587747697447839 13 94 49 82 50 246 66 246
3991 0.26287126740526429 1.8335218462533891 2.2174162420989183 67 38 4 0.10283671156770668 13 96 49 94 2 120
3992 0.0070591324103044251 1.9934685095558513 2.0812534628713757 56 67 93 0.32550273661847784 13 118 49 106 2 129
3993 -0.67858726887661946 2.0175367841910505 2.3168685630386125 1 2 4 0.13331983906301742 13 139 49 111
3994 -0.54252301278570025 2.0533013359535932 2.3035983787765666 3 4 5 0.046527710266011782 13 150 49 120
3995 0.18247043721304301 2.08685459997406 2.3524292031184504 206 185 143 0.15377120893114685 13 181 49 170 2 189
3996 0.89274450841212671 2.2154227922758287 2.2608394378170469 131 116 88 0.19762049925709024 13 235 49 239 2 229
3997 1.2551956934465955 2.2649475920918789 2.2467297100369628 124 111 86 0.17084972597226911 13 253 49 262 2 245 23 243
3998 1.2551956934465955 2.2649475920918789 2.2467297100369628 124 111 86 0.17084972597226911 13 252 49 263 2 244 23 244
3999 1.0461995887402316 2.6886103690735403 1.8279930003825156 35 23 20 0.26827047763127349 13 280 49 308 2 422
4000 0.95348672650195365 0.90998281364241673 1.7873708830844368 202 118 11 0.20359557625473473 13 284 49 311 2 286 18 13 93 28
4001 0.247138150055461 1.3266819677302799 1.517620587625246 27 28 38 0.1377074163795097 13 295 49 332 2 293
4002 -0.39288973260408988 1.2737388806316061 1.7992773533029844 196 194 209 0.2789106236396301 13 30 49 335 2 311 18 23
4003 0.58111491112239078 1.4769021743627784 2.0812917801603898 167 165 168 0.3430213835238225 13 464 79 253 49 365 2 457
4004 0.53993424676243928 1.5094473875129775 2.0357020086499218 21 14 2 0.30780711619948814 13 323 49 366 2 72
4005 0.094600896043917582 1.7438125113883374 1.9090333307163769 92 92 106 0.2643982510942387 13 70 49 372 2 86
4006 0.45840211384767349 1.7153109789480356 2.0933123890066829 14 15 18 0.124730619269563 13 75 49 375 2 353 23 293
4007 -0.91930484102639864 1.7451293077327095 2.300115071426367 48 53 72 0.38639706270496987 13 487 49 377 50 408 66 405
4008 0.27396959818649769 2.0553948612244581 2.3904294630906193 225 201 154 0.36119398382978413 13 169 49 427 2 183 18 140 23 322 93 508
4009 0.93673617253443886 2.1224804596684916 2.3401387460837406 242 222 177 0.24574925567291658 13 379 49 448 2 204
4010 0.69846206407036115 2.1621065523778302 2.2956354661576923 126 114 88 0.31001220220320347 13 380 49 449 2 394
4012 -0.70192528216201533 1.0473995341600872 1.9118584221651491 150 89 20 0.45181899889810734 13 438 49 529 2 510
4013 1.1547941736818679 1.0588902679612009 1.8590318774784196 239 230 78 0.97331555268683212 13 10 49 530 2 432
4014 0.28664418102888062 1.3303664551041359 1.5246112316032887 109 89 20 0.14457104420255759 13 434 49 534 2 295
4015 1.0387350326532125 1.3584964920976976 1.6469973460073426 119 83 17 0.48020031017379528 13 25 49 543
4016 -0.75498840663572619 1.2607917739047627 1.9992256040008516 12 10 13 0.40245225556985914 13 309 49 545 2 323
4017 -0.96907413671886378 1.3817928574641927 2.0831842692930005 0 0 0 1.1367443313680532 13 318 49 553 2 517 50 390 27 380
4018 -0.28349593397926998 1.4188408215617263 2.0091761820141114 255 228 59 0.30154428800098382 13 315 49 555 2 329
4019 0.18381941313809311 1.5906573527886494 1.9357719857598923 107 87 24 0.45486867396010067 13 466 49 566 2 519
4020 -1.0175058019336836 1.5761496636783641 2.2773891420385177 55 59 74 1.378383606280839 13 555 49 569 2 469 18 333 66 398 50 400
4021 0.49173533716988627 1.7916155485921816 2.3485638919262404 255 221 55 0.4799313013860132 13 343 49 585 18 369
4022 1.2097950810624525 1.5886518594969723 2.8716555803121926 0 0 0 1.8470981804140809 79 280 49 588 23 695
4023 -0.92575825818238999 1.9562134705811103 2.3872405471629734 79 89 92 0.74144029080384311 13 365 79 455 49 590
4024 0.4105270021514259 1.8681288709518105 2.3659347530521035 137 104 29 1.1697313264535925 13 598 49 592
4027 -0.22495132498541523 0.83988827795158927 2.0875843126634042 0 0 0 0.92689844968658264 13 527 49 643 2 509 18 517
4029 -0.72744908770857863 1.0451244291937489 1.8067366598878147 88 50 4 0.39026672110529037 13 574 79 581 49 645 2 508
4030 0.27374660899686543 1.2615219524773762 1.4851489829583004 255 226 61 0.19276004577913894 13 430 49 646 2 428
4031 -0.4230449898292763 1.5773732303148913 1.9808711877961191 53 58 80 0.33196441644536101 13 590 49 670 2 520
4032 0.086385217936426756 1.6046598550586815 1.898338364649252 123 98 24 0.14728889551915883 13 546 49 671 2 518
4033 -0.86389099742245379 1.7160977918138012 2.2119304181878179 49 54 75 0.25360476271275106 13 556 49 678 2 530
4034 0.15350122546138734 1.7011669357712542 2.1186998197327496 61 50 38 0.60263737818652308 13 482 49 679 2 529
4036 -0.29169844123291444 1.0163646232123562 1.9088606653308275 63 38 13 0.2576213384260943 13 529 49 704 2 576
4037 1.0694585809519364 1.6846211610453523 1.3376476948871219 0 0 0 0.11438910025451053 13 540 49 719
4038 0.49763279907963198 1.4238398837460953 2.0949654100125157 175 131 48 0.66605131638839521 13 589 49 720 2 583 50 436
4039 0.15818090316338895 1.6284546301307832 2.0356302152932093 6 4 3 0.4225851914142788 13 549 49 721 2 522
4040 0.15818090316338895 1.6284546301307832 2.0356302152932093 6 4 3 0.4225851914142788 13 550 49 722 2 523
4041 -0.86900069159812032 2.104617435027972 2.1747824183439706 46 32 27 0.48389276850616086 13 601 49 732 18 357
4043 0.95514856526255076 2.6380091660456118 1.8613466438343531 46 31 25 0.24686907832375257 13 610 49 739 2 606
4044 1.0312829074721357 2.6568843781025202 1.8551504241467165 64 43 33 0.27272556201592868 13 611 49 740 2 607
4045 1.0641220330570438 1.1752142429060601 1.8221081329662161 255 228 63 1.3217433158522536 13 576 49 746 23 761
4048 0.28480742203902465 1.9648416877930723 2.4264542428702445 91 74 58 1.0797520259128648 13 627 49 753 18 606 23 797
4051 -0.79518555645231626 1.1698350527744097 1.964716640720412 101 90 27 1.3323278564014611 13 635 49 771 2 632 18 584
4052 -0.71401122152976437 1.8434341606191058 2.2189330524992759 60 67 91 1.789556749454486 13 644 49 782 2 657
4054 0.15156826140549917 2.0261657183552022 2.2688977993525117 44 42 43 1.1337064262965886 13 637 49 784 2 647
4055 -1.1868447162714655 2.1610198205935895 2.3735636005996841 0 0 0 1.7733749008302466 9 918 79 629 49 785
4056 -1.0163575889636645 1.2732887855438288 2.0924482418563901 0 0 0 2.0726083501004413 13 640 49 786 2 653
4057 -1.1006078066354907 1.6919267035888836 2.2961718049427078 0 0 0 1.2744775899441356 13 649 49 787 2 661 50 504 66 514
4059 -0.35761461833044017 0.98170623386122091 1.898375690018848 255 212 60 1.6335151613275489 13 647 79 621 2 669
4060 1.3173770814854289 1.9529469144783989 2.5772391479684171 155 148 128 1.8461672123254769 13 659 49 797 2 667
4061 1.0459524203558039 2.1749704538816053 2.3406837355127572 123 112 87 0.67353725122332975 2 679 27 519
4062 0.59398119553572182 2.4868821415465421 1.9362451747719267 33 20 16 0.19018676896178149 9 239 52 442 99 488 83 199 91 211 49 499 79 203 13 275 2 413
4063 0.87584727158887066 0.81053788126287674 1.6412599442836584 125 56 3 0.68607507031519455 49 0 2 8 23 250 69 242
4064 0.14589691469388621 1.5783227265748156 1.9093343440261443 82 44 4 0.20548300194131922 13 56 79 40 2 70
4065 -0.30813128376501997 1.5908906431113676 1.970878557371877 100 116 151 0.42107270716646905 49 61 2 78 27 36 23 67
4066 -0.47742334651463147 1.6348957960944814 2.1654729856062418 2 1 3 0.31187048009355828 79 60 2 97 27 208 84 295 50 221 66 221
4068 -0.38023884374303685 1.9157833998071654 2.109249397755049 55 32 2 0.8488142345943176 79 107 2 121
4069 1.4274158789409561 1.7929106250581388 2.7025525457741124 82 54 35 0.4433057920371557 13 126 2 162 66 118
4070 -1.0799773586737398 1.5030318478983506 2.2285422214785453 70 85 115 0.41597327645215548 79 503 2 348 27 395 84 357 50 397 66 395
4071 0.44607632818713072 1.4212948247040489 2.0040959638157543 0 0 0 1.5103679979436102 13 544 2 451 50 433
4072 -0.92476645300176052 1.3390223452391237 2.1387915955268046 135 120 44 0.78490202912714901 13 459 2 452 50 308 66 386
4073 -0.39083896415540353 1.6679894014692014 2.0587704494554901 103 93 28 0.16836175190886529 13 480 2 466 50 395 84 355 66 393
4074 -1.2035882433827905 2.0017623021164574 2.3419197685415907 49 33 27 2.0026126009896856 13 504 79 461 2 497 27 422
4075 -0.70324374042244664 2.1097487561748465 2.1783041410272523 71 49 39 1.1756301887514162 13 602 2 541 27 416 66 345
4076 1.0859109657886881 1.725293875069092 2.7054969889609266 98 66 48 1.0746081895231998 13 599 49 752 2 602
4077 -0.23474441336108468 0.94736305338026061 2.0785627034842182 245 234 132 0.75378636216825878 13 613 49 762 2 613 18 599
4078 -0.15269484813749515 1.728968952684915 2.0524303303523252 123 75 11 1.8995157004168099 13 634 49 768 2 634 50 488 36 636 66 492
4079 -0.68710573225968641 1.6440673218424979 2.2079998401635743 3 3 4 2.2078758056838734 49 781 2 645 66 499
4080 -0.072051349577922724 1.9956546560621982 2.1539722828371399 36 39 54 0.55185416251821362 79 628 2 662 83 760
4081 -0.84096127211717442 1.4421112971978445 2.1509342833030991 100 87 26 0.35213978871169238 13 657 2 670 50 512 66 520
4082 0.83946019748778922 1.1997378870857531 1.4969043986718977 176 101 10 1.4916174086237366 2 677 84 481
4083 1.0459524203558039 2.1749704538816053 2.3406837355127572 123 112 87 0.67353725122332975 2 678 27 518
4084 0.89084491130406662 1.6397459976450095 2.0357132317823412 0 0 0 1.9855858855077404 49 801 2 680 84 484
4085 0.74467572878900057 1.4814424493652674 1.1941435268308795 114 91 23 0.69887175441475546 93 268 18 53 23 270
4086 0.87344461598461254 1.6596842007376085 2.7978564746922445 51 32 21 0.23305155890837251 9 346 93 498 18 114 23 321 23 562
4087 1.1398114767789438 1.8686823457945463 2.6394887970912371 241 221 178 0.39178563545702427 15 469 18 183
4088 0.92979192570034341 2.1143723580929858 2.3470669498367429 249 225 177 0.23235955968135036 69 705 18 231 41 369
4089 -0.57675104595226112 0.83129289180047083 1.8150003420438279 255 239 71 0.90021132571025031 9 529 18 306
4090 -0.30129506471275991 1.5004547350899335 1.9822480071169335 247 205 57 0.45147731513656414 40 759 95 775 18 334
4091 0.6254985316787065 1.477651153409139 2.9383511039983428 114 78 64 1.2742199954700977 49 386 18 356 23 298 41 313 76 588
4092 0.59473557150074441 2.0238465288468874 2.4118017004330392 247 221 171 0.12459149646388235 69 874 18 384 23 569 41 526
4093 0.037346013103161962 2.4127165127554551 1.986179933086992 88 88 83 0.69369457752437402 45 485 18 388
4095 0.70121738558043156 2.4515482639300212 2.02794818737005 245 219 169 0.2176670519085786 49 498 93 826 18 508
4096 1.0447297057311526 2.6004119375035599 1.8659809436917394 242 219 171 2.2745660581782556 49 516 18 512 23 711
4098 1.2685016267777713 1.1315132063862514 1.8837356834117069 255 230 68 0.47350939580345153 13 615 18 526
4099 -0.17693118997430332 1.722003598270972 1.9290267828169396 116 73 12 0.61995159163050251 45 636 18 537
4100 -0.68903352451114919 1.8750623888363309 2.3365605563053058 52 61 83 1.4281206319657207 55 867 18 574 23 689
4101 0.99484955912885564 2.7409730888588806 1.8513542256530582 0 0 0 0.58839003000752055 15 604 40 710 18 582
4103 0.78732722194180815 1.4412590015157956 1.5036880905720595 253 200 47 1.6706343940708659 93 882 18 593
4106 1.1068421064689642 1.6018205386538293 2.8215942573844415 159 108 83 0.88824868867479723 9 594 91 542 13 349 49 587 2 372 18 495 93 818 82 543 33 630 78 718 54 771 3 752 89 555 92 718 43 459 69 919 85 614 23 742 41 589 98 631 88 481
4107 1.2411943399304715 2.316972830506284 2.2364995686419911 236 217 178 1.8700626198085242 13 607 49 737 2 605 18 580 95 674 24 800 87 687 15 693 93 865 95 877 40 856 7 354 7 662 55 747 45 548 9 805 64 44 64 580 99 1066 83 538 91 585 79 518 92 662 43 398 69 971 24 864 23 789 49 757
4108 -0.38629676739833219 1.1564197188213696 1.7954413973298058 254 229 60 0.41656510010153525 95 483 24 442 40 488 87 504 15 358 93 424 69 573 18 316 9 59 91 39 13 296 49 326 2 301 41 281
4109 1.1639492328580991 1.7589640326190492 2.730633946614887 229 215 179 0.77849811266284197 45 68 9 350 52 664 90 75 99 628 83 96 91 102 13 124 49 408 18 501 24 783 15 677 93 769 69 876 23 697 41 531 98 633 76 626 88 426
4110 0.051545202725190559 1.8783857581333825 2.0295667532418253 9 9 12 1.7932853389330334 95 931 24 918 40 920 18 612 13 643 49 783 23 794
4111 1.1342399070717382 1.036861589241362 1.8238563023654315 252 246 74 0.95792235610432264 40 493 95 484 87 501 26 390 60 365 18 323 91 227 49 528 2 291 23 662
4112 0.90249293010949616 0.76394154609785725 1.6604288259652351 252 240 76 0.98989707193857046 13 568 49 699 18 516 95 905 24 880 40 895 87 908 15 799 93 870 69 933 98 610 76 630 98 638
4113 1.0821868622493447 2.6130314531628471 1.8992433996219393 239 220 179 1.2449013230125412 13 609 49 758 18 581 95 827 24 870 40 862 87 906 24 904 15 765 7 684 55 766 26 645 60 1002 53 565 45 567 9 824 42 906 17 731 52 1260 90 514 52 1183 99 1160 83 644 91 680 82 239 79 530 4 24 33 284 54 17 68 633 92 657 43 464 86 694 100 688 80 987
4114 1.2571224829530505 1.7692688382899311 2.7346705594896576 233 218 182 1.33569598729561 45 532 9 603 52 1083 90 307 99 1048 83 520 91 551 30 329 79 83 13 361 49 597 2 159 18 549 24 899 15 807 93 860 69 969 36 322 30 326
4115 0.63398470731696421 1.5578219064187488 2.9233638531711823 52 36 32 1.7135981885384188 25 219 46 149 8 115 73 126
4116 0.51498956428757159 1.4789554884514515 2.934865234974517 50 35 31 0.058098561506596154 25 221 46 155 75 234
4117 -0.80845602540344541 1.1801563200900025 2.3596195389619541 190 157 46 0.34923204076457925 21 425 46 189 65 66
4118 -0.92061447057760759 1.377851915381058 2.3513250378837358 47 34 3 0.67075059939740223 3 219 46 199 73 104
4119 -0.90487802548375051 1.2454315209002693 3.0901368859336142 115 115 102 0.15907457288603166 3 271 46 284
4120 0.72844665335415049 0.95226116900136548 1.7434735168458095 151 127 37 0.89765224067545846 21 3 46 309 8 177 73 416 35 179
4122 0.606914988813127 1.3430333754725168 2.942333211558871 0 0 0 0.67188773206526453 25 400 46 553
4124 -0.47228492191843119 1.2458444641730746 3.0885077417680313 85 59 47 0.32249100625594079 25 565 46 729 75 541
4125 -0.74414054981104594 1.2056113225939074 3.1550372935404511 216 203 168 0.25140176508969359 21 784 46 730 65 603
4128 -0.24245283384496488 1.3710852304959551 2.7347273941191563 214 150 36 0.25027404045333151 70 123 96 139 19 184
4130 -0.27406110621540614 1.6782120983003752 2.7223408285676722 63 49 36 0.99648995513003424 70 144 19 226
4131 -0.32374777838946622 1.0583960912814252 2.4670991749600866 135 99 64 0.20882400316649652 10 68 19 352 56 360 16 413 8 95 73 327 35 103
4132 0.28844774853270666 1.3846007510006011 2.5891906831429954 137 133 146 0.05264366798277019 70 278 19 378
4133 1.4409998943356268 2.4064104933826762 2.4125009936276642 245 225 185 0.26602781459519731 90 330 19 405
4134 1.1808430693455063 1.7049847368101787 2.7948705649364105 155 103 76 1.5148028454792459 96 214 19 468 56 487 16 207 8 105 73 103
4135 -0.54271584989772148 0.83439830312576935 1.8344875606941451 249 0 0 0.57278756877298764 12 331 19 501 8 185 73 423
4136 -0.419187119741806 1.0204507547114849 2.4536959835415368 255 241 62 0.6235132040225142 10 220 19 637 56 592 35 226
4137 -0.31116290539487934 1.3215788767780416 2.7203154594883272 209 147 35 0.52959996288803934 70 584 19 650 35 368
4138 -0.30307529086969909 1.3452453597300149 3.0273577783897969 105 71 52 0.1218639056610291 70 601 19 728
4139 0.25312566701494121 1.3512490296456821 3.1221808863518223 0 0 0 1.5401699398267923 67 764 19 736 35 331
4140 0.6618140779614996 0.92188488889193065 1.4199854866242148 162 135 36 2.59455845686308 96 567 19 741
4141 0.81191711074858408 1.5440070448243157 2.8837050814619842 107 75 60 0.63658426543844038 10 449 19 756
4142 1.2514355789117559 1.0977453152649992 1.8701193887627876 255 209 53 1.3445239410008376 10 475 19 763 16 766 8 280 35 275
4143 1.2514355789117559 1.0977453152649992 1.8701193887627876 255 209 53 1.3445239410008376 10 474 19 764 16 765 8 281 35 274
4145 0.12666476773172519 1.5454179023081922 2.666061722217913 0 0 0 0.87587741510045491 10 480 70 690
4146 0.12666476773172519 1.5454179023081922 2.666061722217913 0 0 0 0.87587741510045491 10 481 70 689
4148 0.91165098797658706 0.87709792418746746 1.8187908260307972 159 114 24 0.38458731852009459 19 7 56 14 16 11
4149 0.98528468495966248 0.98117243280046573 1.8889029836140372 165 120 26 1.642945945258157 10 11 19 10 56 23
4150 0.03432304644560899 1.4402113567464021 1.8298773666041337 48 49 58 0.27884987641938358 19 17 56 34 16 35
4151 -0.68813070777488983 0.77731135385505512 2.158943828332514 54 52 59 0.37676312338430806 19 300 56 53 16 321 8 42 73 277 35 32
4152 0.48414632419352432 1.4317634311443765 2.149552700736022 67 68 78 0.13998593358634745 19 39 56 71 16 62
4153 -0.028810257286860513 1.2666653220054891 2.1876058054583263 211 164 50 0.23814217605954427 19 37 56 76 16 90
4155 -0.097288379007029496 1.1400947753940318 2.4286003157607148 199 202 227 0.20588371720199303 19 59 56 160 16 167
4156 0.21145197885536804 1.4785906992794886 2.7383955379990339 159 154 166 0.12822076163037519 19 212 56 203 16 214
4158 -0.41504093538251374 1.2237819553904907 2.8010647662748993 79 79 90 0.16042713107261758 19 191 56 215
4159 -0.42330234848768822 1.2713230792516672 2.8527632742917386 84 86 99 0.072734160364145956 19 228 56 228
4160 0.91644618830215674 1.5311259701429165 2.8547540304995005 52 32 23 0.31400831509425797 19 256 56 230 16 219 73 106
4161 -0.55748796956136815 1.2345472451025084 2.8746528193897731 78 79 89 0.3050383608717338 19 232 56 233 16 241
4162 0.18474408187400881 1.4141132567500696 1.5909457280231405 109 121 148 0.33861237488443696 19 286 56 276 8 183 46 517 73 257 35 21
4163 -0.28554659487656453 0.87674982024073655 2.0794262162710391 59 58 67 0.1813316180192833 19 295 56 305 16 304
4164 0.51144546259767587 1.1619993988100397 2.0709956998502008 62 62 70 0.099572451382383867 19 309 56 306 16 44
4165 0.2464300986680073 1.0894196109098206 2.1784458437466432 190 189 210 0.28369123069514895 19 314 56 315 16 313
4166 -0.39442522080671971 1.0412048962478633 2.4843501893798088 28 26 23 0.24203043071254335 19 354 56 364 16 428 8 96 73 329 35 107
4167 -0.39193247365778328 1.0324600151845205 2.4865773183687696 28 26 23 0.14546245433005564 19 355 56 365 16 429
4168 -0.46033578500493488 1.0195360823527861 2.4947331413072313 158 101 30 0.27803888821577377 19 356 56 369 16 438 8 99 73 332 35 110
4169 -0.45717521094309221 1.0089188934432838 2.4972777646074702 158 101 30 0.19361221489126731 19 357 56 370 16 439
4170 -0.68703680298614589 1.029643154565292 2.5120334420416701 67 67 74 0.28927552905788656 19 358 56 374 16 459 8 103 73 339 35 112
4171 -0.54937412856639611 1.334015320908823 2.9688818322006543 11 10 11 0.27605527043814909 19 471 56 502 16 516
4172 0.83138787878193843 0.80867918512815395 1.7610079047514506 149 124 34 0.37575691421941709 19 498 56 524 16 538 8 7 73 237 35 3
4173 0.6216124002459833 1.1670183928760527 1.949563492521218 222 158 41 0.4541160353994107 56 542 16 550 35 190
4174 0.47280723997461005 1.1425775411104953 2.0584407210179454 229 170 45 0.11400595586820256 19 617 56 549 16 557
4175 -0.0429089360061298 1.1661269831017995 2.4211655364246201 25 24 25 0.20371020497108852 19 640 56 589 16 596
4176 1.3631215138835497 2.1170869849251064 2.4458280178915484 241 224 185 1.5510465088280234 19 583 48 676 56 603 16 364
4177 -0.22712256871377087 1.2026335487422379 2.5420149540659649 255 239 61 0.21121821268218022 19 566 56 604 35 234
4178 0.39770087236116292 1.5132997947560187 2.659124692470153 118 116 129 0.30157121190802183 19 653 56 611 16 608
4179 0.29171928823569254 1.4562171608566916 2.6680179009014688 141 134 147 0.21956262563658135 19 651 56 612
4180 0.29224965252388191 1.4559156899332215 2.6697346451646453 141 134 147 0.35299364608538736 19 652 56 613 35 240
4181 1.1618575891341842 1.7301606406734156 2.7186270527907817 229 215 179 0.43562496799056705 19 449 56 614 16 606 8 234
4183 0.54451358301062325 1.2028238738549224 2.0214737466689408 234 161 39 0.71641961640598006 19 706 56 663 16 556
4184 -0.35371501336454414 1.0434691868932187 2.4412857910758525 255 241 61 0.40937279663861076 19 636 56 686 16 694 8 229 73 466 35 224
4185 1.4626139895347241 1.7824180936326328 2.7014849571849648 242 224 186 0.83033248677541072 19 586 56 699 16 446 75 365
4187 0.42549308908032529 1.5103386118960618 3.0702026656067094 0 0 0 1.975461583090161 10 371 19 679 56 716
4188 -0.48201498214604421 1.163284538782668 3.1759484011019445 150 97 67 0.45539549353893988 19 678 56 720 16 720
4189 0.95146931878103724 0.95085964120779332 1.8485917591765881 255 197 53 0.82357926491711109 19 693 56 729 16 654
4190 -0.0013565215914830842 1.4340490990729053 1.6895256746260618 0 0 0 0.61024316178007654 19 698 56 731 16 731
4191 -0.62346708960978892 1.2782319375622084 2.9127347278499518 124 116 125 0.014810174197179535 19 723 56 755
4192 -0.7767179919007805 1.0844135371292856 3.2165358604951297 69 49 46 0.98484105142655964 19 735 56 759 16 756 8 424 73 652 35 396
4193 -0.013140536408439735 1.4292358640934151 1.781273966603933 216 186 65 0.17500090401205587 19 702 56 768
4194 -0.013140536408439735 1.4292358640934151 1.781273966603933 216 186 65 0.17500090401205587 19 701 56 769
4195 0.45753659675572461 1.5206416772688929 2.6576760171742309 9 9 10 0.76875770466780191 19 722 56 779 16 784
4196 -1.1869812240794511 1.5270367487270222 2.6909814470885864 0 0 0 1.0966014601454068 25 557 56 780 75 534
4197 -0.99742024846515998 1.2799057646054484 2.9900174936434154 164 153 126 1.2903611253975045 19 724 32 791 56 784 33 702 82 630
4198 -0.47701189073300931 1.1069980582018515 2.5698078666117912 255 196 52 1.1089913506925144 19 786 56 812 16 823
4199 0.97423325499177582 1.6166427311478868 2.8177936316199541 0 0 0 0.94715936259965861 10 464 67 877
4200 0.19559018028370764 1.4546483154836087 1.7375604629675763 0 0 0 0.36722715142017703 19 776 56 816 16 810
4201 0.19559018028370764 1.4546483154836087 1.7375604629675763 0 0 0 0.36722715142017703 19 775 56 817 16 811
4202 0.89811924719008696 1.0144750672856908 1.9071667480328385 255 196 52 0.68853259311233428 19 774 56 818 16 809
4203 0.025626262312035297 1.4347778535068367 1.7773018959767666 199 154 38 0.64719633798235987 19 778 25 624 75 594 56 819 16 813
4204 0.024094891756471948 1.4351819475513496 1.7786608194595714 199 154 38 0.46121866545281387 25 625 75 595 56 820
4205 1.1599436796389431 1.0431854678376984 1.696274950152636 0 0 0 1.5987471664601869 19 773 16 828
4206 -0.55585095345577074 1.1327810674367829 2.6921581976405777 57 55 60 1.2992469431779758 19 801 56 839 8 470 73 694 35 430
4208 -0.53420185114029506 1.2022787905969567 2.2066327005064394 33 28 23 2.8020598209871777 10 499 56 855
4209 -0.80562859873259085 1.1159665038064353 3.3336466494176702 0 0 0 1.4398330064882163 67 756 10 357 56 761 25 430 80 905 39 518 72 638 14 433
4210 0.57097724121909943 2.5027431690088338 1.9299295613030387 103 70 54 0.9081554062399857 52 988 90 386 49 624 87 261 7 226 55 227 26 204 24 414 40 262 15 328 93 407 26 369 9 248 42 328 52 456 99 499 91 214 69 544 18 284 23 492
4211 0.89898420245854704 2.173885642106625 2.2926950386199407 231 216 178 0.71389327372804734 95 619 24 788 40 610 87 635 15 684 93 775 7 459 55 588 64 596 42 769 17 718 94 640 30 347 36 337 69 879 18 502 13 383 49 613 2 396 84 96 85 415 23 700 41 530 98 600 76 595
4212 1.2844993972537742 2.2146579736547816 2.2854332000035016 242 222 181 1.499421333326538 55 742 45 546 9 799 95 814 24 862 40 795 87 831 15 758 93 862 42 888 17 921 94 775 97 665 99 1148 83 626 91 667 36 585 29 734 79 450 92 722 43 465 34 501 69 970 15 792 13 606 49 756 2 627 18 579 77 243 50 264
4213 0.28804003441593962 1.4785800551955215 1.842714214497218 194 133 29 0.064776319003179483 56 36 16 33
4214 0.25443818214312491 1.2738937860178772 2.30009539739202 23 23 26 0.24094506609269908 56 340 16 119 73 62
4215 0.65847904806671442 1.5466063830371468 2.8805539435998635 229 212 175 0.043851954043519922 56 234 16 224
4216 -0.4295013753252519 1.2640247062581933 2.8274862228872859 150 141 152 0.11287371235304702 56 222 16 236 8 123 73 366 35 142
4217 -1.03236894654373 1.4177759583626979 2.9128030243820979 154 150 134 0.24302606214326106 46 474 56 242 16 249
4218 0.37900354439330186 1.0089749146452682 2.0521712716746929 14 15 18 0.60835536570570214 19 523 16 295 73 262 8 27
4219 1.0824695910084592 2.5791683862457346 1.9048266972222443 249 225 181 0.48121087445907795 19 70 56 567 16 305
4220 -0.098608668144810702 1.120563440976422 2.3001232309532562 83 67 15 1.8219202419225469 56 580 16 348 8 216 73 455
4221 -0.69186766779190723 0.86192070858523984 2.2612106765989433 166 111 39 0.091691224289452686 56 326 16 350
4222 1.2740492284809 1.829943299311523 2.6296606500467119 232 216 179 0.084312906249899289 56 437 16 421
4223 0.8957525828672096 1.6745198913679833 2.7569118027772004 223 208 171 0.28500077374426058 56 483 16 477
4225 0.28240007834498321 1.5747010031892525 2.7995723378603814 8 7 8 0.31517785197319031 56 488 16 493 8 113 73 351
4226 0.86307251290462073 1.5231939487743205 2.9397784376445579 218 187 146 0.31844649104625145 67 693 16 498
4227 -0.99769732217262419 1.393661473236151 2.8998847750099821 130 122 105 0.19190768444414791 56 494 16 515
4228 0.85684907050570913 0.76550662363272592 1.7083551601857061 150 123 34 0.20246253994362443 19 495 56 269 16 536
4229 1.2870613014036265 1.0813383745005214 1.8288370319838503 0 0 0 0.075122200822759028 56 538 16 540
4230 1.2370477860177294 2.7494070437074596 2.0128973398940113 250 229 185 1.1339270357460656 56 582 16 572
4231 1.2780576952526679 2.21030501799881 2.2668654213352077 252 229 183 0.25555942487774891 19 574 16 580 8 222
4232 -1.0784571315900746 1.4967044703021508 2.264719537671378 111 120 146 0.19875708009489557 56 584 16 600 73 558 8 388 35 313
4233 -0.41480161212779831 1.0346410008655489 2.4547132618029361 255 239 62 0.46731594979155455 56 591 16 602 8 232 73 467 35 225
4234 0.27759652180514588 1.5126648927873754 2.7618140805685809 125 118 128 0.12483920978475371 56 615 16 613
4235 0.84818036491166537 1.5331437892729411 2.9039433359569391 66 43 32 0.28548598625945321 56 627 16 616 8 240 73 475 35 251
4236 0.34434662004363237 1.5742139370446635 2.8360948152764993 114 104 85 0.14486359988422784 19 465 16 617
4237 0.035506921994240603 1.3443282654907271 2.9526941435374918 218 202 164 0.91052961855131109 56 633 16 626 8 125 73 369
4238 -0.030398407662231536 1.3233460530579828 2.9669490779037884 221 204 164 0.89070078511331752 56 635 16 627 8 129 73 371
4239 -0.29413042606245932 1.2126674672201614 3.139008991702156 56 37 29 0.090491104622978463 56 647 16 637
4240 -0.65694255715038252 1.207140969090279 3.1296889442695779 53 37 32 0.858262816087076 46 665 56 513 16 642 8 269 73 499
4241 -0.33167387756539468 1.0487730807678932 1.7864726882144013 255 241 70 0.0077636366528911734 56 658 16 659
4242 -0.081220448287318142 1.1654483508475573 2.2366393108065235 252 197 52 1.3962316714887182 56 673 16 680 73 453
4243 -0.16834203932495037 1.124891428248965 2.3842245944663252 255 202 60 0.60012214131905561 56 680 16 688 8 223 73 462
4244 0.370202498788748 1.4443872758521443 2.6081038797814733 129 128 142 0.43218644206486911 56 694 16 699 8 322 73 555
4245 1.4138807854410183 1.7526681075350072 2.7674395347782226 81 52 37 0.37069954723805609 19 661 16 701
4246 1.2791632472316234 1.7199249773243594 2.7953593338726601 0 0 0 0.026089626306815338 19 663 56 705
4247 -0.64885068276113611 1.285194721887664 2.9129049251380175 136 123 130 0.0034080690604305869 56 629 16 712
4248 -0.57317421518013656 1.3016802292874254 3.0693209716935392 220 205 168 0.73491796980202673 56 717 16 715 8 267 19 481 73 496
4249 -0.4628310133635628 1.2300850326316437 3.0928517541776683 38 24 18 0.29814805267824784 56 642 16 716 8 337 73 579
4250 -0.82274274047465945 1.1648241476378647 3.1745943904803955 220 208 173 0.35987516443246703 56 721 16 722 8 343 73 503 35 167
4251 -0.42966730775159501 1.138757794273084 3.2483450358556145 0 0 0 1.230575446016013 56 760 16 723 8 340
4252 -0.64078146726498719 1.0341923645673285 2.4784243381792317 255 229 65 0.33534404569217124 56 687 16 751 8 320 73 551 35 306
4253 -0.30510397658516064 1.2282047567905696 3.1154813784432012 48 31 23 0.89973263388113811 56 790 16 790 8 423 73 650 35 395 19 732
4254 0.026477332336097614 1.4605345964550511 1.7655575635846841 208 179 63 0.37039494447949511 19 777 16 814
4255 0.97969544961900423 0.96858957811830737 1.8440635743126723 254 195 52 1.4275016550842921 19 819 16 846 8 473 73 696 35 444
4256 0.91798089963846718 1.7345312328490714 3.1152126849087578 0 0 0 1.461592257130214 19 827 56 852 8 483 73 709
4257 0.89902448086818554 1.7740819601842457 2.5341584147484757 235 217 176 0.84357363089046866 56 854 16 853
4258 -0.2592561830062895 1.1499627248752873 2.3461939052659946 253 224 60 0.34349253852130596 25 142 75 152 48 73 100 81 80 416 16 365 19 50 56 121
4259 0.77077997612213967 1.1211582084906306 2.0349486166124517 0 0 0 1.0875607883964462 56 848 16 840
4260 -0.82759771562369999 1.7002085441556321 2.2018194129028905 31 21 7 0.11449868651170943 79 74 27 61 84 204 50 53 66 70
4261 -0.089783868311541365 1.957936352289982 2.1097544904651233 33 23 4 0.26592051142262585 79 114 27 71 50 72 66 88
4262 -0.090163421646431846 1.9586356435732379 2.1074618763131077 33 23 4 0.27935135092141322 79 115 27 72 66 89
4263 0.58716021576856237 2.5301915512714577 1.9102105598769246 105 77 64 0.10154814392061373 2 418 79 374 27 154
4264 -1.0271730095660467 2.0545765276264341 2.2512932402708001 119 83 64 0.29573779780332671 79 362 27 156 84 129
4265 -0.67833441569036124 1.5699480717741598 2.2100321149704927 3 3 3 0.36890869379879149 2 90 27 202 84 189 58 95 50 218 66 218
4266 -0.60854901044240139 1.5874540005853399 2.200527871235908 15 11 6 0.42107174570627875 2 92 27 203 84 190 58 94 50 219 66 219
4267 -0.40710021586246292 1.6549005468112827 2.1500820507246607 18 10 5 0.40060449079174276 79 61 27 205 84 296 50 222 66 222
4268 -0.58542959980798492 1.6268190936852733 2.1976571464500232 76 63 14 0.18044492527689962 2 100 27 210 50 227 66 225
4269 -0.79312576995978024 1.7183763141506019 2.1990673779591705 57 61 79 0.16469822838153053 79 79 27 216 84 208 50 57 66 76
4270 -0.73336384714073199 1.7618290682598545 2.2116421261982415 60 66 87 0.22042170033656128 2 109 27 220 84 302 50 235
4271 0.47864370763322067 1.6882745638461207 1.9746908384728745 172 159 153 0.64069806066863677 30 309 27 327 84 288
4272 0.14966214477305925 2.1885253895666579 2.1919562334501528 211 189 145 1.5641650918133863 27 351 84 311 50 458 66 415
4273 -1.0706829057339706 2.0717056833955043 2.2498224105700437 50 34 27 0.094540031567851346 99 1106 27 358
4274 0.045671943076852989 1.6827685175405593 1.9428202375290651 73 81 86 0.54638339430619931 79 499 27 383 84 350
4275 0.40284895029635853 1.8686264307169442 2.3113948914856892 65 64 70 0.43048732244572629 79 589 27 404 50 450 66 478
4276 -0.40925072155517017 1.8303064461203504 2.2003595065268948 78 61 15 0.22194963304464077 79 441 27 406 50 406 66 402
4277 -1.2668786157113248 2.0074178423591285 2.2940498113764227 58 40 32 0.26050948164929905 79 460 27 421
4278 -0.47685219290705305 1.8635770488707126 2.2971526554137887 87 75 21 0.17313029430794544 79 561 27 450 50 451
4279 1.0159920305022061 1.1923960864060497 1.4225313502879871 0 0 0 0.76007355176219782 70 435 27 456
4280 0.068266754289590226 2.1100390053737592 2.1497760192950932 48 49 64 0.21379829603770714 79 565 50 455 66 455
4281 0.13706095052816941 2.1437157632237884 2.0983725247961522 3 3 3 1.1968165842138074 91 746 27 471 50 478 66 481
4284 0.15398100277094021 2.3987730413395099 1.9781449968211806 36 25 23 0.95164125084804463 79 606 27 490 84 451 50 481 66 486
4285 0.72627775841264686 1.7760612047209414 2.2051798543002397 0 0 0 0.86311952207546017 2 671 27 513
4286 0.47151362803116881 1.6850430254884896 1.9613351134723831 166 145 129 0.47360396051650222 30 310 36 69 27 32 83 69 91 83 79 50 84 31
4287 0.40069359406434818 1.6744360036150616 1.9805573248637671 111 91 24 0.27661519417574543 30 313 36 303 27 326 91 538 79 412 13 471 84 287 50 313
4288 1.0523631815712124 0.90185497833810979 1.704216914128873 255 229 57 0.83846615434340321 6 15 51 46
4289 0.2946206307583436 1.3733553211496905 2.2962194296918197 254 189 46 0.33310812987117044 61 85 6 111 51 176 63 429 88 158
4290 0.4741922996819794 1.6629921517519217 2.0727971273059276 17 15 16 0.21610681622361083 61 86 6 112 51 177 71 168
4291 0.4741922996819794 1.6629921517519217 2.0727971273059276 17 15 16 0.21610681622361083 61 87 6 113 51 178 71 167
4292 0.47068629824189484 1.6837042550275161 2.0946547546556089 145 136 144 0.28427700797898114 61 89 6 115 71 170 63 437 98 160 23 90 76 147
4293 0.46663762008380083 1.7069417007164251 2.11044066719221 14 11 11 0.1692626194596264 61 92 6 119 51 181 71 175
4294 0.44523896449675071 1.7724056414887801 2.0794377233821661 157 151 162 0.11992498182868046 61 93 6 121 51 430 63 620 71 378
4295 -0.66633363467917095 0.97948100821764394 2.3724264413902523 107 86 74 0.50127798032998194 61 49 6 392 51 412
4296 0.67983511580118261 1.3884641853227586 1.0943553447439667 0 0 0 0.33674806090006176 61 488 72 578 6 481
4298 -0.58118742034313631 1.0913516692591525 2.7741116349878419 34 35 39 0.60619462965644566 61 579 96 527 6 571
4300 0.63539724342993187 1.2069128236823405 1.1243841567268638 0 0 0 1.8108504644493049 12 672 61 646 96 439 6 601 71 544 63 845
4301 0.31876116022419637 1.9181125438152224 2.523645039966778 234 207 160 0.64510199156023695 61 643 6 627 51 621
4302 0.1608291250680268 1.8354293381325597 2.5508777245174037 137 99 68 0.97496948633743286 61 641 6 652 51 597
4303 1.3379136268913503 1.7456951059079411 2.714148257244521 238 218 175 0.43917685701456927 61 689 6 669
4305 0.64019303980498632 1.04982108645155 1.4560234367198526 149 125 47 0.18797792539497388 46 300 65 0
4306 -0.73366772972900973 1.3316600843679669 2.998167543201459 117 114 97 0.39393082548820441 21 258 46 458 65 143
4307 -0.77259207379091532 1.0743652723843946 3.2121198026681519 68 43 33 0.11079687947204316 3 269 21 278 65 157
4308 -0.62838961837231222 1.239726423126438 3.0134812581141706 23 20 17 0.71615688086858809 59 403 65 295 5 208
4309 -0.86964037028205721 1.7068142377659707 2.6401937747193682 66 69 64 0.58264833542253103 46 433 65 309 38 197 5 222
4310 0.6849188522888392 1.2850001452603859 1.6886519066719949 133 94 23 0.76388518216464463 59 491 65 371
4311 -0.75271761965658091 1.2376411099956985 3.0428570901308234 228 213 178 1.4374801708425045 21 616 65 452 5 220 38 86
4312 0.89451369779793377 0.75357260678127957 1.6710262348381746 152 133 52 0.75071700867362412 21 763 65 581 1 401 74 210 38 259 62 198 37 229
4313 0.36113692655234153 2.4013557737788447 1.7816475471822697 0 0 0 1.6158090211538585 21 831 65 626
4314 -0.71475720109560048 1.2279177991533206 2.8405623323577327 27 25 22 1.0162918380584924 73 703 8 471 35 449
4315 0.63239610541609237 1.298265695311682 1.2063897714279883 141 126 50 1.5837232227374838 46 767 65 632 1 544 81 368 47 228 62 385 74 371 38 368 5 439
4316 0.88349318964391976 0.87523101868707975 1.6923683048777152 153 131 50 0.51403000711943236 21 825 65 637
4317 -0.22716521639523382 1.19358356370174 2.0774972887719056 233 196 65 1.614683875236177 59 814 65 648
4318 -0.92655940639346257 1.4292638377767892 2.5181177894006468 0 0 0 0.53480176224751153 46 777 59 804
4319 0.40403449725814755 1.0370942684176385 1.9126351472952643 138 104 25 0.38741826946979413 29 376 77 13 58 200
4320 -0.88419142809651041 0.92866366539773881 1.9569243679373129 29 24 23 0.83277253172860666 29 552 77 25 58 310
4321 -0.72335466854499597 0.86150587002184897 2.3287714527990837 0 0 0 1.8722227689371058 29 104 77 44 58 401 34 559 81 301 1 472 47 36 74 315 62 333
4323 -0.99815455846213696 1.6251989561942657 2.5790435532860845 107 107 96 0.91606800641331376 36 379 58 137
4324 0.76183233371718295 1.4469244923963134 1.1400438446990036 0 0 0 0.23994611103352226 29 530 77 122
4325 0.4679507189733968 0.93584150678973432 1.9740242142876268 156 162 179 0.32994708999766109 34 374 77 130 58 306
4326 -0.87418260497893119 1.6489223358217413 2.6852961132823934 62 65 58 0.31372476818612183 34 308 77 199 58 437 81 95 1 300 74 96 38 95
4327 0.45732343315528468 1.2560982173820037 1.4287741190476828 128 106 44 1.3279602115437732 36 562 77 207 58 381 81 230 1 344
4328 -0.59581667960524343 1.2854138887145845 3.070379970543335 118 104 74 0.46702402476525123 34 572 77 255 58 433 81 270 1 489 47 131
4331 0.89364659651538991 0.80119307677514984 1.6634204178927705 135 112 29 1.7064110160742818 30 658 36 639 77 289 58 490
4332 0.14037958882699947 2.24462189333377 2.0653622548640067 223 205 166 1.273067654991638 29 830 77 345
4333 -0.7827691152004348 1.1574851695403543 2.4196706610590657 124 112 34 1.8319822862793846 34 646 77 358 58 559 81 384 47 243
4334 0.5503909464301241 2.708579927568123 2.1567643078597705 0 0 0 1.5663150134184249 97 762 47 241 45 703
4335 0.48673688693560857 1.8545381915216392 1.69538565242932 0 0 0 1.8591651248842045 77 365 58 560 81 382 47 244
4336 0.01768879379960353 2.2461031315414663 2.1146007253772856 144 136 112 1.9334662905567717 30 575 36 543 17 753 94 666 97 428 90 389 99 1089 83 559 91 606 29 698 58 476 77 282 81 338
4338 0.38272305533774448 0.9358814338544349 1.8671450580724565 102 58 4 0.12907360847931718 34 20 58 16 1 14
4339 -0.82443880113226409 1.0659917207301792 2.5103856821692951 53 52 56 0.33991401702415025 34 76 58 87 81 47 1 253
4340 0.057616695700829612 2.0388738707024183 2.0003259575353871 2 3 3 0.30643260188034355 29 174 58 97
4341 -0.51180239972535269 1.8452399043742589 2.2144156950842975 61 44 6 1.2816174234296436 77 81 58 113 84 219 66 241 50 74
4342 -0.57333141662096787 1.1666751626699718 3.1317388859833457 43 24 15 0.24456534679813066 34 273 58 120 1 280 74 72 62 65 38 80
4343 -0.46175377448524701 2.2064029474184403 2.1374426178032868 29 20 17 0.025302750063601689 77 102 58 132
4345 0.39259309489513738 1.2220177240685379 1.4899064550673906 6 8 12 0.74109352073065715 34 372 77 4 58 192 81 143 1 409 47 9 74 216 62 212 38 222
4346 0.17021295397394878 1.4532028570344067 1.6026380972216305 7 8 12 0.49092671457849235 77 21 58 208 84 272
4347 -0.51429899825879721 1.8734378282820583 2.2957886070354059 88 76 21 0.2163551923096429 77 93 58 271
4348 -0.83115850192064489 1.7149720489432116 2.6200905820100804 58 58 49 0.080238231165558394 34 305 58 276 1 130
4349 -0.89904157339244506 2.0715358134820447 2.1842084494746179 29 20 18 0.24429282851063111 77 110 58 280 81 96 34 315 1 123
4350 -1.3808166024809241 1.9911912460120818 2.2911958374529977 54 36 28 0.24400202190232795 77 116 58 288
4351 0.57705368637743426 1.3573113416235423 1.3448231108332558 118 108 34 0.20669793029579453 34 370 58 298 47 7
4352 -0.16389151100197583 2.4849757335031022 1.6345593530316342 86 85 80 3.2684020898607349 36 547 58 360
4353 -0.81223157660068934 1.5519461219239628 2.7667160330973886 99 99 89 0.25781796381896804 77 193 58 370
4354 -0.87075182799900164 1.1280056507262826 3.3545552526994951 0 0 0 1.0587924062451444 34 528 58 373 1 455
4355 0.58828669833348124 1.5107728872138371 1.4646432372641225 107 67 8 2.3294255031664841 77 212 58 392 1 348 81 148 84 332
4356 -0.75449409712175441 0.96166657310216752 2.5502036217545609 0 0 0 1.2978879641868504 34 505 77 237 58 413 81 308 47 109 74 344 62 361
4357 -0.73072781684996801 1.046975740105917 2.4889639644012229 104 79 15 0.73518824985345843 77 238 58 415 47 48
4358 -0.92231273194346119 1.3635904747557195 2.2613505090188792 99 65 8 0.81614773499838411 34 512 58 417 81 314 47 164
4359 -0.9289819798661374 1.4255985555969102 2.2584224538026043 112 102 32 0.67635726550200637 34 513 77 176 58 423 81 257 1 482 47 118
4360 -0.43934134123297874 1.8222842981293608 2.1977769677320413 78 61 14 0.046179322515131647 77 250 58 428
4361 -0.67176711986104043 1.0386746395437072 3.1995762729561732 0 0 0 1.3182631578012525 29 699 58 429 81 199
4362 -0.52748789700233301 2.2970762579191359 2.1998480074733995 0 0 0 0.051079201637162785 77 260 58 440
4363 -0.64639482936883885 2.2636192178181016 2.1940475016990275 0 0 0 2.1678931132294545 34 444 58 442
4364 -1.133621076025894 1.5512640554408372 2.875092310818077 0 0 0 0.96336654242055053 34 537 58 443 1 491
4365 0.74566643687569567 1.4596418482573832 1.1931083824169633 108 92 25 0.58208949970605994 77 292 58 448 47 146
4366 1.1688621905021892 1.7022614528960311 1.4498926772718588 0 0 0 1.1044818837196282 77 300 58 455
4368 -0.12013979133953337 1.9400966348432174 2.0481097644705577 40 48 68 0.05289128720072786 77 277 58 468
4369 0.70802789681396971 2.5478284620622342 1.9330470639520856 51 34 29 0.087385563151294393 77 281 58 474
4370 -0.65899841687280203 1.1816753783931222 3.1275364245343762 55 39 32 0.49554626614753267 77 254 58 478 81 341 1 511 47 169 74 355 62 369 38 355 5 429 37 347
4371 -0.73220177433054101 0.84142064179673326 2.0436417341799049 70 48 33 1.0008330431329779 34 585 58 501 81 325 1 498 47 207
4372 0.84252187063527684 2.5188547557581211 1.8931350347554656 191 178 145 0.6280835704561567 77 312 58 511 81 336 34 607 1 480 47 191
4373 0.69140333045632119 1.4276291883336869 1.0947067633977607 0 0 0 1.63473107102727 29 758 58 520 81 322 1 515 47 204 5 396 38 339 37 275
4374 -0.77938873543664622 1.0439503952563547 2.9464673731805306 0 0 0 2.0884149405180454 77 357 58 553 47 236
4375 0.66585923904937727 2.2488440457028709 2.161118566152755 200 184 148 0.24021146574521349 77 359 58 554
4376 -0.68791311656440046 1.8308668207796752 2.2539931853704629 51 61 84 0.055998439028444563 77 256 58 432
4377 0.58834192975047095 1.4071214300840518 1.4682476766674437 101 71 15 0.28969861732969387 34 220 81 6 1 212 47 13
4379 1.1027215947358209 1.7474272172333833 1.3299156946372117 0 0 0 1.1114756147819265 29 18 81 10 47 18
4380 -0.5060419220789294 1.2364142220264194 1.8318525248911666 87 103 137 0.26525865612102284 34 236 81 22 1 32
4381 -0.2717849594011299 1.5499377342107898 1.9755500057845601 100 89 26 0.35418085315581704 34 404 81 31 1 241
4382 -0.56401725111539103 1.1482424575356145 2.4413333233438133 49 42 41 0.42395595398447355 34 251 81 39 1 243
4383 -0.75234984089599766 1.093340082375527 2.4513381895854414 117 102 27 0.067203748774153929 34 255 81 43 1 246
4384 -0.79458297948394918 1.1760331965306514 2.5598860638461147 97 90 27 0.20895432195879424 34 82 81 54 1 256
4385 0.27743401499515502 2.409392954213085 2.001866781774901 105 77 65 0.5343498669328316 34 265 81 57 1 377
4386 -0.94395255380674592 1.3839284974103192 2.3591180835635011 92 109 144 0.31057890058844279 58 98 81 63 1 268
4387 -0.62367750731288685 1.4710422991478842 2.8784512493957823 68 65 58 0.20327360198949529 34 281 81 80 1 282
4388 -0.91459797896622197 1.294642822884968 3.0444551715604957 97 98 85 0.13271393208666779 34 299 81 94 1 308
4389 -0.9434763588565156 1.5662786164435154 2.7362507684020856 113 112 102 0.11623061633102875 34 309 81 98 1 306
4390 -0.93572588205586049 1.816404557407713 2.5338709198530478 98 101 93 0.22636364160683745 34 317 81 103 1 316
4391 -1.0154408561682706 1.677808824646305 2.6445419020707548 113 114 104 0.091813489743226048 34 320 81 108 1 322
4392 -1.0838793836378999 1.5883351426326304 2.7239754528579558 68 73 66 0.070453357187065038 34 323 81 114 1 327
4393 -1.0433097835329708 1.9816660193353339 2.3551015348425222 31 23 19 0.15017436613707638 34 341 81 118 1 325 74 105 62 106
4394 -1.0501787738095085 1.9786073847899519 2.3506253432334496 31 23 19 0.051387149049021565 34 340 81 119 1 326
4395 0.52166733877927651 0.91434784024025906 1.4400847418792246 153 136 52 1.3301530856694048 34 357 1 403
4396 0.69680650416391487 1.1150720736470145 1.5858150719782325 131 108 44 0.47989375052772942 34 366 81 139 1 341 47 5 74 215 62 209 38 221 5 324
4397 0.47281335364897181 0.98468388362923132 1.7710603930318001 107 121 153 0.12941135672965623 34 371 81 144 47 10
4398 0.75811511300500056 2.5162348876917502 1.9484067640743845 103 74 62 0.23709425153572516 34 508 81 174 1 373 47 53
4399 -0.90287215219934569 1.3508897092156871 2.3354090662157958 105 94 29 0.57257952452933258 34 417 81 179 1 378 47 54 74 240 62 241 38 239 5 180 37 122
4400 -1.0348856815347161 1.5219563929440827 2.2498685031776398 56 64 88 0.14134498767303863 34 426 81 191 47 59
4401 0.59660374557146956 1.0887300227430785 1.4434630744583938 94 101 123 0.73664808036080665 29 528 81 225 62 202
4402 0.2269926631769445 1.2538156694650839 1.4925835708957189 243 211 87 0.17126987362182169 34 473 81 232 1 412 47 12
4403 0.92693788840284552 0.98790965460792368 3.3214692127511229 0 0 0 0.51596218903694813 42 1041 81 252
4404 -0.84480803495147772 1.2490795429425454 2.5562228481193494 101 94 27 0.56462996722582415 34 420 81 258 1 483 47 119
4405 -0.82131483466244193 1.3358450114054516 2.5117180915333113 108 98 30 1.0858743132122446 34 514 81 261 1 436 47 122
4406 -1.0263482110050943 1.4785311056959136 2.2556804573552944 90 104 135 0.49720583645664307 34 519 81 263 1 440 47 123
4407 -0.072296464194877036 2.3360443409531468 2.0131282501303924 39 28 26 0.33744995132366157 42 919 81 265 1 381
4408 -1.1874425965571012 1.5223002828913459 2.7975900920996404 105 107 99 1.8474757882611843 34 452 58 439 81 280 1 457 74 297 38 337
4409 0.28317376148705797 1.42737734048986 1.7248204575418498 154 122 41 0.74923960917588939 34 482 81 294 47 89
4410 -0.48696720771649316 1.4818984089825908 2.0029519425007405 209 163 40 0.26973062761575894 34 592 81 331 1 504
4412 -0.75162926924128315 0.9978535015095048 2.3795611068461082 105 0 0 0.12511572089074016 34 591 81 334 47 187
4413 0.049063589486186693 2.2416588014516168 2.1166334522568766 196 184 153 0.19904481781358943 58 477 77 283 81 339
4414 -0.2343095599159131 1.3856505180075807 1.9374938262055559 142 102 20 0.53729159714034769 34 605 81 347 1 501
4415 0.22670708676996981 1.3974389909782734 1.5681805986634758 73 71 72 0.66428550835296019 34 621 81 356 47 214
4416 -0.7020488282890176 0.80750019419449348 1.9538666650736278 234 179 45 1.3260550819873982 77 297 81 364 1 539
4417 -0.52959686353132673 1.4014245627750599 2.9297636886028449 1 1 2 2.0605574498154797 34 636 81 372 1 542 47 232 38 382 5 448
4418 0.31513240927820357 2.2466047124630899 1.982391103580242 172 160 130 1.1378178005673345 77 360 81 374 47 235
4419 -0.66896574047973389 0.98830058897181039 2.9952277084012957 0 0 0 1.6901376239781243 34 648 81 378 47 240
4420 -0.85112566302064274 1.0383382760952728 1.8962854666806117 112 100 27 0.57297969186928455 42 520 94 429 97 361 30 299 36 285 81 158 17 706 34 383 58 312 1 355 47 26 74 273 62 286
4421 0.46366637198689714 1.200646190885954 1.4346926578777703 7 10 15 0.55264192212262209 42 482 29 369 81 4 77 125 58 189 1 207 62 127 74 131 38 127
4422 0.68597123458710696 0.8679965243268869 1.6445818603961146 37 40 48 0.052974503434680097 34 9 1 5 5 4
4423 0.68597123458710696 0.8679965243268869 1.6445818603961146 37 40 48 0.052974503434680097 34 10 1 6 5 5
4424 -0.77148387796471196 1.1461077838374063 2.7317737780448215 4 3 2 0.15213081724597841 65 99 1 65
4426 -0.62520568746942606 1.3228760219845883 3.0367934058700672 93 90 77 0.31559384302482485 34 119 1 102 74 78 62 71 38 89
4427 -1.3466984648269595 1.9926389719764024 2.3268657781088344 62 43 34 0.40583167372577922 34 214 1 198 74 119 62 116
4428 0.63728926285934417 0.95584532311065384 1.5736115311077474 10 10 11 0.4027500892918599 65 206 81 2 1 201 74 125 62 0 38 119 5 128 37 89
4429 0.50477548236156111 1.1730727115642086 1.4087105384693346 108 123 159 0.20404325671802157 58 6 1 206 74 2 62 1 38 2 5 9 37 3
4430 -0.80746396885204552 1.2119259444687263 2.5500739388556002 65 44 5 0.28215795375973418 81 55 1 261 74 168 62 159 38 167 65 275 5 184
4431 -0.91310932995182381 1.3204544461192853 2.3781506358801621 56 62 76 0.40725576280988163 81 58 1 262 74 166 62 157
4433 -0.9597685246969776 1.5688233262531981 2.4701233372029479 0 0 0 0.56704535391532274 34 288 65 443
4434 -0.68674789954262561 1.2020965788224742 3.1346607110837748 45 32 24 0.80196433277950419 34 118 1 284 74 84 62 81 38 192 5 229 65 323
4435 -0.86797336944074188 1.0121109661590737 3.2464551956712264 0 0 0 0.86485400402711032 81 84 1 288 74 196 5 231
4436 -0.91600212792083102 1.1578401610009335 3.1534363197721218 229 216 181 0.40127123971007794 34 290 1 302 74 104 62 102 38 205
4437 -0.99732596521786765 1.5523210657377635 2.703689924067274 114 114 104 0.25440774046077141 81 97 1 305 74 199 62 187
4438 -0.96736578041606669 1.2527367384023957 3.0559846570983678 208 197 167 0.098108170090310087 34 301 1 309 74 208 62 194
4439 -0.92197315459003826 1.7091495072984095 2.6518138898299934 102 103 95 0.4357301979955211 81 102 1 315 62 191
4440 0.43415749494850508 0.99701355009013237 1.7933516044058972 111 127 163 0.12380516190096087 81 145 1 346 47 11
4441 -0.71620524222650028 1.5750075414030884 2.159319828202007 102 87 21 0.70715681213543913 81 256 1 376 47 167
4442 -0.85581265180837063 1.1804213070570466 2.7199208089730234 93 108 140 0.48740005191548236 81 188 1 385 47 55
4443 -0.84419272550758806 1.608530392399605 2.7091498161323031 94 96 86 0.32913973417563896 34 439 81 92 1 389
4444 -0.93391671071913618 1.9210071814034149 2.3968559773577782 64 71 69 0.41059698795293925 29 314 34 318 1 390
4445 -1.2503799583288302 1.824942195120778 2.4736659163105612 126 128 119 0.41852164808126807 34 463 65 359 81 220 1 399
4447 -0.69306079390784447 0.70710376071511405 2.1729434073029013 0 0 0 0.74678511605833686 81 237 1 420 74 272
4448 -0.72665318948262436 0.82123269804162857 2.2153684669697373 135 114 33 0.47122850064946481 81 300 1 423 47 152
4449 -0.73628457135918179 1.0707379994162625 2.3696783808654076 122 89 20 0.66536726305582217 81 304 1 431 47 163
4450 -0.94157334875876963 1.3300396552422344 2.4374809227265994 104 98 53 0.44566027899437682 81 260 1 437 47 121
4451 -0.8330146404055685 1.2471875273999595 2.6274296237063859 62 65 71 0.328820415749638 81 262 1 439 74 289 62 300 5 354 38 294
4452 -0.91226526689154119 1.075136200774377 3.2874965497899087 105 106 98 0.54097617254154851 58 369 1 452 47 70 5 370 65 467
4453 -1.1414581889471258 1.4814545321240506 2.8631131505851637 108 110 100 1.9182985009501858 34 448 1 456 74 330 62 315
4454 -0.68871994185018226 1.1341499352071103 2.9980502844379555 146 101 78 0.031505997883424806 34 517 1 487
4455 -0.50485638964108337 1.1349301421137459 3.1785092606902743 155 108 83 0.75444013419762967 81 267 1 488 47 127 74 326 62 308 38 331
4456 -0.72531506427232062 0.75055287649791536 2.2145820121341413 0 0 0 0.0699119351494355 81 327 1 500
4457 -0.51910235232945945 1.4744272225204074 1.9918316013897277 225 176 46 0.24937271134158082 81 332 1 505 47 162
4458 -1.3869611353070095 1.957018193583326 2.4229717148921934 0 0 0 0.86451211493412672 58 518 1 514
4459 0.72243069176044772 0.87002954296099044 1.7725398903719476 139 111 33 1.35968681302572 81 345 1 516 47 172 34 578
4460 -0.71278470288748486 1.2633437955607514 2.7741999645000099 64 77 103 0.75518912233609614 81 352 1 525 47 222
4461 0.88094307938256555 0.80156207792683765 1.6689587908744341 134 116 47 0.98531017824403566 34 618 81 342 1 528 47 202 38 367
4462 -1.0239532367906206 1.4821517900403598 2.2232513382390708 91 104 133 0.91472455569552669 81 361 1 534 47 221
4463 0.58097235717348328 1.2936670776653361 1.2077388624042167 141 124 49 1.3588593520832462 81 369 1 545 47 229 74 372 62 386 38 369
4464 -0.30972324938493889 1.8249872436214649 2.0222317081692989 5 6 10 0.12984537979136002 81 371 1 547
4465 0.40143609646806711 1.5914880997831948 1.5310528811356365 0 0 0 1.3143203441352831 81 370 1 548 47 230
4466 0.65329664085019878 1.2267502281841187 1.1749473351436834 213 191 65 1.183855300427999 17 652 97 481 52 1028 94 569 99 990 29 646 36 510 34 469 77 204 58 378 1 404 21 645 46 492 65 472
4467 0.58654637203723048 1.0372000055538004 1.4866820285317766 10 11 14 0.5862174175422159 29 647 34 470 58 293 77 120 81 227 1 406 21 650 46 618 65 475 47 77 8 170 73 407 35 173 38 216 37 149
4468 0.20324777879963352 1.2682124821881102 1.5331214523269299 97 61 9 0.52858285784826797 34 222 81 9 1 215 59 257 21 331 65 218 46 317 74 140 62 136 38 136 5 138
4781 0.17243184536771528 1.5200636697557057 1.8978824888531163 158 122 32 0.2070150573005273 8 294 73 530 35 292
4788 -0.85982839179696757 1.2788516653696551 2.2800892629943474 165 134 34 0.11207470158105298 8 315 73 547 35 229
4791 0.36909097628309079 1.4424211472232622 2.6075672186234513 136 131 143 0.20277117392978669 8 321 73 554 35 314
4792 -1.0660065149575835 1.4512175746914926 2.2191322429317242 0 0 0 0.4941224919406571 8 319 73 557 35 361
4812 0.40821781848266459 1.3418875171110001 1.7499031816529091 184 128 35 0.85653071501324585 8 425 73 653 35 400
4813 0.18285783231540231 1.4400023303751219 1.6960182783711641 0 0 0 0.48412765212911618 8 426 73 654 35 377
4814 -0.87784274375682081 0.89506399468206466 2.028789911311109 121 109 31 1.4733717222232325 8 404 73 657 35 379
4815 0.91160969559036764 0.7958926169793652 1.7377726389320778 255 199 55 0.28429358395398791 8 441 73 663 35 412
4816 -0.83523431746950805 1.2054749184703653 2.0412535647181049 144 118 30 0.44763695251162922 8 443 73 665 35 414
4817 0.23980240384138021 1.3402634093492976 2.5511236015741452 22 21 22 0.54284693436960119 8 444 73 669 35 416
4818 -0.82296478840647325 1.1587926200213488 2.5088936228259362 81 87 96 0.69159869458419365 8 448 73 672 35 418
4819 0.59101797292603975 1.1932137715902289 1.2506885242139172 128 100 29 0.5018321813682497 8 452 73 677 35 411
4820 -0.53732272234428469 1.2123782995720314 2.876124816972927 154 146 158 0.69540490157495716 8 461 73 684 35 440
4821 -0.53732272234428469 1.2123782995720314 2.876124816972927 154 146 158 0.69540490157495716 8 460 73 685 35 441
4822 0.16028578090393816 1.6492273015779253 1.4566602344617592 0 0 0 1.6228171816060251 8 464 73 686 35 424
4823 -0.50856960121939865 0.9258506242007295 1.7441056444509362 20 0 0 0.70996063642051921 8 463 73 687 35 434
4824 -0.66460476768098831 1.0075044166708198 1.8728878061535581 251 228 65 1.3516780921645142 8 475 73 689 35 435
4825 0.67426317823087822 1.953124213055387 1.8963231075850318 69 72 89 0.69223616996805037 8 466 35 436
4826 -1.1523179538372281 1.7497728547680873 2.2471982346912966 0 0 0 0.78942801204674673 8 458 73 693
4827 0.81298868269613711 1.1827084676494033 1.9947161631618009 0 0 0 0.81193767258218019 8 474 73 697 35 445
4828 -0.90243387146455878 1.2825864938963554 2.2780965865274285 114 96 25 0.29244686856202234 8 478 73 700 35 437
4829 -0.84054762238338743 1.2198783720862247 3.1258319832995101 224 211 175 0.4084867950203927 8 481 73 705 35 451
4830 -0.98835547659632894 1.4359830187544274 1.9147558669678122 0 0 0 0.681828071551979 8 480 73 706 35 450
4831 0.87818013497473102 1.7457605808614605 2.639432204581754 201 182 144 1.6458118504493078 8 485 73 707 35 452
4832 0.87818013497473102 1.7457605808614605 2.639432204581754 201 182 144 1.6458118504493078 8 486 73 708 35 453
4833 0.96292018534163637 1.5054836200333077 2.1183224383212824 0 0 0 1.9742020443169321 8 482 73 710 35 454
4834 -1.1455862192965036 1.424525910137237 1.9921736676843853 0 0 0 0.33818049261275146 8 487 73 711
4835 0.34483625513950567 1.530676369715664 2.7279459779917881 133 127 136 1.0555045446263931 19 656 56 700 16 612 8 109 73 347 56 205 35 242
4836 -0.3173130188100316 0.89986116799838411 2.1056927647035795 234 188 50 0.038456466869419947 8 200 35 195
4837 -0.11212110007969386 1.3660148416626048 3.0255351820055831 54 35 25 0.40524833406982502 8 336 19 479 35 260
4839 0.13713570567766523 1.4945669009395295 3.1326271822897311 0 0 0 2.960987823145675 16 713 73 578 35 334
4840 0.38207429945841603 1.3189229735988182 2.6353350577152921 10 8 7 0.40180250095142939 8 414 73 644 35 388
4841 -1.1891239034045478 1.9893618341322097 2.421378995435425 117 118 105 0.35854535243879043 8 479 73 702 35 448
4842 0.1714236522174919 1.5243932313574851 2.7654568601268155 138 129 138 1.2994881483316862 8 328 73 562 35 320 72 723 67 821 12 786 19 754 56 704 16 753
4843 0.33905113338671317 1.128842105967661 2.6980081521195913 229 215 178 0.93595862362908067 73 94 35 114
4844 0.87404255786714569 0.83814689165536871 1.6658197754970874 143 85 10 0.27988037189658993 69 25 98 13 76 7
4847 0.99049485870121834 0.99502783098248804 1.8747003415171326 162 91 9 1.5337573552166475 69 592 98 127 76 124
4848 0.49363038151156258 1.6663411333755296 2.2400043919790655 22 19 16 0.21396515703647326 63 443 98 166 76 153
4849 0.49159350984854067 1.7055014094713192 2.2789166949789181 34 30 23 0.33414267615557919 71 189 98 173 88 178
4850 1.1810325434145441 1.7278068156119082 2.7455665410843313 69 48 41 0.24276775746836393 23 203 98 201 76 191 88 207
4851 1.4925542666511726 1.7875700648103203 2.7298601548388062 74 49 34 0.51280906532397863 23 226 98 221 76 210 88 214
4852 0.44176165356812286 1.8875700727974041 2.2050657200055568 181 179 190 0.34326924306321394 23 304 98 280 76 268 88 346
4853 0.40939994085767967 1.451856437392216 2.959244804683995 77 51 40 0.30837335837623697 23 102 98 283 76 271
4854 0.15032557406520047 2.0765940759739436 2.2781853439505118 25 22 17 1.2006969855093617 69 182 98 286 76 273
4855 0.61859474534538983 1.5353506631812122 1.3988748716011985 255 226 55 1.7247482328038768 41 513 98 333 76 323
4857 0.58552389061589549 2.1080707868516466 2.2914827527577208 233 213 169 0.52461431239481449 41 317 98 386 76 367
4858 0.87301081264175795 2.6065437885503489 1.7931034739940324 0 0 0 1.3645723953618145 63 782 69 804 98 500
4859 0.54405100438115994 1.5694771023531504 2.0830374051644136 184 138 37 0.60264157853549905 63 800 98 582 76 575 88 407
4860 0.67195654387173231 1.5302690208480048 1.2202533657404184 0 0 0 0.83581870382431966 41 575 98 642 76 635 88 432
4861 1.2761985429182507 1.1461380013399005 1.8410718355443285 255 227 66 0.72739133554055457 69 963 98 646 76 663 88 489
4862 0.9396271105511973 1.0245831371934702 1.8562326493960772 159 101 21 1.4672100529244505 23 801 69 976 98 669 76 661 88 487
4863 -0.80420753570222647 1.2039205181702259 3.0137712741198821 253 225 97 1.3112447852233879 23 732 98 679 76 676
4864 1.303746587783035 1.8546999239472339 2.7291200206116595 151 140 116 1.4960769972984123 23 815 98 691
4865 1.5180158564785413 1.7785067298486359 2.8010219074185141 174 128 98 0.83139748552241466 49 423 23 702 98 635 44 447 89 540 68 618 86 641 39 580 28 610 57 614 31 559 67 777 22 603 14 534 12 735 72 766 61 645 96 548 6 630 85 549 51 604 71 570 63 812 76 602 88 485
4872 0.61847852460396624 1.4752822240949994 1.1924151840671622 255 241 70 0.14480395580116742 98 236 76 107 88 230
4876 0.49760723441066657 1.6266983518340725 2.1960840692233847 21 20 19 0.39142586488103298 63 619 98 163 76 150 88 167
4877 0.46697034285113626 1.7895305873778495 2.1836074854933032 29 27 24 0.22454630652521415 98 174 76 156 88 280
4878 1.0197846125817187 1.610847337422902 2.7860020485296966 35 17 11 0.29554814321327111 23 178 69 207 76 179 88 204
4879 1.093491775319209 1.6532396671341085 2.784964928524134 32 18 13 0.33184736869854997 23 196 76 183 88 205
4883 1.3974445019518447 1.7766418699289452 2.729822486458112 225 213 178 0.17173035443070081 41 272 98 324 76 310
4884 0.78717878700003641 1.4491584458355311 1.2524702647775885 255 254 71 1.3467927492467375 23 659 76 318
4891 0.93268910583230125 0.90826030794742141 1.8586126349416228 255 255 101 1.0167371465934114 41 508 98 612 76 604
4893 0.62057790470774865 1.421816537955704 1.149214896369537 0 0 0 0.56126390801465798 41 574 76 632 88 468
4898 0.60513340827990258 1.299273103965886 1.1370402020647528 255 238 69 0.50536700836526027 98 667 76 658 88 467
4900 0.75477427540389053 1.8400245668642756 1.7469891703806146 85 55 6 0.17844581414605137 71 624 76 687
4901 0.9384158532873671 0.84285897354451589 1.8419003529205984 255 252 96 0.63276798292251357 41 112 63 581 76 103
4902 0.94786743745164348 0.84059264691596114 1.8338717714404409 255 252 96 0.0098718748347556527 41 111 76 104
4903 0.70631764512071182 1.5428990284905129 1.2620816465307692 1 1 0 0.30172462342427703 69 602 76 122
4904 0.63349158247281667 1.2932229253204828 1.2014680779428974 197 105 15 0.16217207443299134 98 20 88 2 76 19
4905 0.84820422141448559 0.87023310756422212 1.6301084524805449 188 115 20 0.18611216786567963 76 5 98 7 88 19
4906 0.83503756158771858 0.86494030017641288 1.6804357484225076 181 107 17 0.20045067701326733 76 23 98 32 88 36
4907 0.59266474301962746 1.3285100864205108 1.3034376911720083 224 122 14 0.087479320519440074 98 92 88 73 76 84
4908 0.81009898196022223 0.90713167447221554 1.7337019446910609 181 105 15 0.18479946223324137 76 75 98 77 88 89
4909 0.79372275277150062 0.95131737834444141 1.737529156389801 199 116 17 0.042754638271824484 76 101 98 106 88 114
4910 0.78254692662356362 0.94775224580091044 1.7864490581969776 184 103 13 0.086025518755584007 76 108 98 112 88 121
4911 0.57486059461172323 1.371804528744595 1.3551604589285426 234 123 12 0.15229575993980241 76 117 98 121 88 122
4912 0.51520331232585137 1.7081725776750147 2.2655049555721627 18 18 15 0.15911138082839937 98 172 88 177 76 157
4913 -6.0261978898744593 1.776744870846499 4.7408986357494616 44 44 41 0.69388629130094426 63 475 88 198
4914 0.80775064856131262 1.5813238289011959 2.8189454832194505 109 73 56 0.51745698058893008 98 309 88 200 76 288
4915 1.211697183162193 1.8218898766448723 2.697472411362841 105 94 73 0.089267874720504348 76 197 98 204 88 210
4916 1.211697183162193 1.8218898766448723 2.697472411362841 105 94 73 0.089267874720504348 76 196 98 205 88 211
4917 0.86479672239240268 0.82832363100714657 1.6199787625075766 172 103 17 0.18734363854398661 76 216 98 226 88 226
4918 -0.36853834120081186 1.1436311939808861 1.6748204583512254 255 253 71 0.45105663478205532 63 596 88 244
4919 0.29488491723737181 1.319390180111375 2.249945820694836 254 195 47 0.20061202120951829 76 253 98 148 88 267
4920 0.28142408078031406 1.3955569953202651 2.8924033586300961 36 16 8 0.65641095913287806 98 278 88 289 76 264
4921 0.1711902091520609 2.0467073246793124 2.3692657465228839 79 68 54 0.21147406842627958 98 373 88 300 76 352
4922 0.84514865234458425 2.5513180007608178 1.9481871307081295 237 216 174 0.40028891352241147 76 496 98 322 88 318
4923 0.50722926004822333 1.4823080850505048 2.0367666288111597 189 134 33 0.21553878218915234 76 331 98 353 88 336
4924 0.56957475981655858 1.5168936932320758 2.0863697989035672 66 62 52 0.14378938922731285 98 267 88 338 76 257
4925 0.30252832571389421 1.4346679769931121 2.9122302253373324 156 101 72 0.27146964854267336 76 581 98 589 88 351
4926 0.46143132586047575 1.8930594545794583 2.3142994085555562 254 223 61 0.13271429282282937 76 349 88 353 98 369
4927 0.013867725367008532 2.2560316774891964 2.1196898968713977 82 68 55 0.23843679096011652 76 348 98 370 88 357
4928 0.41134187486013618 1.5971689653985812 2.8286316672383016 223 204 162 0.12369429369554742 76 350 98 371 88 358
4929 0.13739766662361991 2.1256302605394519 2.3091769434906069 227 203 155 0.18338965579949243 76 357 98 376 88 359
4930 0.5794443192569243 2.1359981095355645 2.3241486872684876 234 214 170 0.083440667234953733 76 380 98 396 88 365
4931 1.0764595575592435 1.8699902836505509 2.7037078666796761 251 224 172 1.084413102585539 76 473 98 477 88 369
4932 1.0764595575592435 1.8699902836505509 2.7037078666796761 251 224 172 1.084413102585539 76 474 98 478 88 370
4933 1.1449069447078182 1.8897486313456975 2.690319482080815 251 225 174 1.0961048377417226 76 491 88 372 98 492
4934 0.58749517192509926 1.4044552577491789 1.3950024504069378 255 254 68 0.11068129443045321 76 547 98 559 88 384
3901 -0.71263367145624879 0.79487591613170805 2.0553941976137837 250 213 58 0.30010255558765464 12 818 10 472
5010 -0.71698680953854721 1.4712003426988804 2.8700214230863947 59 59 53 0.021658230008712722 62 75 38 189 74 80
4469 -0.78783161104820421 0.99806022114031101 2.6314702823200342 109 117 141 0.26931207012539438 81 175 47 50 74 238
3902 -0.30123058163719341 1.3959893830080961 2.9143393356046121 17 17 17 1.9028628917445976 70 687 10 476 96 584 19 803 56 827 8 459 73 683 35 442
5011 -0.7557536342645782 1.3737743566493565 2.9623883435205416 116 114 98 0.074950364523081292 74 88 38 193 62 85
4470 0.53668110577017381 1.4085853555098606 1.2915356316835465 129 118 49 0.29632064592424906 1 408 58 382 47 80
3903 -0.9166976958894526 1.1696681390499102 2.8613670364451083 0 0 0 0.89256879484693741 70 697 10 487 96 602
5012 -0.82589756749998133 1.1808911662626764 3.1471133002860903 225 212 175 0.26659877247084385 62 95 74 97 38 201 5 313
4471 -0.75299825538203657 1.2829135030818899 2.2933581677603034 158 124 34 0.84121333763309014 58 524 81 360 47 220
3904 0.080792255883455816 1.05635944310647 1.9269492279005238 0 0 0 0.7999877237472397 70 692 10 490 96 595
5013 -0.84837616686624773 1.2289169985205139 3.099286045330278 228 214 177 0.29176269453306164 62 99 74 102 38 202 5 315
4472 0.69164908513570134 2.6445260718830812 2.2872906404997795 0 0 0 0.29648315174725071 58 556 77 361
3905 0.24566670831197812 1.4114409806700023 2.0198932912269036 220 146 34 0.99901170861450528 70 703 10 491 96 610
5014 -0.94001074306918819 1.1450453468526847 3.1800564172692734 224 211 175 0.19890597856180239 1 150 62 109 74 110 38 208
4473 -1.2557895427024295 1.8856605909197557 2.3800279828443123 0 0 0 0.0038518380382285495 1 556 81 381
3906 0.98692265169074245 0.97797311479366344 1.8368538462919894 254 194 55 1.5756055651761889 19 818 56 847 16 845 8 472 73 695 35 443
5015 -1.055073845791336 1.3851428633512914 2.9407648088963421 168 160 137 0.029202732145526933 62 197 74 115 38 211
4474 -0.73189680695941484 0.99799124968212694 2.3913314533527408 121 0 0 0.51582962494389972 34 590 81 333 47 186 77 233 58 464
3907 0.64004435345230026 1.8711268927233107 1.8081124079693986 0 0 0 2.2445644945654979 96 611 61 729 6 701 51 668
5016 0.66413121841028788 1.2756638682217807 1.2422218231461066 148 129 47 0.19910325444932395 62 199 74 211 38 215 5 237
4475 -0.83628997364014102 1.6756282574054759 2.1887535496176764 35 35 45 0.13433360432245559 27 56 84 59 50 50 66 66
3908 -2.8399521901045701 2.5617709114275207 3.1700297322556668 0 0 0 0.011895502113466724 67 395 70 508
5017 0.15817401486836608 1.5216579519878903 1.7025720777561089 93 109 144 1.27882057170587 62 332 74 314 38 227
4476 -0.794064007382832 1.7346079444838864 2.2274680193401841 26 19 5 0.12875683640980076 27 65 36 179 84 67
3909 -0.25493008175395049 1.0036767914997138 2.1530372758567697 164 84 12 0.068976416473937777 12 38 70 210 96 38
5018 -0.25882622025245416 1.1999482062711995 2.2368715993981256 10 6 3 0.16551396737227791 62 229 74 226 38 233
4477 -0.83148726373033188 1.7487388145345075 2.2552662429191876 31 22 6 0.19870776605197377 27 74 90 174 99 676 84 76 50 65
3910 0.47866297658574741 1.624031856133354 2.3106414046116632 161 152 159 0.14128989781075621 12 120 96 114 6 133
5019 -0.9127822674645012 1.3154490547381594 2.2265219136529266 115 110 81 0.21088291126838365 62 239 74 234 38 236
4478 -0.76710244276238015 1.7712586797547329 2.2429775147367432 32 22 3 0.20939990321766802 27 78 84 77 50 66 66 81
3911 0.45139870762281953 1.8289981236249044 2.232001322340039 19 15 15 0.38657777727835352 61 114 96 126 6 140 51 196 71 197 63 626 98 178 76 165 88 285
5020 -0.84716954388778332 1.2268690776590789 2.5774244506756228 99 92 28 0.83785543837077048 62 249 74 245 38 242 5 350 65 520
3912 0.45134204037512776 1.8290299497678058 2.2316862959791601 19 15 15 0.39765953852112751 61 115 96 127 6 141 51 197 71 198 98 179 76 164 88 286
5021 -0.91042102710317385 1.486365635070775 2.4297473206297671 84 66 13 0.41548466727884814 74 290 38 245 62 303
4480 -0.40741817598757213 2.222224551660041 2.1016123484304652 92 101 101 0.50459808103163839 27 150 84 126 66 148 50 140
3913 0.28682530023191721 1.4418728258080853 2.6483533435921358 152 146 161 0.11100393356478917 10 104 96 140 19 382
5022 -1.0468809950524463 1.556057593168291 2.3565554809122311 98 111 139 1.3992176379519463 62 254 74 252 38 247 5 286
4481 -0.54175644158320602 1.6089519407362667 2.1841801443047002 13 6 3 0.18773842661792264 27 204 84 191 50 220 2 94 66 220
3914 -0.065102648592767126 1.4126518839773849 2.6981408263245346 148 80 8 0.23431259493025108 12 136 96 143
5023 -0.92035618835813637 1.9255666435750705 2.4076031214554137 67 75 73 0.43367081946986552 65 450 38 250 5 297
4482 0.37199500324423423 1.8042949793756426 2.1517159063928584 6 3 3 0.52043126097963777 27 211 84 192 66 327
3915 0.31789950092364083 1.4570358117014699 2.6422197124996587 84 65 61 0.092321307516053483 70 135 96 145 19 148
5024 -0.89033847387475062 1.7526481728301933 2.5953172666877324 67 70 66 0.30127583494872545 65 310 38 252 5 223
4483 0.32441757236528934 1.7919685591284522 2.1384907589172095 115 93 24 0.17117798746596963 27 337 84 297 50 323 66 326
3916 -0.66334122791991512 1.2523602746515665 2.9265625935402895 16 15 16 0.40068976082096008 12 130 96 149
5025 -1.0687749088123004 1.8795441687595831 2.4432404464041886 113 117 110 0.49354031915943297 62 266 74 259 38 254
4484 -0.73433367839476249 1.7647982469976815 2.2067116785210024 58 65 86 0.22227505807579651 27 221 84 303 50 236
3918 -0.35237053158600462 1.2182363875369688 3.1587078587226376 99 61 44 0.63025550333267222 12 221 96 183 19 270 6 152 51 203
5027 0.91316311197731903 0.75272237549348608 1.6704282331196798 154 135 50 0.18704220045385236 1 402 38 260 37 228
4486 -1.0699622708549532 2.0689555868540759 2.2527384500235921 53 36 30 0.15740021101264418 27 357 84 324
3919 0.44644164077573384 0.95885002547628717 2.0040470441673959 172 167 183 0.89468944467585121 10 192 12 608 96 228
5028 -0.80106674022409252 1.0397359446592196 2.6157433874076972 50 45 44 0.30049729220962512 65 514 38 283 5 347
4487 0.60890595303616901 1.2795680260709288 1.0703275444310021 0 0 0 1.3097902280098299 27 281 30 428 84 325
3920 -0.73639267901381489 0.69114007965853996 2.124420608812037 0 0 0 1.7681966941748108 10 188 96 365
5029 -0.75203291579940967 1.1609038028444572 2.6760602845772423 114 101 30 0.35333460799697081 62 248 74 287 38 291
4488 -0.44783534854301321 1.6763100812738134 2.181645138305107 81 70 17 0.10474590765646255 27 396 84 358 50 399 66 397
3921 0.32815728008685136 1.6560874399134362 2.4305931910192489 231 171 42 0.27373280577725945 10 92 70 493 96 422
5030 -0.77977946736237791 1.1315351961105542 2.7122341014394538 21 19 18 1.1866828135010228 62 339 74 321 38 292 37 197
4489 -0.79057015270797626 1.7028018299372083 2.1829784354943333 44 46 62 0.12711340879779237 27 403 84 363 50 324 66 328
3922 -0.73455256213341691 1.0883915604914285 2.7508444491086195 146 135 144 1.2791439120442065 10 401 12 707 96 471
5031 -0.86178475065732973 1.8390481415902074 2.5110993429762591 77 81 75 0.27724801080083383 62 261 74 255 38 303 5 363
4490 -0.47539897741055626 1.8007881866289095 2.2274299436149083 78 62 15 0.28387634660233424 27 405 84 367 50 405 79 509 66 401 2 532
3923 0.49398512253588078 1.5900593542097725 2.0431178394287146 175 129 42 0.88622916236868454 61 658 96 523 6 638 51 630 71 599 63 839
5032 -0.89622883058358349 1.8834731170048669 2.463557286344003 79 84 79 0.33250582695014363 62 262 65 449 74 256 38 304 5 364 37 208
4491 -0.13544394892668185 2.2197314521742948 2.0798866981694775 1 1 2 0.69854912474514164 27 455 84 376 50 457 66 456
4776 0.63483137915599752 0.98403453772660987 1.6962559656831948 143 112 27 0.65832540518257465 8 277 73 515 35 271
3924 0.89909461931400791 0.76779268998028816 1.6764311105850893 255 198 61 1.3737198930779368 61 669 96 568 6 656 51 624 71 572 63 828 88 430 76 631 98 639
5033 -0.90075953452864921 1.0734891931999608 3.2970999872896933 101 102 94 0.077507565159911598 62 347 74 295 38 307 37 270
4492 -0.17091428053961591 2.333953944640129 2.053277643907327 37 26 24 0.21922052117146046 27 420 84 380 50 421 66 423
4777 0.49561550198311155 1.4150812604528629 1.6064676609715567 147 125 44 0.12713070478745259 8 282 73 518 35 278
3925 0.41901846799477638 0.96803773744577337 1.8637818444048531 208 175 108 0.81294621384267207 70 678 10 470 96 576 67 884 12 819
5034 -0.53198960967623732 2.0878202716520744 2.2677428165177713 73 81 80 0.14889470547058592 62 367 74 353 38 326
4493 0.45301677645886929 2.3775477870485413 2.3071164816189715 84 83 78 2.9460848379699369 2 556 84 382
4778 0.47145831540444394 1.4262831194373959 1.734318309205201 205 138 37 0.33079422167367284 8 288 73 521 35 285
3926 -0.35110734833547452 1.0661537744874861 1.7784678507098086 255 222 59 0.81644573394258146 70 612 10 385 96 507 67 788 12 773
5035 0.55217693939610812 1.1102487904860652 1.3192545851317112 150 134 51 0.77479872166720121 1 530 38 338 37 312
4494 -1.1325167720670779 2.0474232092946867 2.2661490846591077 57 38 31 0.26563555625919977 27 423 84 385 79 521 13 505
4799 -0.26437794525055114 1.090195123731196 2.4059223692535467 255 225 60 0.13164038069920792 8 382 73 611 35 354
5056 -0.80489333307600397 1.077203113812556 3.2104943070430618 155 109 86 0.047094079075978915 65 165 5 101
4515 -0.69819329742976421 1.7956254447474547 2.2267286529207726 22 15 13 0.15947518774098196 79 93 84 215 50 68 66 83
4800 -0.91838603421935217 1.3630708758542649 2.1326167416403194 140 121 38 0.18879080825447284 8 310 73 612 35 301
5057 -0.73113516197824635 1.2077896703749602 2.7391766656003171 20 31 47 0.23111666585493412 38 62 62 49 74 57 5 193
4516 -0.30154798267505123 1.7548876458025402 2.3996762391573885 32 7 0 0.25231916861444187 84 216 66 100 50 81
4801 -0.92367692379101696 1.3846929676781168 2.3994036374146335 82 95 121 0.1726367795846695 8 326 73 615 35 316
3949 1.1468599080809287 2.3084496458827748 2.2220499619758569 245 224 177 0.29828190799922538 93 676 69 794 23 624 41 465
5058 -1.0058372499652315 2.0430494481678414 2.2929461779092977 112 80 65 1.0268215100543767 62 101 5 219 74 103
4517 -0.23917314009726534 1.8893374685391786 2.2151154087594613 28 6 1 0.1460218763826098 79 113 50 83 66 102
4802 -0.94061375568212502 1.6380078039346797 2.3326378714832119 4 4 5 0.53154598636869965 8 327 73 616 35 365
5059 0.69517941611174339 0.88366295056635658 1.6569426982229565 29 32 37 0.34362652585612413 38 218 65 364 5 238 37 148
4803 0.69686852198713445 1.0498405232780321 1.7679873398664629 102 64 12 0.18034259950041456 8 396 73 625 35 374
3951 -0.23586031871773691 0.89739241476620912 2.1487710312154817 228 229 243 0.44496423805494717 24 806 93 790 69 889
5060 0.36787900527109663 1.2003017073099367 1.4920188987646053 23 29 39 0.50340875642808036 38 223 65 482 5 248
4519 1.1712102433262357 1.8450286288665887 2.6258147733942039 121 108 81 0.29346594653696467 27 73 50 101 66 126
4804 0.27871337896949228 1.3714599578938029 1.6696501476659122 173 130 33 0.32350721443861175 8 400 73 629 35 376
5061 -0.3992182874976804 1.2128706176390485 2.2452803864424418 255 212 55 0.4913281107429498 38 235 5 340
4520 -0.76157313763597723 1.0557206561746895 1.9053827927141547 98 65 11 0.085655576084667076 79 230 50 170 66 177
4805 0.61718450439999528 1.1856564300400987 2.029716870459827 0 0 0 0.38719469203705481 8 363 73 632 35 344
5062 -0.83108718315077712 1.0968810762456707 2.6132201982006493 112 97 27 1.45047598307258 38 289 74 320 5 387 62 297
2705 0.8485285305686262 1.5122351837061647 1.3513801818423969 254 218 63 1.9412075800567852 89 780 68 771
4521 -0.42605613055259661 1.2751913719010821 1.7654301322895172 49 38 34 0.20499721065212106 79 232 50 172 66 178
4935 0.75503787785074294 1.0740224845278326 1.7320501134291355 255 244 67 0.29752833977721954 76 546 98 558 88 391
4806 0.19826584061931068 1.103784490927755 2.101277949803158 240 204 67 0.085522074669999837 8 403 73 633 35 380
3954 0.52410249429947686 2.6392725181499244 1.807314336985038 0 0 0 1.841543443019777 15 838 69 1002
5063 -1.0009931699017349 1.5025528393782954 2.2532170657787787 95 108 138 0.42844399739479599 38 240 5 388 37 247
2706 -0.53301577180323001 1.0414291297629856 2.0891923466173163 255 237 66 1.3762898697634753 89 786 68 773 92 794 43 539
4522 0.14127128349483353 1.5937790782423387 1.8985527792994614 79 53 7 0.13847639530476741 27 184 50 192 66 195
4936 -1.2012510550349751 1.8847402542490423 2.3137911659646537 0 0 0 0.74324857920515008 76 570 98 619 88 413
3896 0.33573373445403415 1.5740048450143309 2.7210676426403748 122 107 109 0.30040651158135295 70 635 10 414
5005 -0.99936947761146078 1.4284179408649125 2.3291397181362092 14 14 16 0.14851187746952191 62 164 74 173 38 173 5 191 37 125
4807 -0.89748216460949704 1.270499822662353 1.939044684630796 0 0 0 0.70017570334384605 8 432 73 635 35 382
3955 -0.87292380934618152 1.3938599324993164 2.1292338430033979 30 30 36 0.23090719560869205 79 268 13 52 49 47 2 71 50 36 27 328 66 45
5064 -0.57717999006723475 1.3536638820545799 2.9355258402555164 0 0 0 1.6840009266941791 62 391 65 630 74 375
4523 0.36587028100197705 1.6691852583356372 2.012907102823458 70 33 2 0.10932983892148225 49 73 50 211 66 210
4937 0.32809563902310634 1.3740802814409847 2.976733544056652 159 105 77 0.32607704168343976 76 580 98 366 88 418
3897 1.1304474003990301 2.5663762741710809 2.1054859656143017 242 222 181 1.5916570423485776 67 825 10 416
5006 -0.88395077507619635 1.2120556232371573 2.6657516813612614 98 110 140 0.23440824042001951 62 250 74 248 38 176
4808 0.2210543302034487 1.2027022513908885 2.2541329012531142 198 137 32 0.43859952865295115 8 405 73 636 35 383
3956 0.38897550794113983 1.6333910186558458 1.957884213974812 17 17 25 0.21199949514934083 79 46 13 63 49 68 2 80 50 199 66 203
5065 0.47521649124394649 1.2054215127654422 1.7191913011342062 131 92 23 0.47650098577107158 5 455 37 374
2708 -0.94046096242848432 1.5918557376579725 2.2986088246885434 85 84 76 1.8267070160902306 89 521 68 428 40 87 95 99 87 351 26 546 7 499 60 902 53 517
4524 0.3382219169535875 1.7107161695180033 2.0621790926893917 62 29 1 0.075894813996304267 13 74 84 172 50 214 66 215 66 216
4938 0.88694911278293598 1.4913946649969356 2.8339382886925755 0 0 0 1.1921553594949652 76 590 98 597 88 420
4779 -0.4081101570125284 0.86716881071526664 2.0112301646387714 255 200 56 1.1700492830011362 8 194 73 527 35 26
3927 1.1488505993240445 2.3921477622455303 2.0714454285752875 236 217 176 2.9283012287218266 61 723 96 586
5036 -0.7776180350126376 0.99368809443145245 2.3776726924656622 101 0 0 0.23349052867192893 62 358 74 340 38 346 5 423
4495 -0.5413202789330025 0.83991834577128666 1.8372355262683688 243 0 0 0.5062865407961793 27 362 58 449 84 403 50 365 66 359
3898 -0.023547886650308686 1.6483570326725376 2.7042394325998478 181 160 118 0.51442682312359689 70 662 10 443
5007 -0.17930230188906968 2.2632888600511696 2.1017371803074507 32 22 18 0.16548536099133557 62 171 74 181 38 180
4809 -0.76834397024646828 0.98072569552526656 2.3880771925347895 123 0 0 0.16111065410010728 8 412 73 642 35 406
3957 -0.37242437927976069 1.8525315254809052 2.241181108988838 56 32 3 0.030621261015311183 79 106 66 93 50 78
5066 0.52271912677683963 1.2214629243014017 1.3282045000404816 44 43 35 1.1063926322805033 29 762 34 577 77 291 58 492 81 282 1 460 74 264 62 275 38 220 5 240 4 610 33 497 78 633 3 519 59 609 21 320 65 204 65 365 37 152
4939 0.39261333652187191 1.9658348984358307 2.4477727019597064 232 207 161 0.12302049314595277 76 589 98 596 88 421
4780 -0.74687139373431399 0.75556970298033876 2.0571349279168589 255 213 57 0.23047354626314062 8 293 73 529 35 287
3928 1.1488505993240445 2.3921477622455303 2.0714454285752875 236 217 176 2.9283012287218266 61 724 96 587
5037 -0.90929175310728239 1.3591199829529834 2.2695140464855768 48 39 29 0.068711059886221865 62 362 74 346 38 350
4496 0.39816794101355046 1.5931644452138605 1.8803740242362839 124 90 21 1.2814441822697487 27 438 84 410
3899 0.27011095709283706 1.5470012896057601 2.192005464756924 5 5 6 0.38774084963194044 70 684 10 459
5008 -0.94981963756848398 2.0554676156424598 2.2267505693432703 60 43 35 0.12525544621035861 74 193 38 186 62 182 5 207
4810 0.28470597277266996 1.5672978921210325 2.8255408138472271 9 8 7 0.65988545161599921 8 417 73 647 35 391
3958 -0.88576998986506084 1.8777824834285597 2.2609621009766161 4 4 5 0.065179701502763421 9 149 13 111
5067 0.66529862192769729 0.93477720354384819 1.6727852656991715 136 110 34 0.25388229789961403 38 5 37 95
4526 0.23554308741985386 1.2306141112243549 1.4704584330348207 0 0 0 1.1867231032432246 2 288 49 644 50 279 66 357
4940 1.0076126359425768 0.96377608164801754 1.8803781347161839 255 255 83 0.51234617262795934 76 636 88 434 98 643
5009 -0.68177226472764374 1.3995122168734497 2.9479026431856372 85 89 82 0.1242633098869213 62 73 74 79 38 188
4811 -0.033201564161584124 1.2837394457977855 3.054730608941294 51 31 24 1.3646624979239537 8 420 19 759 73 648 35 394
5068 -0.89496568988252734 1.0831466628750539 3.239950224547715 64 46 36 0.22358796550458998 5 369 37 266
2711 -0.84310266532405409 2.0874744217408527 2.1772751563372412 55 40 37 1.0148646331801976 82 685 89 695 53 523 33 595 3 715 4 681 78 740 54 787 68 662 59 718 21 703 43 346 65 435
4527 -0.76930019491736368 0.86209891872870814 1.8463481909354258 0 0 0 0.51018030216690957 84 330 50 281
4941 1.2287786425680316 1.0603650484537706 1.8678728222925476 0 0 0 0.39407707751632942 76 638 88 435 98 644
4782 -0.12621556110641644 1.21808369095355 2.2360559680988366 255 205 53 0.78796058591863483 8 301 73 537 35 297
3930 -0.47195017455882371 2.1021480810744086 2.2834732919963172 71 81 83 0.34270451544467501 93 275 69 305 18 99
5039 -0.60692857738286421 1.2853020028744071 3.0728856975745691 187 174 139 0.28616390848743478 62 370 74 356 38 356 5 431
4498 0.2350739657854003 2.114495542528684 2.0719216405561367 197 176 138 1.5539341483765687 27 489 84 442 50 476 66 454
4798 -0.88775428439874138 1.212985849837878 2.1549021515580651 110 0 0 0.3561188156163726 8 378 73 608 35 384
3946 1.0105544236963353 1.6437687907278746 2.7809422372479888 149 97 68 0.41862855739772503 93 505 69 629 18 372 9 340 23 566 41 342 85 421 98 599 76 592 88 423
5055 -0.83444784872214361 1.7409089507697086 2.6071510261964903 80 86 81 0.18512075736380154 38 190 65 129 5 93
4514 -0.69809009624422347 1.7959118423885392 2.2251996842244357 22 15 13 0.13262318371413401 79 94 50 67 66 82
4797 -0.74527970766042861 0.73497913869414722 2.123350573819045 118 96 22 0.33789537577371731 8 366 73 601 35 290 73 532
5054 -0.60057898257187547 1.3430096439113564 2.9719004600036598 7 8 9 0.37893871088209719 1 91 5 83 37 138
4513 -0.92855315895033574 1.7129892209768973 2.2754078627103449 42 46 61 0.1294801731536227 79 88 50 63 66 80
4796 0.51367588255640839 1.1930576253187373 2.1089176020529856 226 168 45 0.21353278972190445 8 364 73 600 35 345
3944 1.0993740079326046 1.5508502255381238 2.8427251917762111 0 0 0 1.2335383453378383 93 500 69 625 18 370 23 561 41 355 92 654
5053 -1.0245768333686287 1.599361495254106 2.3451653631458229 9 9 13 0.88660059319310736 38 65 5 71
4512 -0.79280105805814483 1.7177337404402089 2.1997285498057444 57 61 80 0.026738105246508562 84 209 50 58
4795 0.41179033837300183 0.92145517302897695 1.8488803131508251 241 208 69 0.15559025990045994 8 399 73 592 35 340
3943 0.087382973009321796 2.2155484163969232 2.2133115587855006 193 177 142 0.81163522466961857 93 322 69 620 18 383 49 443 23 564 98 378 76 355
5052 -0.97262065037717882 1.4128024189396922 2.3286804815215323 95 106 131 0.18885943443418232 38 53 65 279 5 55 37 44
4511 0.38516950987692156 1.8454822846249399 2.1589407550689699 77 81 97 0.12170565096998287 79 73 50 54 66 73
4794 1.1035068050861609 1.0072269794137299 1.8224857013607392 255 199 55 0.44178978091430615 8 353 73 589 35 338
3942 -0.21853899412373759 2.223956086790893 2.1682009655029018 58 41 35 0.18718499063936866 93 497 69 611 18 377 23 558
5051 0.6592598386258729 1.2250558859522382 1.6055039738557542 126 111 33 0.17656723793169715 38 8 5 15
4510 -0.5866023236861283 1.7176099314339397 2.0826445695349785 77 66 16 0.46785070142617879 84 195 66 63 50 45
3941 0.80379681377211121 2.2022250515978765 2.2680208591406488 226 211 173 0.32769110286812198 93 189 69 541 41 252 98 317
5050 0.60280813299644886 0.92825143946674493 1.6547251930283695 122 134 167 0.18882858660296462 38 1 5 8 37 2
4509 -0.8553791631049521 1.368645533939352 2.1207958959554469 105 92 26 0.14758613213508628 79 45 50 35 66 44
4790 -0.95761427317370784 1.5327041670594066 2.1879312708709424 6 6 8 0.29713966884468063 8 317 73 549 35 308
5047 -0.47092329560927659 1.4640081041244328 2.7725725064450968 4 4 4 2.6044409145478076 1 278 38 249
4506 -0.87214512300588964 1.7646925457638458 2.2824074031185901 14 15 16 0.18069886978433447 27 89 99 272 52 457 30 217 84 85
4789 -1.0021461204457023 1.4631631602667403 2.1679771683837239 74 87 115 0.48574363453565056 8 314 73 548 35 304
3937 0.81074074262536289 0.99989924584209777 1.8194350911368677 255 217 71 0.59585485065399491 93 232 69 383 23 263 41 301 76 319 88 242
5046 -0.85367280048323146 1.3068315595474633 2.4534280206865549 65 48 7 0.32110609863101636 81 60 1 265 74 169 62 160 62 244 38 168 59 189 21 230 46 210 65 276 5 185 37 196
4505 0.29042868722906351 1.4054956401466199 1.9530138843102836 132 103 33 0.60279936811874679 84 483 50 519 13 662
4787 -0.49735805063664118 0.99487387795789084 2.4734212358614562 255 226 58 0.142900934076921 8 313 73 546 35 303
3935 0.9857951412290461 1.6938838843892312 2.7851546515257652 52 31 20 0.33405169106828198 93 168 69 347 98 194
5044 -0.91672368654147607 1.7923409664377374 2.3895741023188477 18 20 22 1.4028742836245776 38 384 5 449 65 631
4503 -0.99009924953948669 1.2515399626422692 2.0724859288723261 0 0 0 0.77858283604225498 27 502 84 475 50 498 66 513
4786 -0.97917652520115106 1.3655926198855193 2.1400218609763364 0 0 0 0.72431445393570459 8 311 73 545 35 302
3934 0.90273623268322978 1.6930704426277026 2.7815134749914372 212 199 165 0.21633779395962741 93 162 69 343 23 189
5043 -0.16786874600629345 1.8877726161614041 2.6496220086312787 45 33 22 0.79412017686628811 62 392 74 377 38 381
4502 -0.037738025612371634 1.6934289466294685 2.1564355547334828 90 68 32 0.76992246225409466 27 464 84 460 66 446
4785 0.091127358176126327 1.2355006241895408 2.3503912946276895 157 124 32 0.35621372928872752 8 304 73 542 35 300
3933 0.83463632554286493 1.6713984727302513 2.7943526727717578 224 209 173 0.27497930389369935 93 156 69 341 98 190 76 296
5042 -0.64899255775350828 0.98616608735093259 2.4759027713874415 161 121 28 0.82021050434314036 62 360 74 360 38 375
4501 0.56650957782921985 1.4765679106382668 1.9695042586972642 0 0 0 0.7688815003179148 99 1132 84 458
4784 1.1881834602140799 2.1465374987516346 2.2062468282968539 0 0 0 0.73891236911067015 8 376 73 541 35 358
3932 0.85678464843000213 1.6044848751242264 2.8177908302289763 103 72 60 0.35595902805024821 93 152 69 338 41 84
5041 -0.93282932526649454 1.3365209148250121 2.1596091627557268 125 112 34 0.068693039501427203 62 374 74 361 38 364
4500 -0.67264246347123957 1.9800983303283126 2.3091749074756476 2 3 4 1.0681972938469266 79 605 84 449 50 456
4783 -0.27973885442039925 1.222678121760181 2.1949569632070882 23 18 15 0.47391835155156442 8 375 73 538 35 296
5040 -0.82588267795493819 1.2892817764759414 2.2455021847065524 153 117 28 0.2268763545588087 62 375 74 362 38 363
4499 -0.08752822107153066 2.0618103708276458 2.2160002932983422 53 63 87 0.37642912979867454 27 473 84 444 50 477
3895 -0.057748715180962945 1.469652037988358 2.7253280309620633 211 152 37 0.36858738863623247 70 631 10 410 96 532
5004 -0.87168382664242783 1.1401613707370799 2.6158560419098231 13 14 16 0.079086717938608386 62 162 74 171 38 172 5 189
3894 0.041515311131631261 1.3988454149825411 2.6505870224627932 197 135 33 0.03246143492362643 70 585 10 406
5003 -0.86339958406690087 1.1427119764014027 2.6164668739630033 13 14 16 0.27032652759920345 62 161 74 170 38 171 5 190 65 92
3893 0.19854120907680756 1.3857891979678154 2.6185137391445545 134 122 129 0.44056532180160862 70 629 10 405 19 718
5002 -0.95282411330360461 1.3838605055680495 2.3623105176947923 90 107 142 0.16591656882358596 62 163 74 172 38 170 37 124
3892 0.22619396806102807 2.3142315577023997 2.0584337117085929 126 78 52 0.33108453815122563 70 628 10 404
5001 0.41745037035828542 2.4124365884572478 1.985277568202465 107 76 62 0.11865272069345385 62 167 74 175 38 166
3891 1.0909697572377921 1.1461545589841244 1.946955974488068 0 0 0 0.19617082303714442 70 553 10 389 19 612
5000 -0.80611715724474475 1.1757414802989032 2.5563595168645019 98 92 27 0.27127733588521424 62 158 65 273 74 167 38 164 5 183
4999 -0.83633913919528302 1.0567411298082181 2.5589481594883834 53 47 33 0.57057340662930356 65 269 38 160 5 176
3889 0.39426585531693353 0.92179943095598327 1.8760214145039216 255 197 56 0.32984519135825463 12 742 10 384
4998 -0.89463113741882605 1.2844528569867883 2.1625105785051577 122 87 24 0.64228003422529034 65 56 38 157 37 117
3888 -0.35948743588379117 0.97058722442435674 1.7713816737293 0 0 0 0.40777031770694244 70 526 10 380 96 445
4997 -0.44324637266697764 0.75316105427444402 2.0457838611873123 223 172 48 0.76982806012433214 62 278 74 268 38 138
3887 -0.92303364221597506 0.98277275282303378 1.7370188441166459 0 0 0 1.119492917680631 70 647 10 379
4996 0.32383830918030088 1.2305111793453081 1.5563868773006071 129 142 175 0.21239061121392266 62 134 74 138 38 134
4995 0.32383830918030088 1.2305111793453081 1.5563868773006071 129 142 175 0.21239061121392266 62 135 74 139 38 133
3885 0.36120659339074518 1.4470502027080283 2.6053601249487 150 143 155 0.26825960297358603 70 590 10 347 96 477
4994 0.27917006174392667 1.275685682321988 1.4839769144365438 240 207 69 0.37995683913615935 62 133 74 137 38 132 5 250
3884 -0.041161579443253354 1.402277561768668 2.6578110738450889 197 136 33 0.36603112754682637 12 715 70 586 10 345
4993 0.71791499255151758 1.0599523374885529 1.5535700210968757 67 60 52 0.098611994997811231 62 125 74 129 38 122 37 98
3883 -0.62072257416614041 1.1686732105136914 2.7876313889918434 122 110 117 0.21250492409495281 70 579 10 339 96 473
4992 0.63264987446135545 1.0809512607062981 1.5036605292545586 113 96 41 0.30986747291522238 62 122 74 126 38 120 37 91
3882 -0.15135101566190659 1.2203361161246087 2.5233445168082533 255 231 61 0.20801919182341336 12 706 10 332 96 468
4991 0.56281241349668765 1.1253046549954682 1.4035739765189461 21 18 14 0.27368194613975572 62 121 65 208 74 124 38 118
3881 -0.16039917479842178 1.2277506066905652 2.5195583739680334 255 231 61 0.13006401759759173 70 574 10 331 19 645
4990 0.55627570518946767 1.1231821397026367 1.4045568486419044 21 18 14 0.22035159340388638 62 120 74 123 38 117 5 129 37 90
3880 -0.75394772549706668 1.0090374820178594 2.6275079481983394 206 208 232 0.49687822178275942 96 465 14 419 6 514 51 498 71 363
4989 -1.3434451074279241 1.9498922430734291 2.3569361517320653 65 48 37 0.14026879749588927 62 115 74 118 38 115 5 123
3879 -0.0029132109166688513 1.2072900751423898 2.3632116558598928 244 185 51 0.51103846411882048 70 473 10 327 96 400
4988 -1.1531245385694429 1.5679124430482632 2.7410294155309431 67 73 68 0.27175286141389932 62 114 74 117 38 113 5 121
3878 0.81802519543679297 2.646783006283314 1.7960110132429254 147 97 70 1.642619789793182 70 582 10 248 96 432
4987 -1.0357342349009846 1.3374118707288245 2.9892181062661023 186 177 149 0.074029579248225286 62 112 38 112 74 114
3877 0.22751035506945438 1.2903141645711926 2.4205178744498732 10 5 2 0.62964435695120935 12 641 70 576 10 234
4986 -0.88700795219894712 1.0321817002391034 3.2575706182498827 156 110 84 0.33278111974360808 74 202 38 103 5 233
3876 0.32587259959449416 1.3191197975513265 2.194666695002764 236 169 44 0.25275543514062515 70 468 10 222 96 392
4985 -0.74831699119324702 1.2055767823942773 3.1390444047728234 224 211 175 0.11882224147789852 62 89 74 92 38 97 5 230
3875 0.51761130651818221 1.1504627835615737 2.0362067009265541 224 166 46 0.14457779615680066 70 455 10 208 96 373
4984 -0.92446381579020942 2.0337594679002247 2.2646155167341306 16 11 10 0.22692400663145237 62 76 74 81 38 83
3874 0.36733523918565236 1.5734397924728023 2.7207402351497025 122 120 135 0.13054479895313856 70 354 10 124
4983 -0.61220582161589165 1.5018603647069535 2.8590227479862151 53 50 43 0.46968016695767434 62 67 74 75 38 82 5 85
3873 0.27393652795150342 1.6661939287654357 2.4278534564873673 62 45 18 1.2390100929916235 70 276 10 91 96 313
4982 -0.92534537045834653 1.2154142887893882 2.6870311217261724 21 23 31 0.15462270792971269 62 52 74 61 38 64
3872 0.39372329611905921 2.4160881961452758 1.9012466890386786 0 0 0 0.10435156974722441 72 382 10 90
4981 -0.91503349104790721 1.3971027146614445 2.3100129443261239 115 99 29 0.53792317548651858 62 41 74 49 38 50 5 182
3871 0.40283711700540453 1.5765270283208126 2.2979860777609273 104 58 7 0.07635768619534225 12 113 70 97 10 81
4980 -0.89842531004245418 1.2546334467453744 2.1849625628289382 141 103 28 0.12276370334243207 62 150 74 157 38 39 5 43
3870 -0.2472243344922089 1.1896915600671563 2.4756097316624248 245 162 35 0.15299956236428269 70 260 10 77 96 88
4979 -0.76085438463882538 1.0270101794505713 2.4177609651093062 137 93 25 0.038616643447759329 62 32 74 38 38 38
3869 -0.65407112518909583 1.0555464768624752 2.5216707749921401 253 193 52 0.24593050727068155 70 250 10 72 96 288
4978 0.23685847841689642 1.377973345553974 1.5149125858905002 83 99 132 0.046365968181181265 62 14 74 19 38 12
3868 -0.22303934748607454 1.1123352163038778 2.2365198030979041 173 100 17 0.10220916159351806 12 59 70 227 10 38
4977 0.23853703223689782 1.2417150149732543 1.5831263989657007 88 82 76 0.22004252626800172 62 10 74 15 38 11 5 18
3867 -0.72235451861686417 0.88379048907733193 2.2778704223286099 255 217 61 0.16612462106108583 72 22 10 28
4976 0.51866992980990179 1.2264023701548754 1.3736606320094804 129 109 37 0.19022853476194226 62 3 74 4 38 4
3866 -0.39033531417301204 1.2227710163662397 1.9381231500082174 246 185 46 0.10440871315010791 70 209 10 23 96 252
4975 0.55423355301264399 1.123656707571838 1.3622956809522657 122 130 144 0.78995314623647961 65 363 38 0 5 127
3865 0.76993416217209509 1.4700275945784835 1.1954400711586799 253 253 81 0.64279080985482562 12 593 70 180 10 1 67 604
4974 -0.85446362232853579 1.2149855178093645 2.3297941547722543 158 128 34 0.2729663838510859 1 251 74 41 62 34
3864 -0.47712140895872135 1.1184753084857892 2.2244079088388329 48 36 9 1.3044880128563885 12 841 70 710
4973 1.0788884201339632 1.6545361940456782 1.3787485281551637 0 0 0 2.0023480115102985 72 772 71 577 22 630 14 552 75 491 48 631 25 517 39 718 28 677 57 709 31 673 67 713
3862 0.93077451813825318 2.1958634627785965 2.4148026784253593 245 223 174 0.99732513708569881 12 843 19 829
4971 -0.78914278001342919 1.1578027468502474 2.3955798372054056 186 148 37 0.13220598503059103 1 481 74 319 62 337
3861 0.93077451813825318 2.1958634627785965 2.4148026784253593 245 223 174 0.99732513708569881 12 844 19 828
4970 0.02082450476118422 2.2323047273921035 2.1515520460210702 191 174 139 0.34483750810241826 34 267 74 292 62 305
3860 -0.72479714752103952 1.1892625976374753 3.1635614616178813 151 103 80 1.659789017431621 12 832 61 714 10 489 6 688 51 654
4969 -0.88215355907281823 1.3344683152435262 2.4257365665130108 85 98 130 0.1609460054205 1 380 74 286 62 299
3858 0.08188293782972042 1.5718843958010169 2.8227723686074908 13 12 12 0.68782825541384607 12 803 70 675 19 790 8 451 73 675 35 422
4967 -0.99056228921801326 1.430754686450032 2.3292208877820237 14 14 17 0.2119006110997117 1 68 74 174 62 165 38 174
3857 -0.65634497095908328 1.2426767201481552 2.9646319345004173 66 63 56 0.40941826706423501 72 779 70 674
4966 0.60660468549998148 0.96194901726785764 1.6720856124721142 8 11 16 0.096187394481327473 1 10 74 132 62 129 38 125
3856 -0.88795806593544224 1.1019948654894902 3.2879148493324424 214 183 142 0.29832697094963029 12 785 70 665 10 446
4965 -0.90877700768725744 1.0521423137971824 3.2632266479642689 66 48 39 0.33017428374953262 1 141 74 108 62 107 38 107 5 122
3855 0.44902542839008941 1.5593972582673161 1.9560549200784343 199 135 32 0.29626840295917972 12 781 70 659 10 393 96 461
4964 -0.92582412912950685 1.2080280045960377 3.1102917077295342 228 214 177 0.38145044138079076 1 304 74 107 62 104 38 206
3854 -0.43919983810383922 1.2112897649883592 2.7568100849459887 131 119 126 0.50156423937848404 12 712 70 627 10 402 96 529 19 720
4963 -0.90865637622675854 1.0911361370232509 3.2237775774423465 72 48 31 0.58753062139959578 1 142 74 106 62 103 38 105 5 119
3853 -0.14011592637638695 1.431172111733561 2.4869540938832211 152 144 149 0.36534057475337067 12 758 70 626 10 336
4962 -0.86566517136399046 1.2268809101508424 3.092662517145814 227 213 177 0.20181257779679318 1 136 74 101 62 98
3852 0.34194980309361728 1.3954603552783071 3.0152735497778012 105 68 51 0.22553390226919345 12 660 70 602 10 360
4961 -0.83470757790939976 1.6950237019537171 2.6369000117372048 85 90 83 0.064158338486128619 1 127 74 89 62 87
3851 0.26124053136647601 1.554319264620418 2.7679771315791624 129 116 121 0.47849619566301538 67 759 70 600 10 415
4960 -0.90503031362258746 1.709736645671988 2.5709601066671466 70 72 66 0.27971833765143378 1 137 74 83 62 80
3850 0.43726583098533039 1.6260155278757955 2.695451251504168 222 193 144 0.34123581719383339 57 587 70 597
4959 0.20282892368605132 1.4434682224562516 1.6025886562276674 18 22 31 0.083204186320927132 1 20 74 20 62 17
3849 -0.531548078698731 1.3006577098968453 2.9303318732580648 116 100 102 1.0862654572127253 72 631 70 592 19 659 56 710
4958 0.45346313765982482 1.1834891315411116 1.4922351397719329 121 101 30 0.69045787760741828 34 369 74 6 62 130
3848 0.71546356383329124 2.4739165925653475 1.9732587243300475 105 70 53 0.40678154884851531 67 750 70 587 19 558
4957 0.6827696165138627 0.88995021228683491 1.7076023266860203 140 121 46 0.28024695354089824 1 204 74 3 62 2 38 3 37 4
3847 -0.17896514701735569 1.3291535848508789 2.5544619907423129 237 178 45 0.26434465989650885 12 710 70 578 10 337 96 472 6 573 61 580
4956 -0.85871159308249045 1.0481263837812551 3.2467559738055822 151 103 77 1.764392743106058 42 327 94 225 52 207 34 127 97 396 52 935 90 90 30 130 36 140 29 604 21 716 55 749 60 789 53 592 17 732 90 492 30 500 36 478 82 623 78 751 54 755 3 780 89 640 68 534 32 635 59 684 11 513 92 607 43 151 75 543 25 514 48 529 65 534 81 206 1 292 85 507
3846 -0.7330013169623274 1.1629214618568737 2.6758241084610379 216 171 45 0.71717074042745743 12 705 70 577 10 334
4955 1.1601866680523658 1.5877451054575762 2.8753237699988552 0 0 0 1.0068238544228165 93 510 23 568 88 425 69 920 18 496 98 632 76 654 98 663
3845 -0.15524644644706195 1.326681118168775 2.4512001113933515 69 54 48 0.63202953480730462 12 640 70 573 10 400 96 525
4954 1.1410227757522056 1.4475779785084049 2.7313471541001531 0 0 0 1.1771060973292724 76 685 98 692
3844 0.21941524031446255 1.2498402921044915 2.2863342134290447 255 197 53 0.17963154453427649 67 656 70 568 10 326 96 395 19 630 56 581 16 581
4953 0.52934613525549878 2.562606526271999 1.8120031845723137 0 0 0 0.3760223470958946 76 686 98 693 88 515
3843 0.27091930989123286 1.2590193981070052 2.2481042193558092 255 227 56 0.15930433010057757 12 698 70 566 10 324
4952 0.10382438627882543 2.1208038847584025 2.1881954686912293 46 42 41 0.68419463962407756 76 681 98 687 88 508
3842 0.97953412371729509 0.90143876390216693 1.8009601041790331 221 160 43 0.17884878525512649 12 677 70 529 10 293
4951 0.3133323847042177 1.6463857190307849 2.6599526200245478 5 3 3 1.8876925581309152 76 680 98 686 88 507
3841 0.37286814971275367 0.90486701173825201 1.8066590765388755 0 0 0 0.8820082471182763 12 675 70 527 96 443
4950 0.14100401733047624 2.0915167306238582 2.2377332903642118 27 24 18 0.25489742472847166 76 651 98 661 88 499
3840 0.34635971897711376 2.4060966582724697 2.600458338503393 240 219 173 0.82454251884750729 12 663 70 518
4949 0.4916677065310967 1.5731609959766788 2.043603750814976 193 138 33 0.12144346670863511 98 671 88 494 76 668
4948 0.50344983325684345 1.4806937887086329 2.1337824862386712 71 67 60 1.0628681467926198 98 650 88 493 76 643
3838 -0.69930626074933167 1.2098547319332567 3.1008948054242076 232 214 171 1.5247383588090575 12 421 70 504 19 600
4947 0.48508122579142221 1.6831211064629468 2.0530364866028394 75 69 64 0.11296810440230161 76 644 98 654 88 476
4946 0.90689148638283501 0.85027771973987221 1.8294964452965912 252 236 68 0.5542407356648259 76 633 98 640 88 469
4945 0.91679744577112809 2.6018181509845779 1.8239596925966519 147 100 77 0.28493508437209597 76 598 98 603 88 462
4944 0.44884678104166864 1.9039045944429405 2.3939760835181945 95 73 51 0.13752485433526965 76 586 98 594 88 456
4943 0.51244636764349827 1.6171644603286752 2.0312498214181525 204 147 35 0.24456023393422574 76 574 98 584 88 451
4942 0.51244636764349827 1.6171644603286752 2.0312498214181525 204 147 35 0.24456023393422574 76 573 98 583 88 450
4775 1.1735660169766771 1.0678995925791128 1.710949072149323 255 212 55 0.62631900244053773 8 174 73 514 35 178
4774 0.37735034612207974 1.122791256477053 1.4571242950530481 125 116 46 1.8148759382317678 8 274 73 513 35 270
4773 0.72836304565110876 0.63972754097067441 1.7099602632326745 163 140 51 0.51643245033986407 8 273 73 511
4772 -0.51026988425064945 2.6749673877435307 2.9536861595726021 226 211 173 0.68519994819473951 8 271 73 502
4771 -0.76740627176535503 1.189507068697444 3.1492561671645185 219 206 168 0.19852246278278698 8 272 73 501
4770 -0.75611353356192634 1.094872415299786 3.1042715090853288 221 208 171 1.91285430348179 8 268 16 718 73 498
4769 -1.0872164861551246 1.4881860878396758 2.8133063823967084 153 139 116 0.16873512570335789 8 263 73 492 35 262
4768 0.54701201338171856 1.5181772042809329 2.8979046583199479 229 213 175 0.9654785861798082 8 245 73 480 35 138
4767 -0.78319507867193128 1.1241171662392444 2.591189595046584 88 73 14 0.4705002677310588 8 111 73 477 35 238
4766 -0.12822485649894447 1.2293920139937502 2.4838531155147581 131 112 89 0.40745227787591776 8 233 73 469 35 231
4765 1.4409186818911901 1.9813512135392422 2.5724385777562193 207 185 144 0.49304144648386994 8 312 73 468 35 236
4764 -0.84463875833571733 1.2874674964937256 2.1949272483300613 187 138 32 0.10170164318393844 8 228 73 465 35 222
4763 -0.79885514937159074 1.2848919385826119 2.2011858159537363 185 138 31 0.10524867552274179 8 227 73 464 35 221
4762 -0.033601926243724795 1.1889325647459232 2.4197286703024972 44 38 35 0.24346307226362759 8 226 73 463 35 223
4761 -0.22824250312488328 1.126210153321729 2.2760046339455915 254 198 55 0.08903357162283676 8 217 73 457 35 216
4760 -0.24638776918277736 1.0768524137211792 2.2291721296318578 254 197 53 0.092273387532049625 8 212 73 449 35 210
4759 0.10124333601075103 1.304520861595386 2.1880640339384216 175 134 32 0.11530423791199995 8 211 73 446 35 214
4758 -0.26909286992605008 1.015112785040525 2.1911302883208847 247 185 49 0.10624236963172451 8 208 73 444 35 203
4757 0.67584437343303372 1.1133196978075734 1.8446520279307841 43 40 43 0.13780698578206305 8 182 73 422 35 277
4756 0.50087344392422672 0.98089172689560689 1.742693325774505 28 27 28 0.32728812259824264 8 180 46 514 73 419 35 180
4755 0.33594165795934244 1.2012564374556203 1.5394963805186275 132 141 167 0.12384792260096027 8 178 73 418 35 181
4754 0.55780618751625943 1.0947559449156636 1.4521035334143493 95 107 134 0.082934512008092973 8 172 73 411 35 174
4753 0.8411318800869525 0.75106084649592852 1.7155807934476666 152 121 39 0.19667967131355227 8 169 73 405 35 172
4752 -0.84893483036844608 1.068789702354267 3.2395096241442358 152 99 68 0.027319624770863013 8 162 73 399
4751 -0.68812833713469024 1.4442730893202107 2.896928442146415 69 71 65 0.34921950768906412 8 144 73 387 35 155
4750 -0.72289043319190516 1.4348905089909167 2.858676496891682 77 76 69 0.079585606062590131 8 139 73 383
4749 -0.22934943956510764 0.80573133968097943 3.1006872874614251 40 25 19 1.8417181490822703 8 134 56 509 73 378
4748 -0.086290313907354449 1.442339366743276 2.9386235109060914 19 18 15 0.18147697042457445 8 131 73 372 35 149
4747 0.030403433477743186 1.2414375866924059 2.9895565473594758 117 77 55 0.73045865779410735 8 128 56 503 73 370
4746 0.39006963872085076 1.4990455043003195 2.6612385538796572 127 121 133 0.24996133401077589 8 104 73 340 35 119
4745 -0.90469122992694451 1.3742127490613034 2.3177449427832828 115 119 135 0.26996250224727597 8 101 73 338 35 113
4744 -0.27107189181606617 1.0941313239252781 2.4651945028349229 254 197 54 0.14606157104942119 8 94 73 326 35 228
4743 -0.47467774195468326 1.0717211603031453 2.3419531710910424 155 148 163 0.22637965863147227 8 88 73 320 35 93
4742 -0.71869406951014769 0.93428414029702755 2.3340694232169383 254 215 58 0.19550745994156038 8 86 73 318 35 88
4741 -0.0095534295259663005 1.2124672264793694 2.3718262024104826 235 178 46 0.30903715651715363 8 85 73 317 35 95 16 593
4740 -0.83859168944313667 1.2409498775104346 2.1475896607733067 196 138 33 0.069839011851430488 8 83 73 316 35 89
4739 -0.70156887454061845 0.91447288154584683 2.311036730268945 172 106 19 0.1929102970037572 8 82 73 314 35 84
4738 -0.81961033019853291 1.2151647967883048 2.1216196840223409 55 55 63 0.11770556579030915 8 76 73 312 35 85
4737 0.18389027592463328 1.2422444391811127 2.2833162792109429 112 71 12 0.10762278753916388 8 70 73 307 35 86
4736 -0.21577775461051876 1.0898237130153805 2.2493253042900903 178 109 19 0.13426266512207338 8 65 73 304 35 80
4735 0.22506684780640529 1.2513326325830949 2.280645282822682 254 197 54 0.046029887491510872 8 69 73 303 35 215
4734 -0.82863892063556799 1.1472047069395401 2.0420226019100607 178 129 31 0.12555324526419781 8 58 73 297 35 69
4733 -0.82863892063556799 1.1472047069395401 2.0420226019100607 178 129 31 0.12555324526419781 8 59 73 296 35 68
4732 -0.69853262438776276 0.79988523961162861 2.2163362515218741 162 97 15 0.15696493605721942 8 54 73 292
4731 -0.23481950047923009 1.0407140584559418 2.2046890000519075 171 106 21 0.17352478908891286 8 50 73 289 35 66
4730 0.23312222883650099 1.1497637782271783 2.2461293018047237 252 191 52 0.3202648236337054 8 207 73 287 35 72
4729 -0.71021777481711079 0.78845383469942565 2.1926051959493362 254 197 54 0.19453591937033202 8 49 73 283 35 46
4728 -0.71021777481711079 0.78845383469942565 2.1926051959493362 254 197 54 0.19453591937033202 8 48 73 282 35 45
4727 -0.69224764190018506 0.76602811709032514 2.164311332488646 70 65 63 0.25979951221599018 8 43 73 278 35 33
4726 0.12370536128248016 1.0795737210511216 2.1531216634390042 115 70 9 0.1087030450903798 8 37 73 273 35 48
4725 0.30055047227860987 1.4317237106357068 1.6654813896500429 182 138 37 0.013835843957867114 8 22 73 261 35 25
4724 0.4242983688219899 0.95693963304118779 1.9650826400109844 102 101 110 0.17628641573709136 8 25 73 260 35 22
4723 0.40726630182288698 0.96201137667584735 1.9271965663795219 244 193 53 0.11823558739242791 8 21 73 259 35 16
4722 0.27812441168576796 1.3768503439093798 1.628304315581526 182 138 37 0.065429206623135686 8 19 73 256 35 18
4721 0.41712125625862961 1.4527094939915068 1.595312565415463 0 0 0 0.3228277022788964 8 284 73 254 35 20
4720 0.3583729913661528 0.91787813150655329 1.8830035216999748 103 64 8 0.092494161043737241 8 18 73 253 35 14
4719 0.24542075769787122 1.2443683986191427 1.5867072710107466 94 84 78 0.089469172956831503 8 15 73 249 35 12
4718 0.80940383639571123 0.83689891317849696 1.6804098524219426 151 135 53 0.39265169420689378 8 5 73 236 35 1
4717 -0.83232034258073573 1.0937108185519604 3.2133649806478517 68 48 38 0.17625995877297107 8 161 73 228
4716 0.34675808099375788 1.5234283875256101 2.7645642063480165 6 6 6 0.36584412941537142 16 215 73 118
4714 -0.82578508350423374 1.321719332257439 2.2198630280273055 54 53 59 0.12189728386910616 8 92 73 81 35 101
4713 0.79072546930076282 0.82484802207856478 1.8241604888981122 153 122 36 0.39936358658104626 8 13 73 8 35 9
4712 -0.33638445999744859 1.2360164086280201 3.2317591086591708 0 0 0 1.4551552130565846 19 687 8 339 72 650 14 441 56 723
4711 -0.71663132523570339 1.0732044264631966 2.6002179582541185 248 188 50 0.72338183862462202 16 834 8 457 73 680 35 429
4710 0.19623992932844592 1.4880596279405525 2.7077468688158368 79 85 103 1.4440356221602169 56 835 8 449 19 811 73 673 35 432
4709 -0.60666067027518955 1.2462597188128453 2.9138157105733562 160 153 167 1.3637072471964864 16 787 8 438 35 409
4708 0.29452794341202643 1.5885201596002168 2.8197166245546681 18 17 14 0.64925293740236389 56 782 8 416 73 646 35 392
4707 -0.76192998219156749 1.0070145452670398 2.3776478031283319 123 0 0 0.31583792875949901 16 748 8 411 73 641 35 405
4706 1.3963117536393237 1.7502047412397617 2.6993805843803993 203 179 138 1.9430307339662918 19 770 8 386 35 317
4705 0.40284261314443093 1.4851634350808984 2.5358143843694658 25 23 20 1.6955744112975857 56 749 8 385 73 614
4704 -0.20095424306029644 1.1450298961583554 2.4408362370581176 136 114 91 1.0159081116280322 16 692 8 383 73 613
4703 1.394885983046396 2.1397556939846449 2.3429466784022144 0 0 0 1.6756484785432377 56 775 8 380 35 360
4702 -0.54256559898593981 1.1297695835488049 3.2796055719794057 0 0 0 2.0305363548645787 19 739 8 342
4700 1.3088384730078881 2.1613664423610679 2.3286237616884669 249 226 181 0.44039044767705127 16 683 8 224 35 309
4699 -0.68074021666457196 0.87011027236564664 1.853761142124454 255 241 71 1.6779485131413143 16 734 8 190 73 525
4698 0.13470330152725585 1.4622188536971474 1.6419951915452307 21 21 24 0.55035516130743978 46 523 8 187 73 426 35 189
4697 -0.92272967174473774 1.0926625566085335 3.2661739268959287 105 107 98 0.42480445177414194 46 291 8 163 73 400 35 266
4696 -1.0179913710481441 1.3607055823210783 2.9552144508862255 188 178 151 0.2720583622016437 46 476 8 157 73 216
4693 -0.46218380168812601 1.1058648148237145 2.3306701811200461 153 146 160 0.63816217271768383 16 595 8 89 73 321 35 92
4692 0.76394692228846051 0.91625973137134276 1.7435947660553834 123 102 26 0.52443088098669288 16 276 8 12 73 244 35 7
4691 0.76394692228846051 0.91625973137134276 1.7435947660553834 123 102 26 0.52443088098669288 16 277 8 11 73 243 35 8
4690 0.56789646522384052 0.94125750518120976 1.687721650283069 25 25 26 0.19863019211177246 16 275 8 9 73 241
4689 1.462555716795557 1.7779481012597282 2.7569658313604775 117 78 57 1.093508944974739 14 533 61 609 6 599 51 603 71 569 63 811 40 537 87 553 68 511 44 235 89 251 32 377 11 370 92 600 43 337 75 180 25 180 48 612 86 640 100 657 80 1020 39 697 28 656 57 733 31 647 72 792 67 831 61 668 12 792 70 642 10 426 96 545 85 494
4688 0.66942410477631475 1.1977198591130334 1.5705101533292098 255 222 53 0.84955615040523025 51 671 63 873 88 522
4687 0.53089769371174156 2.39859386216032 2.2359461179146281 236 218 177 1.803374325940758 51 666 63 868 88 517
4686 0.92937149761048499 2.6607759039506176 1.7724411446776465 0 0 0 1.6525504124729826 6 676 71 614 63 855 98 689 41 624 76 682
4685 0.71972237209749523 1.6284548022766769 1.3185476958192996 255 234 61 0.83206525383248942 51 647 63 847
4684 0.14807513390827109 2.3087173300978154 1.926447901522276 0 0 0 1.3932574175673285 51 566 61 586 63 778
4683 0.38352189138035087 1.4705352821703561 2.5758245618661353 22 20 23 0.22254394086936136 51 562 71 535 63 776
4682 0.38552066720437861 1.9648309723709596 2.4424356091815098 249 220 168 0.23759373921237223 51 223 71 393 63 645
4681 0.44822736243076367 1.7507427894331289 2.1509038607028921 16 14 15 0.080069421916876132 51 184 63 622
4680 0.44729164441635499 1.8111821860858426 2.1200652659778298 165 162 175 0.28307742588183687 6 129 63 446 88 278
4679 0.48794146544928396 1.6611940293634531 2.0211968258121265 58 53 43 0.40440172018990223 71 166 63 431 98 155
4678 0.65004297923790222 1.2684662195662899 1.1673133407398371 211 108 10 0.20263909508297961 51 1 63 0 88 0 98 2
4677 0.71543121054844527 1.000085922812177 1.3615769595629346 0 0 0 0.74687907488289018 14 478 71 495
4676 1.0706734420638471 2.6980509580551848 1.8523373403234848 230 193 169 0.9028504835840867 61 602 6 594 51 602 71 542 86 330 28 320 14 343 63 810
4675 0.70101818666712346 1.5953474472942404 2.8562199117999985 105 68 49 0.90154120474496768 6 544 51 527 71 540 14 574 67 689 61 604 12 661
4674 0.69715787952358677 1.2015661643811157 1.5746539326871281 255 249 71 1.7024886406997795 51 670 71 626 63 872
4673 0.44848529544845078 1.9212984861744573 1.7710451863580967 0 0 0 2.1619379539558516 6 702 51 669 71 625 63 871
4672 0.52855318381974592 2.4474554470787449 1.8211483819659575 0 0 0 1.1644370181972612 51 662 71 620 63 864
4671 0.94209734047217253 2.5853883159732773 1.978791659540005 253 227 172 0.69649402299243557 51 659 71 618 63 863
4670 0.9420973404721702 2.5853883159732778 1.9787916595400055 253 227 172 0.69649402299240315 51 658 71 617 63 862
4669 0.33984404427971338 1.660440543581986 2.6894857197223634 42 37 26 0.47249747685071847 51 637 71 602 63 842
4668 0.45626762262708542 1.8554848336210115 2.3206193987765773 255 221 60 0.63337434732172904 51 634 71 601 63 841 76 649 98 659 88 497
4667 0.43514848128708361 2.4572642899580095 1.9313477345381265 115 71 50 1.1023560372392003 51 598 71 595 76 653
4666 0.21862717826521921 1.7193597370584646 1.9169437717013733 93 94 106 1.0360603910213924 51 587 71 584 63 837
4665 0.54772112958966668 1.5181645476183885 2.9517936465877108 102 64 46 0.91635355911918337 51 600 71 566
4664 -0.041068133619709929 2.2555387499950141 2.0810444800230115 98 62 43 0.2086006011902384 51 512 71 537 63 780
4663 -0.15576735137847011 1.2151351812451963 2.523713940143637 255 242 62 0.074344683228882061 51 555 71 528 63 774
4660 0.35557488658350372 1.7471709812703033 2.6841783520878013 224 199 152 0.29645057513455531 51 445 71 471 63 646 98 374 76 354
4659 0.47996223245951986 1.5364393792415691 2.1921403608341388 81 74 67 0.84809980713855726 51 557 71 455 63 703
4658 0.24309891821232374 1.2429525709625899 2.2573092343999521 255 223 60 0.57941367663537136 51 554 71 447 63 697
4657 1.0206392969001845 1.6452052974455367 2.7825854019823306 147 97 69 0.14121093300542792 22 274 71 399 63 655
4656 0.54512371439823282 1.9499539935374577 2.5075433313284723 214 185 137 0.23645490936593885 51 227 71 394 63 652
4655 0.58228530283477764 1.427724232734813 1.3784482261546518 255 252 64 0.19573513795923789 51 381 71 340 63 584
4654 0.65018242807158011 1.247969355468995 1.1927024000817141 215 122 15 0.22221148670395147 6 360 71 327 76 223 63 579
4653 0.6923764253350998 1.5276896519790941 2.892274294338216 75 52 43 0.21199717262848716 22 230 71 227
4652 0.30649056597276458 2.3033357286194667 2.0389230982075728 140 93 66 1.2072043674293498 51 212 71 212 63 472
4651 0.44319503267371452 1.4948562732309085 2.6146729978230763 43 44 49 0.15830589098602968 51 201 71 202 63 456
4650 0.47702771727535492 1.7443554555946641 2.324911771542324 18 15 12 0.50824922591236743 6 142 71 201 63 453 98 177 76 161 88 284
4649 0.4756716847822734 1.7441059917725097 2.3253200707414527 18 15 12 0.48244159624737437 6 143 71 200 63 454 76 162
4648 0.45649561110791859 1.7891342970172759 2.1899362647262013 30 28 25 0.22222500003225329 51 192 71 185 98 175 76 155 88 281
4647 0.47053480330301439 1.6837319664966015 2.09479816319684 141 136 142 0.32116791088971475 6 116 71 171 63 438 98 161 23 89 76 146
4646 0.2366362007841907 1.1471356728236806 2.1690358660405034 255 205 51 0.16997268256714651 51 157 71 144 63 129
4645 1.0018465346984378 1.6836751511986394 1.3143687132373145 213 157 42 1.0116242239220783 61 623 12 745 6 604 51 575 44 718 89 711 32 829 11 541 75 546 25 571 48 773 100 710 80 1082 39 711 28 700 57 744 31 669 72 743 22 663 14 584 12 775 70 649 71 551 63 679
4644 1.0013387547711139 1.6857442331809116 1.3109303387701474 226 172 43 0.76713711229700254 61 624 12 746 6 605 51 576 100 711 80 1083 39 712 28 701 57 745 31 670 72 744 22 664 14 585 12 774 71 552 63 680
4643 -0.75107451221705512 0.93542098080674496 2.4832914207677477 0 0 0 1.0929578813033938 61 634 6 561 51 552 39 596 86 643 28 617 57 633 31 617 72 745 67 798 67 837 61 652 22 660 12 780 70 658 96 572 63 694
4641 0.62663917290701798 1.3591868317651548 1.3777484615512103 237 128 17 2.5039061308217887 6 697 51 665 71 623 63 867
4640 0.62663917290701798 1.3591868317651548 1.3777484615512103 237 128 17 2.5039061308217887 6 696 51 664 71 622 63 866
4639 0.27769005972251343 2.0068160804574338 2.2628570088377349 3 4 5 1.9306073368887149 6 666 51 635 71 609 63 851
4637 0.90098830240190853 0.77233663939575126 1.6778598632475494 255 250 74 0.59485552590452406 6 657 51 625 71 573 61 670 63 829
4636 0.78281141535188137 0.83725323932766271 1.5151738056197068 0 0 0 1.7962868023210283 14 578 51 570 63 785
4635 -0.051735409540192262 2.3263975419968017 2.0025496021201104 83 60 53 0.86584287751573619 6 533 51 568 71 538 63 779
4634 1.0174299402717324 1.725999227513314 1.333985119568035 0 0 0 0.7090568483467351 14 506 51 543 71 522 63 767
4633 1.062058720363825 2.6486589096090682 1.8610640137471641 107 64 42 0.52244538915961036 61 417 51 531 71 486 63 661 76 539
4631 0.3200165708843819 1.4163090786770289 3.0521331138808239 214 186 147 0.016470343579176858 72 662 51 524
4630 -0.86849253606713384 1.1336441313562218 3.3060266253178443 213 182 146 0.55514306213521381 14 431 51 510
4629 1.2791031937614448 2.1718649565244781 2.3259000404819061 255 235 181 0.25498684270099597 6 465 51 473 71 418 63 664
4628 1.0784003831440849 1.6067978456453453 2.8114216189833163 162 106 75 0.72116646325240485 14 367 51 455
4627 -0.027670562035574303 2.3043776114388512 2.0580845821911371 70 38 23 0.25385436169038661 6 432 51 442 71 460
4626 0.92426299167490378 2.6002410720992728 1.8958422487257911 98 59 39 0.10283144601049518 6 202 51 273
4625 0.486091767009871 1.6567818873161269 2.2449708077335648 5 3 4 0.078447697576498318 6 128 51 188
4624 -0.71512155034422142 1.096933425276442 2.7204305551588415 182 177 187 1.0207372456968307 61 76 51 174 63 149
4623 0.29584779900349617 1.3595943564982462 2.2287013332029848 137 78 9 0.24833415218878394 6 105 51 172 63 614
4622 0.34933757408380067 1.3376807499093388 2.1839539547273761 141 81 10 0.34967726201293581 6 103 51 170 71 157 63 425
4621 0.70236984254237933 2.5386379906885228 1.8828948281360303 147 98 71 1.2334768637290054 57 667 31 639 72 761 67 747 22 648 14 573 61 598 12 720 70 581 96 431 6 586 95 880 24 902 40 861 87 904 15 791 93 863 7 742 55 771 60 1076 53 689 45 574 64 723 42 782 17 739 9 752 94 654 52 1113 90 376 83 451 91 621 30 371 36 358 82 654 4 622 33 723 78 717 54 765 68 706 59 620 21 667 92 484 43 461 69 951 49 627 85 611 41 590 51 599 71 567 63 809 98 664 76 655 88 483
4620 0.41951106323110077 0.92058594370080438 1.8447448252797405 242 208 76 0.95244599897426285 55 845 45 614 64 820 42 971 17 907 97 641 52 1214 90 644 99 1227 83 722 9 879 30 599 36 561 29 724 34 549 27 457 77 126 58 383 47 82 81 231 1 410 91 483
4619 0.66016489180383997 1.564685330622817 2.8740984760359658 222 207 171 0.4734747976799068 93 143 69 329 41 184 89 308 68 337 92 333 85 257 98 187 76 280
4618 1.0318925669144527 1.692417520913319 2.7756451373492732 86 61 51 0.76229898844831812 93 515 69 633 41 356 78 59 54 98 44 278 32 409 11 215 92 500 48 459 48 593 86 408 100 228 80 284 39 238 28 216 85 425 71 403
4617 0.94790295728369089 1.6800745105016637 2.7852584552456046 75 49 36 0.88952234216372839 45 71 9 347 99 629 83 97 91 327 79 80 13 117 18 121 93 504 69 626 23 330 41 341 48 588 92 492 86 512 100 564 80 924 85 417 71 244 98 404 76 397
4616 1.0020611217702537 1.8298479326683574 2.6688423758255619 251 228 176 0.13244155576893279 69 660 41 367
4615 0.80185091410162335 0.96887656454466198 1.8661260909174961 0 0 0 0.48193486661211837 15 736 24 734
4614 1.2433546518151708 1.7510100450223955 2.7755740061936587 224 211 176 0.68911288706600238 85 366 41 267 71 489 63 748
4613 0.63935702286448171 1.5422578855378977 2.9193821216875433 91 61 50 0.19559834417242938 85 254 41 183
4612 0.89635761912078959 1.13064134548019 1.8438781289063659 255 230 58 0.12675095298623093 69 285 85 76 41 37
4611 1.0784241633447407 1.1904371956286652 1.8035139559610527 255 229 61 2.0181243167452068 13 575 49 747 18 568 23 760 93 875 69 960
4610 1.0676748134680183 2.6982756741161507 1.8529165430758443 184 157 125 1.1682688578489697 13 424 49 634 2 565 18 444 23 713 95 829 7 575 45 447 24 417 93 699 55 481 69 812 40 805 41 490 98 637 76 629 88 465
4609 0.81297329576474897 2.1598569732287571 2.3937581692245278 228 214 178 1.6420156174571172 18 626 23 822
4608 0.82526047468633967 1.2515840112409566 1.521917003461762 255 248 78 1.2598535390577974 23 821 98 695 76 689 88 521
4607 -0.06816224477937663 1.8508088894548158 2.1838159336290937 45 35 10 1.95371684310583 18 622 23 819
4606 0.56816559891452156 2.6933159193588003 1.9015518643548135 0 0 0 1.6416426383908176 18 623 23 818
4605 0.076599509816108136 2.1685869204696675 2.1205091045069051 0 1 3 1.0096757663808011 18 578 23 795
4604 1.1403169784341876 2.5287604685186036 2.0150069128636972 232 206 164 0.31295732363203571 18 557 49 738 23 778
4603 -1.0589990544520103 1.5013565909753408 2.2582590778027742 62 68 82 0.38674395679367646 18 567 23 723
4602 1.1244278824717531 2.1809711546737032 2.3125201147535805 247 222 172 0.26192057552400799 69 883 23 705 41 538
4600 1.452589147223087 1.6785125657982414 2.7450873144969279 0 0 0 0.48304348868016778 49 594 23 698 88 428
4599 -1.2845366316616909 1.9291933168088731 2.3775872401295612 162 159 142 0.57255055396108168 49 728 69 837 23 687
4598 0.74308201445715427 1.3804855082192009 1.2250209816304187 255 254 94 0.53443443140238633 69 849 41 300
4596 0.44894825840603214 1.7520742607045348 2.0896684559657777 149 147 160 0.18948206557824068 18 359 23 546 88 340
4595 1.3076675820616013 1.809826141486448 2.7142460442832967 232 218 181 0.60113429319590705 69 723 23 447 41 438 98 509 76 504
4594 -6.9915971306664169 0.65681762015938583 12.48722318657415 109 85 61 2.2817603530241799 69 52 23 313
4593 -1.5790270660441985 2.0254318315135076 6.3279052908049582 116 104 79 2.851611555350146 69 166 23 228
4592 -0.33950695806698872 2.1409057425759048 2.2615896804276532 74 84 85 0.21525517655422358 18 111 23 121 49 155
4591 1.0105162720755585 1.129046745428856 1.8434994707312615 252 201 50 0.75748124240091141 95 338 24 293 40 320 87 318 15 251 68 376 7 16 26 240 60 589 89 263 92 483 43 228 85 208 93 466 69 395 41 154
4590 0.37757864928976848 1.5099155377099154 2.9152255347584664 101 64 46 0.91068291471526186 72 263 22 143 14 111 85 398 54 591 3 578 44 611 32 712 11 449 92 461 48 674 86 457 71 219
4589 0.76474855559639487 2.4703072878101899 2.0098680281919541 231 213 176 0.51591279717156979 95 714 24 799 40 798 87 835 15 575 93 782 69 927 18 509 85 538 28 493 57 387 31 524 72 410 22 375 14 335 23 707
4588 0.91689266231104527 2.606061183593599 1.8283080185157314 147 99 75 0.53089193777898658 15 602 60 897 68 529 92 513 85 541 39 637 28 603 31 605 72 724 67 670 22 597 14 528 61 600 12 659 19 551 56 558 6 590 69 885 41 536 51 569 71 568
4587 1.3172253900841393 1.8106617570654704 2.7059701610001405 235 219 181 0.71052303788745863 24 544 40 539 15 488 93 575 43 306 85 481 93 358 69 722 24 386 41 437 98 508 76 503 71 492
4586 0.79700798586029187 2.5194241865379228 1.9458413038980154 107 71 53 1.0427022748270911 28 682 57 762 31 679 72 762 57 724 67 818 22 649 22 678 61 644 12 725 70 589 19 641 56 671 6 629 85 613 95 879 24 903 40 860 87 903 93 864 7 739 55 769 26 706 60 1072 53 685 45 569 9 750 42 780 17 737 94 651 97 395 52 971 90 194 99 702 83 193 82 653 4 620 33 631 78 638 68 707 68 733 59 511 43 462 69 953 18 510 23 755 41 591 51 601 71 597 63 826 98 665 76 656 88 484
4585 0.56275551730616769 2.5248552228291645 1.9167944332713418 87 61 52 0.97420109738562966 24 863 40 892 15 754 85 586 31 602 72 639 67 746 22 592 14 526 70 491 41 528
4584 0.99362333017039428 2.4782843765573523 2.0293770452587991 247 222 173 2.0078941507726058 43 533 85 650
4583 -0.60779217820892173 1.1542697358165497 3.2193514137045396 152 103 78 0.057148691800687067 32 795 85 572
4582 -0.7584580258380248 1.1077463562960621 3.3676441139336624 0 0 0 1.0847573070009227 43 472 85 569
4581 0.94887351023344102 0.85117913624447084 1.2641893835094524 25 26 26 1.754349784341503 31 262 85 566
4580 1.5172122227387692 1.7089831229643766 2.8038934673514819 0 0 0 1.4363797505488127 93 572 85 548 41 489
4579 0.82341077625957593 1.2493238401901221 1.049707755408902 255 251 78 1.6463941442774077 43 515 85 511
4578 1.2868968169841197 1.8567875914167011 2.6600835287792473 246 225 179 0.80198171912430449 15 498 85 477 41 436 69 724 98 501 88 317
4577 1.13669777376711 1.8691718078490702 2.6389910342720557 247 224 177 0.010791821150833297 15 470 85 445
4576 1.0715961148384774 1.8485615725923423 2.6510821437599943 249 226 176 0.011655730887862478 15 453 85 436
4575 1.0222287012619344 1.7832206147743559 2.7225025213848495 245 223 174 0.57254759964015811 69 652 85 429 23 383 93 330 41 368
4574 0.99534466570319891 1.6239517496693101 2.7724028911400254 148 99 75 0.19860202778464786 86 187 85 323 41 238
4572 0.4963593581688247 1.5774166374782266 2.8637852093137619 225 209 171 0.16575988919071338 69 323 85 121
4571 0.4703595751246995 1.5135211537902888 2.7275946636551556 30 27 23 1.5062612851689754 32 698 85 119
4570 0.64984118458308826 1.3889849670509073 2.9273775935878268 254 237 64 2.4141541131369526 50 326 79 550 66 400
4568 0.28747325458754081 1.7940929633376768 2.1641346542079662 77 36 4 0.25702873960915762 13 86 2 108 66 232 27 212 50 231
4567 -0.083443389752652003 1.1641454468715682 2.1624248604285228 8 7 5 0.67934580687604917 50 490 79 610 66 498
4566 0.35561890866898171 2.4588563229491762 1.953920402380334 37 25 22 0.030749758624539859 50 482 66 489
4565 0.52218870150344399 1.588157283781046 2.0867386208627035 163 152 149 0.59072981421546678 13 624 50 442 66 443
4564 0.49815768300156416 1.4893616865129207 1.0102656103435206 0 0 0 0.30874125897178317 50 361 66 432
4563 1.0046856551851824 2.7521798915785909 1.8620093010221406 0 0 0 0.0057395392507831357 79 532 66 431
4561 0.57234931192508143 1.6301106628098505 2.0020143769932952 0 0 0 0.05476072421982723 27 321 66 388
4559 -1.1935302554169893 2.0330247068207101 2.2721324971803991 54 37 30 0.081331592701888319 2 384 50 348 66 348
4558 0.28079448848914601 1.7759820363630408 2.1249952312564502 112 88 22 0.12294514824532195 27 207 50 229 66 228
4557 -0.77470136131943423 2.1278572617002736 2.1384251528573284 38 26 23 0.074745336890794351 27 149 50 135 66 145
4556 1.2378086264919395 1.8673335888611935 2.6607469611497416 232 214 175 0.32414730459267144 50 104 79 304 66 128
4551 -0.79442282562839917 1.7207314916538885 2.1956308142532106 57 62 80 0.13980558978703092 27 217 66 75
4550 -0.25718742566405195 1.6145193892386454 1.977339819559119 9 9 12 0.67987940580179629 13 623 49 750 2 621 18 570 50 441 17 720 94 638 97 618 52 1090 90 568 83 517 30 554 36 530 29 568 79 497 27 440 84 351 66 444 23 734
4549 -0.83257377269488897 1.1835530180353138 2.0013368688594846 70 43 11 0.65882356259957497 79 609 50 487 9 903 91 767 66 491
4548 -0.50935552345523138 1.0793479929619452 2.1872337427344211 0 0 0 1.8307453190954039 83 777 50 523 66 529
4547 0.36799761638289424 2.2711367727550726 1.9637387787219756 226 205 163 0.76431141668396785 27 517 50 516 66 524
4546 -0.32466151686187839 0.96233638027931745 1.9437371732056823 192 147 38 0.7926581170395034 27 500 50 501 66 511
4545 0.53814351721014275 1.119185926867406 1.6795558691880068 11 14 17 0.3912794776086434 27 496 50 495 66 496
4543 0.14218998195125704 2.2362866229678477 2.1037528453315257 181 163 123 0.66276701404049632 27 474 50 459 66 414
4542 0.089818829130558164 2.0118962267266616 2.0143112511902932 41 44 61 0.84580498627304013 27 446 84 364 50 449 66 453
4541 -0.25141462063713371 1.6691969213727595 2.2222653011343811 79 59 10 1.3536439683440404 27 398 79 552 50 444 66 447
4540 -0.024207231399742873 1.5807194286713688 1.9364420624471017 70 37 7 0.79149324703172097 27 439 50 440 66 385
4539 -0.34188115342275038 1.841286506196707 2.1971697335231766 79 60 15 0.040956614128658496 27 407 50 407 66 403
4538 -0.22870074264117138 1.5892999355041224 2.1103243577134618 84 69 18 1.1300418190022694 27 334 79 417 50 393 66 390
4537 -0.38114296377395329 1.21221315406068 1.8314071789416191 155 140 103 0.045258560031971019 79 539 50 377 66 370
4536 0.47989716382892628 2.4707482761295063 1.9186177260436779 38 25 21 0.20116826493316317 84 247 50 355 66 353
4535 -1.0912371434856751 2.1011268095248519 2.2712872575184204 87 85 80 0.5901672228558964 49 409 50 354 66 421
4534 -1.3261198749293575 1.9372755419346004 2.3288158279672211 145 102 79 0.61973155016212134 2 486 50 345 66 344
4533 -0.96056858251096755 1.7823352138659474 2.4039184159130551 3 3 3 1.8495260075717572 2 134 13 350 50 336
4532 0.29644846089657484 1.8388337563904273 2.1807928904792746 118 94 22 0.16057256092395195 79 432 50 325 66 330 2 474
4531 0.43804578201569128 1.6846229397330446 2.0154452960565705 11 10 11 0.69974012457296553 79 414 84 34 50 314
4530 0.11066146719363938 1.6829440312061268 1.9087255248596113 118 94 29 0.59483111094473473 27 382 50 311 66 316
4529 -0.63618702904906677 0.83690969022188677 2.0946316695865925 239 191 56 0.8558301556850676 27 293 50 294 66 364
4528 0.8610783416839759 1.6536923357954341 1.368843315467654 97 72 15 0.48894716446449649 27 372 50 293
4508 -0.32561285238211668 1.3193078209038682 1.9093675159074985 255 234 73 0.2085162749881396 79 24 50 19 66 25
4507 -0.82605395919587954 1.0447185484040566 1.8720758864245295 25 20 22 0.20709984706013573 27 172 50 8 66 9
4504 -0.76921561038129327 1.3368890755453176 2.2103317131749045 136 108 27 0.010869656687760522 27 512 84 479
4497 -1.0788919888702839 2.1486842120178156 2.2850685334259673 0 0 0 1.6397873720587388 2 542 99 1185 84 432
4485 -0.21739607831866678 2.2743411637242636 2.066174887624189 50 37 32 0.37613181992135092 27 355 84 322
3837 -0.30490291587138241 1.3714729267892929 2.7695107351085828 212 149 35 0.2198017664729926 12 408 70 500 10 252 96 427 19 584
3836 -0.40700890002466872 1.3029950503091008 2.816447225487769 142 130 141 0.1846746543147639 12 650 70 499 10 250 96 426
3835 -0.084786337206776335 1.3652327670615365 2.6789897289028741 201 140 32 0.47921199498235667 12 647 70 495 10 342 96 476
3834 -0.26821884777739458 1.2299577346195631 2.530632792829171 255 228 61 1.047931173123045 12 637 70 481 10 235 96 411 19 368
3833 0.49201627976016671 1.4875153119934859 2.1724719605770666 228 167 43 0.2636389675475585 12 636 70 478 96 406
3832 0.28759768212020853 1.3171913466837017 2.2857315390791819 255 227 59 0.17654497115064424 67 740 70 476 10 227
3831 -0.17105900271384231 1.1839125307987739 2.2609798444420424 254 241 62 0.14478837288518023 72 697 70 463 10 53
3830 -0.17157174181958304 1.2002565010817055 2.2122552971377303 32 26 22 0.6405631545728907 12 64 70 461 10 44
3828 0.29981820479025645 1.5663758397631546 2.7726418863511615 133 125 135 0.22351347283681985 12 430 70 362 10 137 96 334
3827 -0.35437494274985271 1.3005807323062109 2.726152415897479 208 147 37 0.16613508568428631 12 119 70 272 19 581 6 131
3826 -0.32332972688197359 1.057828424204077 2.4668562395535085 167 93 10 0.28870622845436211 12 78 70 244 10 67 96 72 56 361 19 351 16 414
3825 0.25646902958066781 1.2691011431123276 2.1788265311861776 126 93 21 0.28857457835935652 12 374 67 373 70 234
3824 0.21800404956333946 1.1815397515821773 2.208091470639209 143 86 16 0.15018602398449238 12 66 70 231 10 50
3823 0.21800404956333946 1.1815397515821773 2.208091470639209 143 86 16 0.15018602398449238 12 67 70 230 10 49
3822 0.78818243889048045 1.0016140999238423 1.9375422686642683 36 27 21 1.2378070536876973 72 72 70 203 10 16
3821 0.43268089270978571 0.96098289553135463 1.8955838453933054 46 39 40 0.26672990553877685 12 336 70 194 10 8 96 224
3820 0.98171214963830333 1.5792944180764477 2.8962261028966201 99 60 42 0.31229949789160666 12 317 70 171 10 179 96 355 19 264 6 297
3819 -0.47445075460593689 1.1888066636440802 3.1425836533963185 158 102 71 0.40495664500244022 12 186 67 228 70 158
3818 -0.62587222743741655 1.2731191397758024 2.9516657419081551 20 19 16 0.75670777777781906 12 137 67 172 70 139 96 159
3817 -0.30482287133325703 1.762645215803659 2.5782344580542724 113 69 7 0.00024898863711534796 36 168 70 131
3816 0.35130373278839067 1.6566009996328699 2.4029029498161893 139 70 7 0.12667806055837089 12 131 70 112 96 130
3815 0.37362161078885342 1.6197905664735464 2.3494276239444556 131 70 7 0.12222863188232794 12 123 70 104
3814 0.37739626679712074 1.6154639625562686 2.3506062009066508 131 70 7 0.14617894781344967 12 122 70 103 96 120
3813 0.41282146523783447 1.548930652947621 2.2742037382086413 235 170 42 0.17539130597280797 12 107 70 95 19 64
3812 -0.78580571885202888 1.0607378521467785 2.5870052789254445 103 88 91 1.943483303412036 12 83 70 80 10 230 12 628
3811 -0.77733561430735287 1.0477057302539854 2.5746814771749795 103 88 91 0.023232991110553682 12 82 70 79
3810 -0.46663852001678063 1.0235949558616269 2.4899315683646441 168 93 13 0.24306894926375031 12 70 70 71 10 65 96 71
3809 -0.2887783898668832 0.88860316260267891 2.0720141180145419 67 54 55 0.12220742180038564 12 28 70 21 96 18 19 296
3808 -0.79492769268576002 1.0783622537454982 2.891290242523294 0 0 0 1.7265098811183839 72 829 67 895 22 706 14 624 61 712 70 696 10 486 12 830
3806 0.76336316475110566 1.2783352478524612 1.5007338883208328 255 243 61 1.050477245962868 61 727 12 840 10 494
3805 1.1391079823681489 1.6672704949806625 3.0631042578320424 0 0 0 1.3801013987155439 61 725 12 838
3804 -0.74252809316430157 1.1919095484477191 3.1564902203733824 149 102 78 1.7256041486497236 61 715 12 831 70 699 10 488 6 687
3802 0.60085381330613474 1.5409663082025433 2.8268289361190164 225 204 161 1.4267663293173181 14 621 12 825 71 610 63 852
3800 0.084974780281248247 1.2740650001693934 2.3521071625199497 71 41 15 1.2218304914959877 67 874 12 812 70 683
3799 0.62996383362266728 1.012962867801606 1.8942363704485032 0 0 0 1.6319797958656315 67 856 72 800 12 807
3798 1.2511378421021409 1.7585679468651412 2.7126562026957055 232 218 182 0.77445846561120446 12 806 70 669 10 422 96 495
3797 -0.95681411220576851 1.2679358930820686 3.0921481253619545 224 209 173 0.73773505983098731 61 682 12 802 70 663 10 444 6 625
3793 0.33984457914969024 1.7391741726346086 2.4920605936663836 234 170 40 0.37057872829098554 67 672 12 722 96 480
3792 -0.75443437410039405 0.94787454236346791 2.5402417126266297 0 0 0 1.492724518745036 61 572 12 695 10 395
3791 -0.28604665796808026 1.0128492454045497 1.901483559179947 112 73 41 0.93922672670225626 61 620 12 684 10 12
3790 1.0124056617735306 0.96218990751382438 1.8260583024674402 227 163 43 0.358080886192433 61 562 12 681 70 533 10 184 96 362
3789 0.38514369166429496 1.6508939407850793 2.376496270866352 247 183 45 0.31728974163338114 61 393 12 649 96 420
3788 0.88024057250075138 2.5217298015571683 2.0457489294331941 252 225 173 1.61333923693965 67 437 12 433
3787 -0.66946958184287797 0.81270853463217052 2.1677840802968253 254 198 54 0.17445539060570101 67 317 12 340 70 443 10 194
3786 1.518854463959713 1.7487114330078584 2.7844428355469781 142 86 58 0.056921348914274611 61 336 12 326
3785 1.3047803137026317 2.149982997176167 2.3539047961802471 226 192 143 0.40700743656598587 67 295 12 313 96 204
3784 1.072894646030053 2.6121900997343683 1.896937119786708 239 220 179 0.26726861348365138 61 419 12 224 6 445 51 460
3783 0.8794310985270658 2.5697143413134476 1.9068165912433157 100 61 40 0.43432813844235846 61 184 12 191 96 172 51 254 63 494
3782 -0.52117871180654818 1.3373452451047829 2.9333855465564134 146 140 153 0.43526905391054294 61 109 12 144 70 319 10 114 96 325
3781 0.40562047590385653 1.5736001852077757 2.2996749776181518 157 84 9 0.11172261129977397 67 163 12 112 70 96 10 80 96 110
3780 0.22913862593699144 1.2752566702537038 2.315998045415991 252 201 54 0.22212583957660628 67 386 72 104 12 91
3779 0.29609183910672526 1.2789993718598751 2.1760582841950771 245 176 42 0.18848407921463042 72 92 12 72 70 237 10 54
3778 1.4755848288375635 1.7465485118528634 2.8519618735548922 0 0 0 1.3875562634405156 28 431 31 452 14 476 61 611 39 582 67 779 22 491
3775 0.60788759603062559 1.3338841588751422 1.1459004808750561 255 195 44 1.280831230959403 22 696 61 701 67 879 85 622
3774 -0.46892871544497106 1.2278800090955748 2.6671508413025515 21 18 18 2.1914305704911734 72 826 61 693 12 815 96 580 6 672 51 644
3773 0.42899764591469358 1.5302921138153376 2.2560100547002917 203 132 26 0.62020217414773327 14 593 61 681 12 801 72 803 6 664
3772 0.10748997991483356 1.414233181868692 3.0166841069828498 100 61 43 1.2166853544816536 22 676 67 853 72 784 85 601
3771 -0.52775683262184325 1.3235426127720593 2.9880949935880183 22 21 19 0.61292565896542484 67 847 61 659 12 783 6 647
3769 0.25982271005933177 1.716253090081812 2.6744537454070976 28 24 17 1.3972986670012741 14 571 22 593 61 642
3768 -0.15979968828731797 1.1475299298478197 2.3961299558225453 213 205 211 0.42960849038296844 67 843 61 639 12 755 70 622 10 396 96 522
3767 1.0634657320673107 0.93135779730360935 1.7867406036999571 255 251 76 0.15128797568560926 61 618 12 678
3764 -1.0101376163476787 1.1819327386753726 3.1022407695712513 0 0 0 0.45800939575622235 67 814 61 583 6 529
3763 -0.16507488571560316 1.1639310153226543 2.4847343485622884 204 125 45 0.45406573528966104 14 424 61 574 6 566
3762 0.79337789656908697 1.5648015593415094 1.3325388499438624 255 212 45 0.87488683389550681 14 502 61 563 12 680 70 531
3761 -0.70152500582793842 0.73702339532281991 2.1124200571981793 255 203 56 0.4134543820427633 14 483 61 560 6 553 51 487
3760 0.34700161328433554 2.3730109937502415 2.0571288623462012 100 61 39 0.38192838514377087 14 448 61 542 71 473 63 717
3759 0.25687878468618736 2.2686692671404369 2.0284979223997461 84 47 31 0.91164356819069603 72 378 61 537
3757 1.0056047139580118 2.5929767566056268 1.905239290457827 240 221 179 0.35470704660081193 14 341 61 415 71 406
3756 0.45221840631510357 1.7396354202078965 2.0515418980633076 14 19 27 0.94919135805456689 14 60 61 386 12 392 96 295 6 413 71 375
3755 0.27362343899047381 1.4240646600748927 2.138665064511132 124 74 12 0.06780629862541486 14 289 61 379 6 403
3754 -0.2515380052558186 1.128687200666763 2.490958300917625 254 218 54 0.44319316800991709 22 317 61 375 6 516
3753 0.66611698997707514 1.2978532673748171 1.1684102852921625 255 196 44 0.58691678325859764 14 258 61 337 12 4
3752 0.88281129951607129 2.5095040210489961 1.9820789539693475 227 214 180 0.50692054750036353 14 459 61 196 6 203 51 259
3751 0.38067199125859053 1.5575022954488571 2.7454115244624795 19 16 13 1.4975153598458633 14 91 22 102 51 214 61 138
3750 0.4700523354498029 1.7074030648590375 2.1099881627972388 14 12 11 0.28242078238395829 14 62 61 91 6 118 51 180 71 174 63 440 76 151
3749 0.52673048462715344 1.5932755774516476 2.1383835888830536 11 8 8 0.27138033790345134 14 61 61 88 6 114 51 179 71 169 63 434 98 156 76 140 88 163
3748 0.090659772686831591 1.2535566614696128 2.3658731222473612 194 148 34 0.52346671969296488 14 291 22 58 61 74
3747 0.89634037649476928 0.81813523296218771 1.6328949883194197 177 102 13 0.740089060222477 14 12 61 4 12 329 6 349 51 368 71 336 63 568 98 227 76 217 88 224
3746 1.4468337781813596 1.3560798560911307 1.7348024601190712 0 0 0 2.1278346737399034 22 718 14 636
3745 1.4468337781813596 1.3560798560911307 1.7348024601190712 0 0 0 2.1278346737399034 22 719 14 635
3743 0.64664698597155212 1.296422398412342 1.1245441820074422 242 214 67 1.1408614525415852 72 767 22 651 14 537 32 827 11 540 48 766 100 730 80 1101 39 755 86 729 28 692 57 740 31 653 72 729 6 631 96 441 51 605
3742 1.066460510544682 1.9095599478475842 2.4513347292234968 0 0 0 1.8623375758328911 22 721 67 907 72 846
3739 -0.7153128991371609 0.7816378826433088 2.422534777179346 0 0 0 0.70642078885890225 22 709 14 628 51 656 71 615
3738 0.37508307517535489 1.6124272029183349 2.3373666641543731 241 178 44 1.2765001504463673 22 702 14 619 61 713 51 651 63 850
3737 -0.31348445095540722 1.1201552811608695 1.9920564196121329 93 71 58 1.6088230806268211 22 688 14 617 61 707 6 670
3736 -0.3272104241475523 0.95611554140135946 1.8170336110137078 255 243 61 0.70894586993508923 22 704 14 615
3735 0.0082871958440774718 2.3373544784385092 2.1869177054813336 207 193 159 1.1416930287288103 22 645 14 604 61 685
3734 0.47486776003578246 1.8490518018476945 2.3210637825935465 255 221 60 0.47551430931873567 22 675 14 598 61 661 12 761 71 600
3733 -0.31404772393865321 1.064439915185778 2.1628405098166708 255 243 66 0.44043075871604909 22 659 14 581 61 673 6 658
3732 0.65498515938007662 2.4803821921880882 1.8453873098347264 0 0 0 1.0399414614753228 22 646 14 572 71 604
3730 0.51161841108275252 2.4826740168252042 1.8845140968468765 0 0 0 1.4577790324702438 67 812 14 523 61 541 6 580
3729 0.18141653406995742 2.3665020285060541 1.9613586852078368 102 72 63 0.50071918642099156 22 587 14 519 61 589 12 648 51 595 6 578 71 563 63 781
3728 0.6527917364563609 1.3391202459338283 1.2019114499401511 255 198 43 0.38795930218404029 22 562 14 485 61 554 6 546
3726 1.0818030837671264 1.6136919474066782 2.8147601554331523 157 103 73 0.54570807107572705 22 601 14 467 61 548
3725 -0.080016377785315423 1.2448794229433471 3.1212299187068111 183 158 123 1.5321564130073169 31 513 72 654 14 443
3723 0.059359562390929571 2.216910753418369 2.1248844803742286 27 25 21 0.9032705480009543 22 529 14 435 61 590
3722 0.89803126376831954 1.574804306975806 1.3838544335711487 255 232 62 0.4484968327754088 22 511 14 417 61 357
3721 -0.25080631473907034 1.0037419858763934 2.0006306889497738 255 213 55 0.33165121866987407 22 567 14 409 61 564
3720 1.2923660274143027 2.1688907682199772 2.3239765396401513 254 233 180 0.26449059654515522 22 460 14 376 61 454
3719 1.2705662284296608 2.2163200058666415 2.2694011806317311 254 232 177 0.15470017732565847 22 451 14 372 12 504
3718 0.43286043029579074 1.4981853607866522 2.9297468583853181 226 211 173 0.050260892568165821 57 452 14 334
3717 0.35049650558870804 1.7184548411085168 2.4462257159946783 252 186 46 0.15029792914895293 22 357 14 314 61 399 6 428
3716 0.17827363408793589 1.2370402584706401 2.3871730287333817 20 20 23 0.50557727684982079 72 368 14 294 61 382
3715 0.13605546153027465 2.3206099803147442 2.0629012400648663 140 91 64 0.31632643060802312 22 341 14 82 71 207
3714 0.073921207227150149 2.2972430732983069 2.0779755883404407 127 84 61 0.18889568999715853 22 75 14 76 61 117
3713 0.77487132529870728 1.4826841587630804 1.2365182142462663 254 150 24 0.33740801980030649 22 9 57 307 14 19 100 10 48 6 6 59
3712 -0.26324089477768964 0.90595518812811171 1.9817262299701754 255 207 49 0.34255968216235311 100 485 39 478 28 233 57 537 80 857 31 257 22 290 72 589 67 614
3711 1.2136558800151485 1.6689845446690899 2.7929506364643713 151 100 71 0.45560562042595265 100 474 80 601 39 467 31 553 72 672 22 555 72 570 67 592 14 469
3710 1.0585827654527082 1.5869129470928869 1.4188598914357815 206 148 40 0.77401373730758294 32 798 44 720 11 516 25 573 100 714 80 1042 39 681 28 678 57 710 31 671 22 629 72 693 67 622 14 551 71 553
3709 1.0874411066665 1.3909583208970813 1.5967145742503226 54 27 0 1.6070754033030581 57 750 22 632 7 752 55 796 26 754 60 1130 53 752 45 586 82 728 44 759 32 831 11 544 75 550 25 577 14 507 80 1050
3708 -0.43228187575198584 1.3232623734714402 2.8690483006273273 63 56 59 1.0031532688023646 72 805 22 670 57 757 80 1096 14 594
3707 0.88732909813396776 2.065157404482767 2.4666435444524883 240 218 172 0.64085769930148961 57 816 14 640
3706 0.76248167412062862 1.3321794491060288 1.5051554410716805 0 0 0 0.78834356073033773 67 905 72 845
3705 0.98002429380542233 2.4952226254669347 2.0824016848389513 251 225 177 1.7796992161605161 22 716 12 835
3704 -0.56047216591727977 0.93909999329988292 1.9687557904519766 255 223 53 1.6042149141960269 57 809 22 713 61 718 6 679 85 647 41 628
3703 0.99119385044200048 1.5284251484413693 1.3971281507686613 255 228 59 1.9480840758959435 72 836 22 711 61 720 6 682
3702 0.99119385044200126 1.5284251484413689 1.397128150768661 255 228 59 1.9480840758959299 72 835 22 710 61 719 6 681
3701 -0.69694727126850264 1.0324902069072059 2.8745416648287003 0 0 0 0.98629936045618205 22 707 14 625 71 616 51 657 63 861
3700 0.056700169766799924 1.482484127387794 2.8341565911786919 14 13 14 1.5562017464966729 72 823 22 693 14 612 56 825 16 827 8 450 73 674
3695 -0.7167772568825922 0.85707921999014236 2.3384880542287321 0 0 0 0.92979977733542307 72 738 22 616 14 543 61 625 12 750 6 560 51 546
3694 -0.48292056735965183 0.89773665899814903 1.8239185574265542 254 214 57 1.446184687298401 67 785 22 604 14 479 56 795
3693 1.2291556564879327 1.362307643040416 1.6745803474362055 0 0 0 0.53786026454502933 72 616 22 580 14 513
3692 -0.68844960063937732 0.71200638249271164 2.1902235758146467 0 0 0 1.142652536237033 39 700 67 707 22 561 14 539 61 617
3691 0.82840694576828766 2.5103315118277512 1.9604986254556089 107 70 52 0.5914168195403563 72 648 22 545 61 545 6 543
3690 0.24901647654229891 2.3918664017110558 1.9651389524305074 105 68 53 0.84635046345696452 67 396 22 531 14 439 61 538 96 148
3689 0.85965997525547933 2.5578428925147461 1.9365075879368905 226 208 170 0.58461584319300519 28 286 72 414 22 378 14 337 61 413 12 198 6 441 51 449 63 657
3688 0.35043201223536768 2.3623472096241094 2.0930709567034498 230 209 169 0.17483828022013179 72 396 22 359 14 320
3687 0.21416742025170216 2.3262240472371132 2.1210385236481635 227 206 166 0.1317578639529019 72 390 22 355 14 316
3686 0.18233714222631398 1.5523903827032781 2.6040043480395347 30 24 22 1.5180502399036289 72 641 80 727 22 353
3685 0.27244898536960394 2.3620544499369651 2.039087700045906 150 95 66 0.23583304364190888 72 386 22 352 14 315 61 126 6 153 51 218 71 392 63 474
3684 0.14590995241605495 2.3075260954437748 2.1349239220551404 224 203 163 0.097657788469607487 72 387 22 351 14 313
3683 0.37842973029350746 1.5357628024680927 2.2787907666514959 228 166 40 0.37313236946625561 72 629 22 336 14 302 61 531
3682 0.01652617451172142 1.2033619045913799 2.3204466506494734 191 129 26 0.12728468528805292 57 86 22 319 14 283 61 373
3681 -0.37627358029245572 1.171929262684597 2.2081593388796961 255 245 64 2.0058151845194634 72 332 22 297 61 367
3680 0.66863655923441645 1.295427538007542 1.1665672482327625 255 195 44 0.62356257539095372 72 0 22 283 12 3
3678 0.48696375120618984 1.9360624808430262 2.4834373990026877 254 227 172 0.18144072954795387 72 215 22 111 14 100 61 154
3677 0.6570975452601614 2.4817519733893638 1.9542243349078436 106 75 64 0.10213988807429131 72 157 22 94 61 139
3676 0.39850113527210296 1.7748515275194676 2.4181069132977862 162 155 167 0.95023241605498543 72 402 22 81 12 654
3675 0.39477552307346686 1.4695305966503918 2.5380043583276732 31 36 43 0.39450794695310865 57 164 22 80
3674 0.32526064106009123 1.5605284723424369 2.3353151419506433 150 91 16 1.9125614806490308 72 632 22 71 12 713 67 811 10 439 6 622
3673 0.51501331247588589 1.6093893778173081 2.1688208279661989 151 143 150 0.2960109392716474 72 119 22 70 14 64 61 388 12 393 71 173 98 159 76 143
3672 -0.40883204838938469 1.2194310463327471 2.6795991558733152 23 20 19 0.57867824748065955 57 95 72 367 22 59
3671 1.0657325270454419 1.5850652573210728 1.3885706434328908 0 0 0 0.033638639976799709 39 88 57 72
3670 1.089310435987725 1.6207480928449893 2.8081837315581879 152 101 72 0.5568626861709931 39 566 57 680 72 726 67 694 48 602 86 541 100 572 80 926 22 600
3669 1.0480017962996302 1.957675550178543 2.4688986601101837 232 216 177 1.6740553993791536 72 847 67 908 61 731 6 703 51 672 63 874
3668 0.099638978738130934 1.0520804001803723 1.6115984667602277 0 0 0 2.500697675196268 72 842 67 903
3667 -0.37224324020998611 0.97064823590867522 1.9106536844523574 255 230 73 1.8552861829427403 67 900 70 691 96 594 19 805 10 484 56 842 16 841 8 465 73 688
3666 0.19841712007213688 1.5156324868794329 2.706632676815043 117 114 128 2.5971561883531287 72 821 67 892 57 783 22 686 12 822 19 812 16 826
3665 0.42751593341132643 1.0818451136743177 1.3992149632157256 0 0 0 0.31323726940882834 72 824 67 880
3663 -0.27361172921171883 0.95105419915406963 2.0757163293827898 254 200 45 0.52170952767684009 72 814 67 869 22 690 14 608
3662 -0.56848314327612304 0.92580245814015483 2.1500687507481135 0 0 0 1.1637740606878186 57 771 67 868 22 656 12 795
3661 0.34468930827127964 1.8376988778760193 2.4730583910073105 106 83 61 1.5059394908628263 72 782 67 849 22 647 57 671 14 569 12 784 61 687 70 593 6 667 51 636 71 592 63 825
3660 -0.21629638251512637 1.394156506470299 2.7646084091967498 221 160 42 0.88977701595003067 72 713 67 845 14 65 19 789
3659 -0.80994089867006092 0.77986729093251272 1.9187769637222671 0 0 0 1.3412675079032368 72 793 67 833 22 650 14 601
3657 1.0624683598520013 2.7835786929198236 1.9722469065181887 0 0 0 2.1972559529846363 57 676 72 785 67 823 12 788
3655 -0.77033416277575872 1.1385456993864023 3.2085495027447299 150 103 79 0.36111873593966187 57 722 72 760 67 819
3654 0.64537396398268054 1.3681045537746415 1.2214090573818097 255 197 39 0.24355585170064015 72 734 67 784 12 738 70 608
3652 1.0977845272369722 1.6988534094607457 2.7759808895514171 91 63 53 0.25989096483628021 72 764 100 651 67 769
3651 0.3053260659276632 1.4307747416523844 3.1012449178875059 0 0 0 0.47285239314546984 80 923 67 765 12 732
3650 0.3836604531802667 1.5208968672985415 2.2737145163491093 229 165 39 0.16285697102853455 80 983 67 743 70 575 10 333
3649 -0.16760936191518525 1.3331032121902868 2.5539304994161598 248 187 47 0.22230213546729502 72 707 67 742 22 581 14 515
3648 0.25222150080429706 1.4336882198433203 2.2434381862690458 15 9 6 1.1053910484308647 72 758 67 739 22 667 14 603 61 678 12 756 96 464 6 663 51 631 71 587 63 840
3647 -0.58763122717589211 1.1725039289587424 2.6456119827209239 27 20 11 1.9791035508587123 72 617 67 735 12 638 61 75
3646 0.00037678788086659143 1.2211951471287441 2.3681806028456571 242 181 46 0.26548723251308948 72 618 67 734 61 378 6 104
3645 -0.35413375378769163 1.0294992166584689 2.4334413227157352 255 237 62 0.26952820388762155 72 698 67 727 22 574
3644 1.1824206941654047 1.3510837814844818 1.6510834554711278 255 228 63 0.36253445519898331 72 755 67 721 14 554
3643 1.0009794829226475 0.96851726249098102 1.8343637620740203 231 167 42 0.4094759839584266 72 605 67 717 22 576
3642 1.0203636739436501 0.95059418577870214 1.835425271446153 231 167 42 0.42248580278412656 72 604 67 716 12 682 70 534 10 185 96 361
3641 1.1149722404792506 1.4820039269389864 1.5194607678722611 255 211 57 0.27885193504273731 72 750 67 715 22 631 14 587 71 554
3640 1.081801360549556 1.6884424157015057 2.7424812659813207 227 214 178 1.3013344724225155 72 668 67 691 61 606 6 460
3639 0.21068940026313393 1.3810717688600562 2.9500773345194475 109 70 51 1.043478246736264 72 725 67 681 22 594 14 525 31 642 51 515
3638 -0.45843388502549787 1.2349714560451694 3.2557306196578986 0 0 0 0.69725269762718489 72 647 67 679 12 728 96 539
3637 -0.51204474326858263 1.2072862877052557 3.1045876624217552 100 66 49 0.83133697309984922 72 718 67 673 12 166 70 157 19 484 56 644 16 635
3636 0.20806160488271405 1.4050218243825483 2.6328623228114174 119 115 127 0.58755498836635112 72 397 67 669
3635 0.39389041430655469 1.6552157045784273 2.3804065319818819 246 182 44 0.60041051797257328 57 377 67 667 22 350 31 304
3634 -0.61572903324827399 1.268490328717425 2.9098474404276349 145 137 147 0.40883818116284099 72 374 67 663 12 716 70 591 10 409 96 479
3633 0.50848008527486488 1.6064817021343425 2.2422919643088224 147 146 164 0.39517263308986367 57 663 67 662 70 482 10 239
3630 0.69249020287707097 1.3238472452194294 1.1310616284245756 255 247 72 0.18947619473515301 80 842 67 596 70 176
3628 1.1148931607515682 1.6893784748363807 2.8145401559017431 151 101 75 0.93881985442429494 72 567 67 590 22 476 6 468
3627 0.35631166396690755 1.5965451504852088 2.8578976949221988 223 202 158 0.10232497964617682 72 461 67 506 14 331
3626 0.41066328132325725 1.527878311515132 2.6735187555789328 21 21 21 1.7095635962610685 57 206 80 555 67 449
3625 0.38966067904322477 1.9647162584014422 2.4477712650564762 251 222 168 0.205077392664894 72 409 67 429 22 369 12 425
3624 0.28589910410007829 1.7221880839837225 2.49496533691668 214 153 34 0.32303369401800641 72 400 67 412 12 655
1267 0.6181577471815628 0.98821414780243821 1.5284917023825002 110 126 161 0.84811145845796954 42 725 17 646 94 390 97 311 52 844 90 1 99 7 30 262 36 254 29 525 21 649 34 361 46 619 65 474 77 117 58 291 47 2 8 171 73 409 38 219 62 201 5 320 37 150
3623 0.41676221908744959 2.3822063094237915 2.0802975580339154 233 211 167 0.17638435696786398 72 398 67 404 22 361 14 322
3622 0.27705596264465004 1.3683314627022352 2.5570155351914488 19 17 16 0.31203312633043018 72 391 67 403
1265 -1.2084272738539923 1.9225369089589308 2.3993742502861921 94 98 90 0.1902260456041468 42 713 17 630 94 378 97 303 52 835
3621 0.28155463040430861 2.3458922675865517 2.108072984067229 237 212 167 0.16019640631559393 72 392 67 402 22 356 14 319
3620 -0.53133849547038925 1.2330803701090378 2.8372013336376729 144 136 147 0.12139956193441596 72 113 67 398
1263 -0.88293481226477777 1.8750201549521375 2.3819224619183337 2 3 4 0.2877705558761553 42 691 17 612 94 545 97 255 52 1008 90 401 99 944 83 419 91 379 30 404 36 398 13 359 49 95 2 142
3619 0.20398879401882486 1.2608799349826645 2.3762156246773918 200 202 223 0.26839933333279026 72 369 67 391 22 330 14 297 61 383 12 389 10 76 6 108
3618 0.33938402690635877 1.4891153764637324 2.1508608074449844 201 132 28 0.071960951534067272 72 103 67 385 10 224
1261 -0.68784138942104167 2.0086150861918877 2.3473157662997024 11 13 14 0.14149531131586371 9 488 17 610 94 543
3617 0.33863444927696057 1.2810626712484172 2.160995745318496 94 83 87 0.083046648403798592 72 93 67 375 70 232
1260 -0.83257162522294381 1.899975924515457 2.3915253523495275 2 2 4 0.15872897400945402 42 690 17 609 94 542 97 465 52 1010 90 402 99 947 83 424 30 406
3616 0.51134089005258032 1.1697782131596381 2.0705424932888268 91 79 82 0.26462616104161957 72 357 67 367 70 219 10 31 19 310 56 307
1259 -0.55759268968268416 2.0489385044772193 2.2984291931896319 7 8 8 0.48652310916490366 42 680 17 608 94 540 97 459 52 520
3615 1.0649048463737067 0.96022588925873298 1.8099749883153562 255 195 49 0.1412179755718149 57 100 72 345 67 350
1258 -1.024623603427959 1.6093002211892584 2.7065854029587872 70 74 67 0.1753145886993869 42 683 17 603 94 533 97 458 52 994 29 487
3614 -0.58669290119176465 0.94583292862830415 2.3208819046550637 26 25 26 0.58633634076649932 72 596 67 345 22 504 14 414 61 362 6 506
1257 -1.0258792852643597 1.6099932550630038 2.7047037908028311 70 74 67 0.20894120879149236 42 682 17 602 94 534 97 457 52 993 90 366 30 392 36 386 84 243
3613 1.0009780600907652 0.92116253469238041 1.821492799508091 255 197 51 0.12613397839587331 72 341 67 343 70 190 10 4 96 3
1256 -0.48045949541557897 1.9249663656286351 2.3274661120845987 7 5 5 0.53446039865064909 9 473 17 584
3612 1.0346252694819909 0.90126858026822543 1.7804252999032266 255 198 49 0.42269521873818294 57 85 72 333 67 339 22 305
1255 -0.93638034848350093 1.5924995512384217 2.3547752669269508 79 76 68 0.8818000087555834 42 667 17 581 94 663 30 512 52 1184
3611 -0.36050864717251163 1.0664162331369467 1.8773515368615952 87 56 32 0.58752920244706408 72 309 67 312 22 286 14 406
1254 -0.043235582796714384 2.1330185868002114 2.2369972532706797 1 2 4 0.19817947574302469 42 656 17 574 94 508 99 931 45 240 83 418 29 438
3610 1.4910228404314323 1.7913475601016433 2.7418882835694607 150 100 72 0.5599259358800186 72 577 67 302 22 558 12 671 71 432 63 567
3609 0.23571629146829323 1.6107478751685445 2.7769278790749721 141 135 149 0.6944117994999246 72 216 67 256 56 213
1252 0.12095476932548206 2.2223070658561643 2.1200693884228063 212 196 160 0.73792034401825413 42 649 17 569 94 500 97 414 34 84
3608 0.46923642021464185 1.5978222681100203 2.2969281551787302 124 73 6 0.3068399187989016 72 385 67 168 61 103 70 266 10 82
1251 0.30320419066250737 2.3324658438030732 2.0356792949951954 221 206 171 1.7505535314844549 87 686 17 565 94 498 97 408
3607 -0.66953338344387536 1.2491558498210156 2.9276620089362368 19 16 13 0.096000040841977663 72 114 67 166 10 108 70 290
1250 -0.93713390007141539 1.2597003579434427 3.0613721962295628 212 200 167 0.35622531799125301 42 660 17 560 94 494 97 415 30 163
3606 -0.68291846239117493 1.2096337947650644 2.8966447765595436 16 13 12 0.29946241882930746 72 112 67 160 70 282
1249 -0.93934542348517436 1.3318930004018663 2.2341071810884423 113 118 142 0.14601270701689673 42 645 17 520 94 464 97 392 36 334 30 339
3605 0.41514214332390198 1.5487193587711325 2.2748971155794377 236 170 42 0.29136999713718392 80 170 67 156 12 106 70 94 19 63
1248 -0.93146117531864414 1.3461999796106388 2.1169040209923931 146 125 38 0.11995086389107987 42 788 17 510 94 460 97 389
3604 0.51134896406377994 1.6111171038225993 2.2013085754515247 16 15 18 0.32209466481766358 72 122 67 154 12 105 96 96 51 429 6 415
1247 -0.90501950284780408 1.3249472854509163 2.2331015152628293 94 69 13 0.1318998889252421 42 632 17 504 94 458 36 101
3603 0.43159710682682323 1.5333579441814518 2.2475094836118386 161 98 16 0.19537413336627232 72 118 67 153 12 101
3602 0.43637585626099162 1.527161554414463 2.2481706230099086 161 98 16 0.13188601015526005 80 459 67 152 70 89
1245 1.0336433524148274 2.5446048505448311 1.9639658353878464 230 217 181 0.35290766502547577 42 554 45 415 17 483 94 214
3601 -0.53817647706941796 1.0705578377137894 2.7941275537388566 122 108 112 1.8238416021048069 80 706 67 143
1244 0.94923336005425141 2.4676661300451253 2.066180811205875 231 217 180 0.11376633616651696 42 561 17 481 94 216 97 160
3600 0.44772770100044357 1.4634732869433891 2.1751844928552253 231 165 42 0.2419262867625819 72 111 80 156 67 135 22 67 61 84
1243 0.94923336005425141 2.4676661300451253 2.066180811205875 231 217 180 0.11376633616651696 42 560 17 480 94 215 97 159
3599 -0.70317452895878263 1.1361677680424338 2.7353369204756248 158 163 178 0.43289993656606296 72 95 67 131 22 50 14 48
1242 -0.39766581627901931 1.5860504621690237 1.9756522018909801 35 44 64 0.28056807463459205 9 348 42 311 17 463 94 449 97 382 52 927 90 80 99 816 83 282 91 319 30 333 36 326 29 148 79 272 34 65 13 326 49 60 2 343 27 191 84 166 50 206 66 208
3598 0.24479600514573777 1.2247620563743422 2.2518867265343521 178 108 26 0.12553218318258719 80 440 67 124 12 81 70 243
3597 0.24287016483885968 1.2266769371094226 2.2520285837208709 178 108 26 0.17936361522174238 80 439 67 123 70 242 10 59 12 80
1240 -0.42730756958682536 1.4739848276735334 1.9939592961936845 250 207 57 0.048079047480276055 42 547 17 454 94 138 97 109
3596 -0.39336207169062443 1.0409209664403611 2.483348939330436 16 17 22 0.19623295302470897 80 428 67 115 12 75 70 246 10 69 96 283
1239 0.036469885825981707 1.7225518598340348 1.9061071914582288 73 88 121 0.28518924458228695 42 529 17 451 94 442 97 376 90 309 52 921 99 814 83 283 91 324 9 355 30 324 36 316
3595 -0.39198745738828422 1.0388557569996517 2.4838454075055778 16 17 22 0.16680922031174633 80 427 67 114 70 247 10 70
3593 0.49251769565869929 1.1183257925288022 2.0234571554170104 174 103 18 0.12447124485263077 80 425 67 108 12 356
1236 -0.71868476567834894 1.0130896446205531 2.3200527878297583 32 34 45 0.25205420026069753 42 526 17 437 94 434 97 368 29 402 34 241
3591 0.95250027981092966 2.5855173730468595 2.0523906149254816 227 214 178 1.8476039900689052 57 808 72 841 12 836
3588 -0.090335238874216989 1.1788544929480222 2.3157176224269875 255 230 63 1.1881549556787852 80 1138 72 819 67 872 22 685 14 588 61 677 12 811 70 682 10 458 6 662
3587 0.43537348528917785 1.5370730584190644 2.8854641885179508 201 185 149 1.5602662268720557 80 1132 72 807 67 863 61 667 12 765 70 667 10 419 19 771 51 639
3586 0.42332890787590821 1.5344828640118564 2.2545418017227994 190 123 24 0.73606237190701596 57 782 72 804 22 672 14 592 61 680 12 800
3585 0.87972657433616008 2.5400534881669246 1.7867725570055155 0 0 0 1.9615548404314789 31 677 72 781 70 580 10 340 19 633 57 670 51 623 71 596
3584 0.047485294164901937 1.310364449432402 2.4899154550933527 118 92 68 1.7371913833450259 57 717 72 778 67 859 19 769
3583 -0.87056580279365714 1.8404390495314469 2.3206945805267094 47 53 67 1.8738671092759478 29 787 34 600 58 514 47 212
3582 -0.54872212710027124 0.8847590133062917 1.8868304893395074 203 1 0 0.47106053620390548 34 555 72 732 67 786 22 606 14 482 19 607 56 767 16 768 8 361 73 598
3581 -0.21109073587969948 0.95046387479512406 1.7085233287853252 0 0 0 2.0986074391620027 80 1034 72 731 22 653
3580 0.7002320653381201 2.5543858148418281 1.818864526908335 0 0 0 0.68758497911399286 57 664 72 719 12 718 6 583
3579 -0.87689118760068063 1.0874172338066475 3.2958962586325269 220 188 146 0.82564406848046745 57 364 72 715 67 755 22 334 14 517 61 588 12 763 70 637 19 688 56 724 16 645 6 577 51 434 8 393 73 620 35 370
3578 -0.28541443286211121 1.1303426959131302 2.4630090024376399 255 217 54 0.8625051790935705 57 560 72 701 67 652 12 699 70 474 10 228 19 555 56 688
3577 1.5054195688308791 1.8475588588062699 2.7987184772253673 0 0 0 2.0532391556044143 57 531 61 612 71 543 63 813 98 636 76 628
3575 -0.75456178696739573 1.1120367584811526 3.2742773682638378 217 187 145 1.3932642581916761 72 636 19 737 39 304
1218 -1.1134453829311384 1.8706262218603176 2.4442007682808264 122 124 115 0.078856879783208794 42 700 17 364 94 352 97 285
3574 0.47602625363595691 1.5216600816725545 2.2207981302511635 229 167 40 0.4061529119208398 57 368 72 625 67 660 12 642 70 480 10 233 96 410 6 412
3573 -0.73974915666074204 1.0030000363047424 2.4939137667388533 255 228 69 0.43937022527685399 80 965 72 599 67 632 22 509 14 416 61 518 12 622 70 564 10 323 96 398
3572 0.5733044389252534 1.9293924770386142 2.5363573542157734 254 226 172 0.098048352232489408 57 422 72 443 67 475
3571 0.69145626134178417 2.453250873926569 2.0240654370207984 234 216 178 0.17859084809437098 57 385 72 408 22 374 14 333
1214 -0.80704719748621079 2.0012431764484382 2.328579809748375 71 82 84 0.35224306898584901 42 693 17 345 94 337 97 269
3570 0.62152872379615398 2.4367344292240638 2.0383079133905007 239 217 175 0.14023630238267917 57 384 72 405 22 372 14 330
3569 0.30771743147314673 1.5416652700814468 2.6100778831712725 21 16 15 2.2185113882535044 80 734 72 404 67 420 61 540 6 431
3567 -0.1461751522309778 1.2276841696138618 2.5793441019963841 26 17 5 1.2237587153156715 80 457 72 371
3566 -0.25973571756768399 1.1822168514202027 2.5101046239605749 213 122 19 0.13622666383332005 80 684 72 364 67 381 12 388
3565 0.67209818800552146 1.5528036211945031 2.8764551561912812 222 207 169 0.41388763419817565 80 824 72 296 51 232 63 479
3564 0.2592273748515454 1.5581204584629433 2.8698635740137441 26 25 23 0.20961457017468119 57 220 72 240 31 188 67 272
3563 0.38787271455992145 1.5460583974313722 2.7167073931357821 123 119 132 1.1916512204832779 80 761 72 220 67 460
3562 0.73291499104002222 2.4945208611652125 2.0094528086226005 228 214 179 0.25006755753652982 57 179 72 183 67 211
3561 0.65959238738921666 2.4797810576220845 1.9540324743089634 106 76 65 0.13268315736817118 57 382 72 156 22 95 61 140
3560 0.37278270628566679 1.5820253194771203 2.3253935295029171 246 180 44 0.21408751593954503 57 129 72 127 67 399 22 74 14 67 12 400 70 267 10 242 96 306
3559 0.30241616645932939 1.3019485567029871 2.327067275607742 185 180 189 0.26671642976357668 31 130 72 110 22 64 14 56
3558 0.48533266427511279 1.4504893398443135 2.1479882024546293 96 87 93 0.18350499360232847 57 120 72 109 67 387 22 65 61 80 12 92 70 81 96 81
3557 0.2574866276035741 1.2824837921100507 2.2979970624344959 21 23 30 0.16191991704207098 80 446 72 102 67 132
3556 0.29761779552180462 1.277559450706599 2.1767975953968772 249 178 41 0.19733737202540014 80 134 72 91 67 121 12 73 70 236 10 55
3555 0.9963715181470415 0.98054456282604407 1.873930480545809 255 255 67 0.65125179263352162 57 106 72 75 22 45 14 31 61 26 12 27
3554 0.61192853194854724 1.4646714841641943 1.3974797139750346 255 254 65 0.053654548393949585 57 35 72 21 61 20
1197 -1.0275357185801655 1.3432609394990382 2.9962970403472866 200 190 162 0.15112479493239295 42 385 17 298 94 281 29 287
3553 0.7630197419175575 1.5015082009854508 1.1683254004264636 0 0 0 0.75557165294274475 28 565 31 467 14 541 71 500
3552 1.5091547552687286 1.7692427442926524 2.8442476736793973 0 0 0 1.3039048165097455 31 561 48 465 39 471 75 208 28 432 22 492 14 401 51 482
3551 0.94233108270810995 2.5720006760784249 1.919704413915809 231 213 176 0.52560040609780079 95 823 24 803 40 802 87 840 15 695 93 830 7 565 55 659 42 587 43 279 92 516 86 462 28 502 31 531 100 326 80 712 57 398 72 416 22 381 85 542
3550 -0.34938884247445046 1.3299766018300765 1.9366072081427506 170 144 37 1.8951075212076194 100 735 39 740 80 1108 31 685 28 694 86 739
3549 -0.13726682384040065 1.1305962832114052 2.4321546711595663 205 207 229 0.31171285882075689 100 99 39 93 31 59 80 681 57 345 72 360 67 377 12 383
3548 0.8666112799658765 2.0909489885379346 1.7036855475365988 0 0 0 1.9341289257540144 57 811 31 718
3547 0.8666112799658765 2.0909489885379346 1.7036855475365988 0 0 0 1.9341289257540144 57 812 31 717
3546 -0.24071543915269142 1.5064260989390585 2.7704360169884952 0 0 0 0.92438956294052577 57 806 80 1155
3545 0.9064270102050983 2.6268081256206108 1.7393243964871477 0 0 0 1.2389585869990798 57 802 31 712 72 832 67 896 22 708 14 626 61 716 85 645 96 581
3543 -0.77212184479183987 0.89188947855050227 1.8948489959323753 255 236 66 0.5282949416415611 57 765 31 681 72 768
3541 0.2273342191559562 1.2307973297085533 2.2277854048196346 255 232 59 1.4889919585449694 28 676 57 778 31 667 72 801 67 873
3540 -0.68282781130771564 1.1894404687351905 2.9305485875629622 18 17 20 0.93510393719894902 57 753 31 666 85 567
3539 -0.83834984480206942 1.0710243721798374 3.0323299160378068 0 0 0 1.4825590061365019 57 752 31 663 85 505
3538 -0.57627711473441268 0.85340823984822467 1.7989753695789528 255 225 73 1.7461430210409687 80 1029 31 648 57 616
3536 0.53160101101971946 1.1285083398167588 1.2959979303764551 0 0 0 0.45542796095213411 57 686 31 611 67 699
3535 -0.40660207665892334 1.1763993715740748 1.71738060431714 0 0 0 0.11935602371221019 28 613 31 608
3534 0.64038134658776324 2.4639349873757141 1.9872876579067249 106 71 56 0.27117915753174682 57 669 31 604 85 587
3533 0.96878639018213653 0.90180037538296021 1.8043192111703228 233 169 42 0.82258146235028407 28 599 57 650 31 595 67 710 72 690
3532 1.0118532322768483 1.4758106303865843 1.4810804164525644 63 42 0 0.35083246949772995 28 596 31 594
3531 1.0118532322768483 1.4758106303865843 1.4810804164525644 63 42 0 0.35083246949772995 28 597 31 593
3530 -0.14410388937327315 1.3237489219705834 2.5396559222095787 236 174 41 0.072778216717382146 28 479 31 591
1173 1.1028546406917559 2.1654091207223987 2.3444414041048725 234 218 181 0.12244506596490601 42 227 17 185 94 136
3529 -0.73365989192762215 1.0738054745573422 2.6534317324645831 144 144 144 1.3148607763720044 57 556 31 579 72 611 67 732 22 577 14 505 61 521 6 517
3528 0.545829839254238 1.3314744108273282 1.1975863399645887 255 249 77 1.411009886188263 57 688 31 568 67 781
3527 -0.32182714340541219 1.115371002199592 1.8831716942934107 254 209 55 0.58043003761769663 57 622 31 566 72 682 22 566
3525 1.1066268983259735 1.6709397675196143 2.862772972737905 147 95 66 0.16687895532339578 28 524 31 547
3524 1.0391383926871276 2.6413324832713578 1.8194468880553449 106 74 63 0.46021849404413473 57 397 31 532 72 415 22 549 14 338 61 414 51 452 71 484 63 660
3523 -0.74132826565418197 1.0743940827064757 2.7795656890446838 0 0 0 1.8781481878736668 57 558 31 477 72 703 67 738 22 578 14 423 61 577
3521 -1.4151913626924744 6.065279528735557 4.295425185007085 249 226 178 1.6967277949044668 39 363 31 408
3520 0.80319557594988111 0.89869072751950219 1.8499335092078206 255 196 52 1.4734045289201825 57 649 31 282 70 613 10 382
3519 -0.25818235191128314 0.90253129901667151 1.9779379378431292 255 207 51 0.078986702960396421 28 234 31 258 22 289 72 590
3518 -0.7274228516804373 0.85832813309358835 2.1631961076565265 195 130 26 0.39416936927208696 28 6 31 255
3517 1.081897185450946 1.7103486916955883 2.7406773936721986 221 204 163 0.25647285770119443 57 282 31 244
3516 1.0560069748910259 2.6209768830859237 1.8872192569344111 228 214 179 0.031299198288097678 28 199 31 220 85 160
3515 0.3960074940375431 1.8267112807910744 2.6257807109938085 247 218 166 0.10781303810316441 28 181 57 208 31 191
3514 -0.086078905197371186 1.3680647110481312 2.9961478937493893 133 86 59 0.57671360916847869 57 181 31 164 85 60
3513 0.41867088589748791 1.6085400341078657 2.328346599550486 245 181 45 0.42615044623590193 57 375 31 160 72 388 67 664 61 391 12 645 70 487 10 243 96 417 19 562 56 587
3512 -0.44340829747411992 1.3914019235974719 2.9474926766242504 17 16 17 0.33909536768405713 28 103 57 369 31 128
3511 -0.49751534649694185 1.3845101982369781 2.9654322660876566 16 15 16 0.065039662551884134 28 91 39 135 31 120
1154 0.39514729226084883 1.0446337586194903 1.8020568118765548 26 30 44 0.17903682358319195 42 44 17 31 94 30 97 24 52 600 90 232 30 18 36 22
3510 0.28795516942877486 1.3513890784070912 2.2194398874899131 247 178 41 0.96152605781590117 57 355 31 117 67 383 22 520 12 630 10 71 96 399
3509 0.80569512071165783 1.3007870495194773 1.4703366403783518 255 244 63 1.7751815635463606 80 1159 57 813 22 720 14 638
3508 -0.42422909679896825 1.2030006068448116 1.7231701749875492 0 0 0 1.0041377164747123 100 591 57 685 72 736 67 705 22 610
3507 0.81154228542948492 2.4998550079623882 1.9968931945325208 227 212 177 0.89209261675316887 86 285 28 287 57 392 39 170 28 184 31 197 72 194 22 377 14 336 85 412 43 391
3506 0.73566445972841676 1.4431531896768373 1.1780274303566958 255 250 71 1.1046802421730544 86 603 39 589 57 623 48 618 100 479 22 564 67 599 61 555
3505 1.0209227635681923 2.5015023428407881 2.015467364475144 229 214 177 1.8604486451301003 28 734 57 807 39 772 31 719
3504 -0.57622068075437316 0.76070995990328616 2.0639274404275594 153 145 40 0.36768193303722579 28 436 100 595 48 620 39 475 57 534 31 454 72 586 67 706 22 497
3503 0.84703328959470647 1.2296581239556672 1.4726568113527325 255 244 63 0.045841700667414914 80 1158 57 814
3498 -0.66866344167110214 0.80961786649262257 2.009999948328395 249 219 66 0.96638639068876542 80 1146 57 797 72 828 67 894 22 697 14 614
3497 0.16522662148978332 1.4355090324190081 2.5391986801181194 24 19 15 1.6258184741642656 80 1139 22 701 14 618 61 710 6 680 51 652
3496 0.27692891139353726 1.4465040471592352 2.6868277600934594 119 117 133 1.343734682969389 80 1131 57 784 72 822 67 891 12 823 96 598 16 824 73 671 8 447
3494 -0.43535984297775709 1.330812861789475 2.8732225559006763 152 144 156 0.44855034608535743 80 1095 57 756 14 595 22 671
1137 0.058819423553191946 2.0036374463631268 2.0053361919877055 41 48 66 1.4744322334085069 55 662 42 958 17 900 97 626 36 589 30 563 29 579
3493 1.0649941212650678 1.3900894148218372 1.6060003130624905 0 0 0 0.72747905351824449 80 1049 57 751 22 633 72 696
3492 0.76455422101476678 1.584137958432116 1.3449740561250849 255 231 56 1.8281420772039632 86 675 57 701 31 622
3490 1.5232736178383286 1.8729391889310429 2.6528023319782608 0 0 0 1.8472636518392536 25 552 57 683 72 791 46 683
3488 0.84763318667199927 1.604404724777349 1.2660100084285244 255 253 72 1.2781681239139318 80 854 100 603 57 636 67 613 12 599 70 185
3487 -0.41425709712425285 1.2560449108695544 1.771689221386171 204 210 239 0.24445509988195782 28 438 80 609 57 621
3486 -0.54538855328779978 0.84735328665311582 1.733939032635023 0 0 0 2.3878515305715178 80 1028 57 615 31 562
3485 0.98718959044458687 1.5952928183984689 2.946078184284957 0 0 0 1.1582815391348298 100 575 57 605 22 471
3484 0.97370407769834755 1.5343874396810124 2.8955100368727353 218 189 147 0.37233237908524031 100 573 57 603
3483 1.1966422114844191 2.2004779305466662 2.2801448862158264 246 225 179 0.038177560992164079 28 513 57 595 31 542
3482 0.47643316846752748 1.5994805029141934 2.6069128995921473 219 194 151 1.0650722906881225 75 460 57 586 25 478
3481 1.2296963827354028 1.2655690413241905 1.7364841153213402 255 228 65 0.19568298633141462 80 885 57 575
3480 -0.73863665355975716 1.0474290769450281 2.6180693802720323 55 54 51 1.4825408081215252 28 451 57 551 72 612 12 629 10 231 51 169
3479 -0.73260330185808742 1.0455053257521596 2.6091402856540826 55 54 51 0.7922083975120926 28 450 57 550 51 168
3478 0.58150824756958508 1.4606578306850855 1.3260204056455844 255 253 63 0.59881996531147375 28 566 57 540 31 576 72 588 67 310 22 499 14 490 61 492 12 15 6 485 51 538 71 503 85 517 63 757
3476 1.0712602313433135 1.6119788942281361 2.8019564433807185 152 101 71 0.52743027992194036 80 599 57 521 72 562 67 300
3475 0.88649005811752901 2.5516667225280436 1.9947486786708493 250 225 176 1.8551251747058874 86 306 57 403 51 290
3473 1.2690010686308222 1.175264769584121 1.8260147160594076 251 228 71 0.29427394673986684 80 163 57 372
3472 -0.5782269527227254 1.1538293035277771 2.8293290957723309 129 124 136 1.1026937606911391 100 313 57 352 22 326
3470 0.66419934985835349 1.4529958112080066 1.4628920299701893 255 250 65 0.13047056508163588 28 461 57 324 31 478
3469 0.69761348047641825 1.5500077151977614 1.3759669303771906 255 224 53 0.31371844440404867 28 249 57 320 72 26
3468 0.59880308197900178 1.4562193004031703 1.2909454545042567 255 174 26 0.42401650333924384 28 36 57 304 72 587 67 607 14 261 61 491 12 595 6 484
3467 -0.68201145174107036 0.84646899471601456 2.1790485976361236 255 208 52 0.43156547949746216 28 14 57 297 31 7 72 312 67 325 22 287 12 342 96 240
3466 0.91846535184725964 1.5715083227262332 1.3921708993640489 255 229 60 0.26890026247412879 28 77 86 98 57 59
1109 -0.56214280121144611 1.3736254658051952 2.1170401081367407 170 177 199 0.29563465974201109 45 126 42 562 17 211 94 145 97 111 29 149 34 66
3465 -0.64882510700883778 0.78338047561081448 2.1395942261329051 255 212 56 0.092380050219459831 80 318 57 15 67 34
1108 -0.021924226222937299 1.4564465266118216 1.7487278783565758 95 88 25 0.40468596673093682 64 402 42 510 94 426 97 356 36 291 29 389
3464 -0.40597512838132788 0.90143629804719894 1.9122072641842651 255 245 62 0.14879670102765233 28 9 57 9 31 3 72 3
3463 0.55845906544383517 2.6754185140928635 2.2129272582610748 0 0 0 1.6530612263412567 30 692 36 674 83 774 99 1302 91 804 49 802
1106 -0.9813103456999821 1.8730553439178059 2.5803737786869818 71 77 73 1.9866167897718308 64 288 42 438 17 350 52 546
3462 -0.54548831927001284 0.87736036505188386 1.8761865753265052 206 0 0 0.3824051219176467 95 882 24 872 40 865 87 910 15 768 93 837 7 755 55 856 26 731 60 1114 45 618 64 840 42 980 17 916 29 770 53 745 82 714 11 523 75 562 25 588 48 738 86 698 4 798 33 791 78 775 54 817 3 812 44 742 89 733 68 718 32 814 59 772 21 799 92 728 43 469 25 589 100 701 80 1075 39 698 28 658 57 737 31 650 18 515 85 590 41 568
3461 1.2011562707553545 1.7398716617701731 2.7549355320895179 103 70 58 1.3313644297324096 82 26 33 45 54 76 44 254 24 513 15 448 93 766 92 541 78 509 54 540 3 549 44 457 32 679 44 592 59 272 33 304 43 261 75 533 25 558 48 735 86 553 100 697 80 1070 39 568 39 732 28 607 31 552 72 671 67 589 67 771 22 554 14 471 61 550 12 575 70 605 12 734 96 566 69 877 46 352 19 587 16 702 6 324 61 464 85 545 41 533 51 471 71 488 8 102 73 336 76 596
1104 -0.066590613933909498 2.2853668357480781 2.0538290998730235 25 17 14 0.25845451170911665 64 238 42 379 17 308 4 140 33 144 78 125 54 132 3 111 59 113
3460 0.44558468744990776 1.5390405134207323 2.6420019208549408 31 30 29 2.0572365205091003 25 481 75 369 28 604
1103 -0.94472488842667324 1.3780820211415952 2.9464610827539772 133 131 121 0.20404998982195041 64 504 42 376 17 292 4 454 33 453 78 459 54 502 44 398 82 373
3459 -0.14553855274066199 1.3365428158802208 2.0818808947493128 29 23 11 0.39085980879596627 48 701 100 674 80 1046 39 670 28 626 95 848 24 821 40 826 87 870 15 718 68 724 89 685 92 686 43 427 86 651
1102 0.4350204910949288 2.5052612618448555 1.9361707484466693 38 27 24 0.23114649670853687 45 258 42 343 17 573 94 505 52 1119 29 193 34 264
3458 0.38643296133974581 1.5133374246603617 2.9125560798219046 117 77 57 1.0717070990248125 48 205 86 286 100 211 80 256 39 218 28 313 78 548 54 592 3 577 92 462 57 442 31 342 72 262 22 142 14 110 46 560 71 218
3457 1.0248240137222053 1.8009238918042565 2.7160363836971912 236 218 176 0.24668535265090386 44 266 32 380 11 189 28 409 100 457 80 829 39 456 57 513 31 426
1100 -0.69227304003818713 1.179758758698177 3.1516093628632773 210 198 164 0.15570212498600886 64 230 42 323 82 355
3456 -0.064937268358268269 1.2736902232796183 1.4945426664904042 0 0 0 0.5234800535975529 39 780 100 782 28 740
1099 0.71716200152046661 1.8979789738145432 2.3708229307573441 233 217 178 1.7912319495565263 55 401 42 229
3455 1.0807403861390543 2.3763321452251525 1.9701176278961579 148 141 124 0.80698353317571048 39 773 28 735 31 720
1098 0.71716200152046661 1.8979789738145432 2.3708229307573441 233 217 178 1.7912319495565263 55 400 42 228
3453 -0.021370103452811789 1.3600591530048289 2.6659557963841705 30 23 18 0.62324896816363617 39 776 100 777 28 731 31 716
1096 -0.68266257143789832 0.93558068550250639 1.8511089055528251 254 233 80 0.13239853205316413 55 358 42 126 17 77
3452 -0.49553112804229671 1.0712500493197556 2.7072723241354133 32 37 47 0.9521837002622332 39 765 86 746 31 706
1095 0.62347704364561651 1.4666291685941342 1.2277033607633918 98 78 18 0.29598994685752122 64 330 42 45 17 33 94 31 97 22 52 602 90 12 30 16 29 14
3451 -0.27430288259765645 1.0563408696481027 1.933465292630602 246 244 68 0.96964162483281313 39 738 28 691 31 683
1094 0.50655661574921196 1.2238962868636651 1.3892155359870586 128 106 36 0.56962640949152299 55 39 42 38 97 17 52 856 30 8 36 13
3450 0.29681235036284626 1.2914484160472506 2.3795581321302279 188 192 214 0.29161098583471423 48 655 86 616 28 640 31 630
1093 0.51470336198008049 1.2182247454311628 1.3416373329461275 27 27 31 0.33767373043917998 64 13 42 33 94 22 30 5 36 8
3448 1.1156650787295372 2.6807860872578497 1.8874046355643768 0 0 0 1.0728760637551054 86 350 28 606 57 420
1091 0.55621419355751911 1.2777714387965031 1.2240996155258717 107 85 18 1.6485896771605923 42 30 17 21 4 250 33 271 78 261 54 295 44 203 59 237 3 511 21 316
3445 -0.44806021468272783 1.357564198692202 2.0723044815507112 64 65 74 0.35302863325993261 86 646 28 550 31 574
1088 0.61029615512719348 1.2421283942992805 1.2866804772813583 141 127 46 0.12058134890028829 55 32 42 27 17 19 94 17 97 9
3444 1.0937689066648555 1.6029213324806528 2.8820316904518615 120 112 101 0.92229551862271375 48 461 28 523 14 468
1087 0.66458479107618951 2.1687819494775189 2.2977576789194787 228 212 173 0.4587402510140059 26 313 60 650 64 115 40 245 95 265 87 246 7 191 55 190 26 176 60 511 99 214
3442 0.28995694730464511 1.3002363923516733 2.2863720978658875 255 228 57 0.32983637587636527 86 449 28 485 31 290 72 366 22 523
1085 -0.41373876915784169 1.7080808877538218 2.0970270247383698 10 7 2 2.1485493046637294 95 161 87 167 7 194 64 479 87 367 55 666
3441 0.85808021886902897 1.5871763552497142 1.3332430278198042 255 226 58 0.89874877068281434 80 630 28 465 57 331 67 40
1084 -0.9201743581286721 2.0164525008691268 2.2819909774363349 11 8 8 0.55054209110275099 87 810 7 693 55 787 45 478 9 497 64 809 42 931 17 789 94 555 97 470 52 822 99 529 91 177 36 230 29 713 34 532 18 350 47 136 23 86
3440 -0.30124394506298291 0.98498403353812813 1.8994126067220574 255 234 66 0.22779628840942046 39 477 28 439 31 455
1083 0.12726701893146358 2.253685990023115 2.1114581690221281 205 190 156 1.461646689773012 45 674 42 1034 17 956 94 847 97 733 52 1287 99 1277 83 746 30 663 36 648 34 611
3439 -0.40393829961000338 1.1134709502088347 1.7466171188552637 255 236 64 0.21654351020254747 100 477 28 435 85 496
1082 0.96450417981984671 1.6665680735578348 1.2971390367940503 182 119 22 1.0883228620194159 55 875 64 819 42 975 17 912 94 799 97 686 52 1270 90 681 30 634 36 602 29 726 27 482 47 15
3438 -0.75466026301211209 0.71655066984814275 2.0997285776127042 0 0 0 0.57532390862673011 86 571 28 434 57 618 31 563
3437 1.322883176619901 1.8228745686298031 2.7063711679395657 246 225 178 0.12181977660426672 39 468 28 427 31 447
1080 -1.1672236571180421 1.4879093834951085 2.7831843465221082 0 0 0 1.1074508455046927 55 773 64 805 90 581 45 557 44 716 32 723
3436 1.2298217426985039 2.1447030806699034 2.3336558950542274 253 233 181 0.078238632027900948 39 435 28 407 31 424
1079 -0.79821012116147605 1.0140858956367975 3.2347098212096199 0 0 0 1.5303757827772002 53 579 64 792 17 848 97 531 30 562 29 703 82 621 32 733 34 522 29 750 21 785 77 186 58 364 1 447 74 327 5 414
3433 0.88437426094253158 2.5533454641432858 1.9978151527547325 248 225 176 1.3834928167419043 39 185 28 305 57 402 31 344 51 291
1076 -0.78597048844709438 1.117564362319337 3.1890969578280863 65 43 29 0.7828052941096636 53 480 64 740 42 913 17 733 94 649 97 536 30 502 36 480 29 704 82 504 4 686 33 608 78 706 54 753 3 736 44 562 89 522 68 417 59 679 21 711 92 239 34 524 65 531 81 273 1 449 47 133 74 328 38 332 5 392
3432 0.86361028051025912 2.4380843291061578 2.0541259695020266 252 227 176 0.092659063439634759 86 302 28 303 31 343
3431 0.4039830975487439 1.665595580570274 2.7103376567465167 231 207 160 0.35051787136961737 39 206 28 288 31 525
1074 0.18706677577855588 1.1515865188700578 2.1136521646708566 83 68 51 0.34446908163946838 55 727 64 689 42 947 17 880 94 767 97 655 52 1157 90 547 30 604
3429 0.21187799544764541 1.1653662963430003 2.2669582934405721 133 82 10 0.78008188219884544 39 510 28 255 31 497
1072 -1.1172913905950785 1.5664465993410808 2.7246372302414685 76 79 73 0.433636024037515 60 720 64 662 42 828 17 774 94 681 97 567 36 499 29 627 82 383 4 475 33 463 78 461 54 503 3 493 44 393 59 461
3428 0.70714390628996149 0.8610726443790766 1.6562145172434468 180 190 215 0.29788141098983362 39 280 86 237 28 251
3427 -0.13668522367167971 1.2277488847582647 2.2764253886468437 255 212 52 0.11670252387599241 39 73 28 250 57 69
3426 -0.19161660147718737 1.0690973234991696 2.1909568933781398 255 244 63 0.36556997479462072 39 271 28 242 57 329 31 29
1069 -0.59073311566183417 0.74389717983056214 2.0804721520961404 255 238 77 0.43486834398108343 26 412 64 611
3425 -0.24854268892253881 0.89366364530399478 1.9374544075099749 255 246 68 0.13531863814214154 39 252 28 232 57 22 31 256 72 12 67 31
3424 1.0422605078454992 1.5830750495932593 2.8531766999008346 123 76 52 0.19044772014765962 100 471 28 221 31 435
3423 1.104782525376786 1.8081391361086259 2.6941979750964551 235 216 171 0.094945987982909236 39 237 28 219 57 280 31 245
3421 0.86316597357287617 2.529935239897779 1.9227746609865677 221 202 165 0.20773851225386564 39 169 28 183 31 198
1064 0.17082353525427982 2.053609155074672 1.9681445733158864 218 203 166 0.95082568094161601 26 196 64 437 42 602
3420 0.23049086636514779 1.4727450378704616 2.9266851447359299 135 89 62 0.19098020303605603 86 147 28 182 31 187
1063 0.039649231340226299 1.6561419292896324 1.9359074506254657 100 90 26 0.3084394918447641 55 435 64 415 42 524 17 448 83 278
3419 0.12296986921958698 1.5025769221363605 2.8911997990600016 18 17 14 0.12927712321501655 86 125 28 169
1062 0.52380899958836447 1.865225378679753 1.626829193642074 254 247 220 1.0613274045538799 40 574 64 359 95 580
3418 1.0786013060768713 1.1601195604501053 1.8074824805004532 254 230 58 0.31135447119821263 39 150 28 162 31 157
1061 1.2212973892285857 2.2002765152517787 2.3029481454846286 254 245 217 0.59518426769190957 45 194 64 350 42 218 17 175 94 126 52 697 99 834 83 311
3417 0.22158850819822218 1.2750406321088648 2.342149277606504 121 78 12 0.72147472780973265 39 129 86 75 28 104 57 114 72 108 22 63 61 78 12 385
1060 -1.2517551158502114 1.8581077150484677 2.4624767574191861 93 101 98 0.28342457951983974 55 251 64 302 42 461
3416 -0.23304819035451677 1.2732767286333251 2.6077372527865097 18 14 11 0.42015674114845325 39 110 28 70 31 92
1059 -0.88921300989524621 2.0309370706298715 2.2772089669370335 56 42 40 0.14271767488802725 53 191 60 360 64 292 82 180 4 214 33 229 78 226 54 238 3 206 59 195 21 249
3415 0.49237262024065287 1.0420605956849847 1.9325030549170057 253 185 45 0.16507899681078683 39 86 28 56 57 63 31 61 72 53 67 84
3414 0.44991306520190716 1.0009052149309119 1.8518641001772385 255 221 54 0.028695063206791216 39 64 80 74 28 44
1057 0.20300827582746836 2.304172815124629 1.9961101399928394 162 128 111 1.8838796875014556 60 559 64 213 89 316 68 370
3413 -0.26341096571825751 1.0469475373630914 2.4165878085888322 255 246 63 0.24386392643168026 86 23 28 42
1056 -0.10233141459731035 1.4144165907964792 2.0290399073156475 223 185 62 0.081951361105284976 55 146 64 137 42 212 17 124
3412 0.59395790981907681 1.438867326560116 1.3830712658651232 255 251 64 0.24006373927225219 39 40 28 38 57 28 72 16 22 11 14 21
1055 0.42265939480904202 1.4549652301756029 2.0414031631665073 148 112 27 0.23873476704391144 53 249 64 42 82 272 4 307 33 322 78 319 54 364 44 280 89 463
3411 -0.55290002898501278 1.3818347347038187 2.0998339118148253 175 183 205 0.20884505599315761 39 30 28 24 57 33 31 17
3410 -0.27745072264726434 0.93223846470871341 2.0296566698070562 255 246 61 0.18161335809006088 86 17 28 20 57 26 80 333 31 10 72 18 22 5 14 15
1053 -0.74032332371345522 1.8078246993579183 2.3219239879494662 58 68 93 1.7535994235540444 9 913 42 1044 17 964 94 851 97 744 52 1302 90 704 83 762 91 791 30 680 29 816 79 627 13 645 77 353 50 505 66 515
3409 -0.38570379938795096 1.015909172803775 1.801058731598163 255 247 63 0.092142510031032007 86 195 28 4 57 5
1052 -0.73172060675634309 1.8071986943354954 2.3463988149056449 58 68 93 1.5333001785420064 45 685 9 912 17 965 94 852 97 745 90 705 83 761 91 790 30 681
3408 0.64614947128356814 1.2931157877133468 1.1268561130470549 249 223 64 0.9217690664129039 48 767 86 730 39 756 100 731 80 1100 28 693 57 739 31 654 72 730 85 621
1051 -0.29439546346849044 2.1924321667542905 2.1880233034743486 88 97 95 1.3076632603260914 45 662 9 896 42 1022 55 895 17 948 94 836 97 708 52 1265 90 663 99 1248 83 720 91 749 36 594 29 801 34 614 13 605 49 755 2 502 79 523 58 480 81 353 1 526 47 199
3407 0.53216591408129266 1.5613127057896321 2.8478116788836729 156 142 114 1.3478117552719215 80 1151 92 784 48 805 86 756 39 774 28 729 31 715 72 834 14 620 56 840 16 835 85 644 71 611 63 853 8 469 73 681
1050 -0.45783674577734135 2.1388389721058272 2.2187592900975583 80 86 82 1.119577960051279 45 661 9 895 42 1023 17 949 94 837 97 710 52 1266 99 1249 83 719 91 748 36 595 29 802 79 519 34 615 49 754 77 286 58 436 81 317
3406 -0.057845730427803194 1.1869901263356961 2.4167204747168594 30 29 32 0.9421974802804336 54 425 44 128 68 41 92 272 44 618 89 497 43 28 86 436 32 445 11 136 75 363 25 360 48 310 39 618 100 509 80 889 28 471 57 563 31 492 22 519 14 286 61 523 12 632 67 379 70 255 96 405 46 372 6 515 51 499
1049 0.95938978236873962 2.6404608918010033 1.8598885471041795 33 19 16 0.54097388432207971 45 610 9 858 52 1189 90 586 99 1161 83 697 91 729 79 572 50 424 66 427
3405 0.61211945813856539 1.6330359884204093 1.4730746011122686 253 189 41 0.46062244148624182 86 761 39 783
1048 0.64808065132499793 2.4848590780347397 1.9653682753167288 74 49 38 0.49750621470131956 45 570 9 818 97 538 52 1112 90 373 83 563 91 618 30 370 36 360 79 372 13 520 49 623
3404 -0.50048745720017496 0.977541734179453 2.0161011991560027 255 241 67 0.95395801489184961 86 763 39 781
1047 0.038058277610564711 2.2477067731343996 2.1636658016553523 187 175 144 0.9413080664927701 45 573 9 811 42 801 17 752 94 665 90 390 99 1088 83 558 91 605 29 697 13 384 1 435
3403 -0.49527817867442425 0.92427199978316588 1.9685080738805323 255 231 73 2.0234734864043484 100 780 39 779 28 739 57 810
3402 -0.20666277853901707 1.384911525787925 1.717073725102493 0 0 0 1.4407336140529303 100 778 39 775 28 727 57 805 31 714
1045 -0.3647586300351523 0.8065348292058574 2.0182352733817996 255 242 72 0.50291711413214968 45 505 9 763 99 1119 90 540 83 591 91 632
3400 -0.30410109661548179 1.1102540675569361 2.1382306589818434 255 231 62 1.1490869928887877 100 760 39 763 28 725 86 749
1043 0.24075502664849996 2.3553102357181985 2.094888304459364 114 74 52 0.60049522768212182 45 451 9 739 94 661 42 916
3399 -0.39498924665839874 1.2040660796863418 1.8351752881605412 255 212 56 1.5104713260815661 86 745 39 761 28 719 57 792 31 704 85 638 41 620
1042 -0.6743420463201022 2.1777274748956517 2.1661956695081517 42 30 27 0.28884444313978946 45 488 9 738 94 694 90 601 99 1170 83 654 79 527
3398 -0.57430548216830468 0.90869747466800022 2.0323285468980457 255 228 72 0.86913433169062815 100 754 39 754 28 711 31 696
1041 0.10091215545035676 2.2281982728118037 2.125469392633061 201 184 147 1.7739980575058558 9 690 52 1115 99 1077 83 545 91 596 90 374
3397 1.0663654333136687 1.4041381208260966 1.6076536026617509 89 56 43 0.24120116473107042 100 720 39 751 28 703 31 692
1040 0.59634784196290802 2.0242919623336859 2.4016303850301375 239 219 175 0.31501795877960964 87 576 95 564 9 640 40 559 91 574
3396 1.0663654333136687 1.4041381208260966 1.6076536026617509 89 56 43 0.24120116473107042 100 721 39 750 28 704 31 691
1039 -0.92412269465872487 1.7498768292091258 2.2803809727113435 46 50 66 0.47965484682892462 45 563 9 633 99 1067 83 632 91 664
3395 -0.25325037428112318 1.1637842293793199 2.2384688689446226 255 241 62 1.2532111340422014 48 750 39 746 28 670 57 743 31 661
3394 -0.1635817729146645 1.3773162444102505 1.9464472718484234 253 211 67 0.90172717682523329 100 709 39 745 28 712 31 699
1037 -0.55933972280967237 0.76666003013016593 1.8587202172557769 0 0 0 2.3025417797402619 45 501 9 528 42 868 17 808 18 304
3393 -0.74188319963221772 0.85463640040817945 2.3397516435877344 0 0 0 1.1916679758723607 80 1111 39 742 28 660 31 655 72 770 67 836 22 657 61 651 12 778 70 652 10 456 96 569
1036 -0.73277237316488353 2.2022678394820083 2.191347626912886 87 87 82 0.95832779707433002 45 491 9 519 91 620 49 603
3391 -0.27430288259765645 1.0563408696481027 1.933465292630602 98 96 109 0.96964162483281313 39 737 28 690 31 684
1034 -0.10391900101728732 2.2853807197864908 2.0443921501729272 88 62 48 0.44384619993950392 45 467 9 516 99 973 83 206 91 472
3390 0.76853259453210765 2.5222844994466342 1.9519983360725366 86 61 53 0.37413005981260095 86 718 39 727
1033 -0.98983151624738741 1.9579976037645996 2.3538807820465997 103 111 109 0.79033943121975014 45 472 9 492 90 420 99 974 83 201 36 501 77 203
3389 1.141033466461983 1.3751985739608399 1.662790780325863 253 210 55 0.39643103697125737 100 724 39 724 28 681 31 676
3388 -0.51170108642968137 1.3324730602735912 2.9901953070992549 19 19 19 0.90103249147684683 75 571 39 723 28 636 86 671 57 759 31 627 67 848 22 673 14 597 85 519 51 593 71 561 63 804
1031 1.1541440049956115 1.8601019954095745 2.6531249117142131 231 215 179 0.22914798973764042 45 87 9 373 91 331
3387 0.045461697801226081 1.148539748230099 2.2248064636474969 126 81 12 1.1811944598248529 100 717 39 714 28 587 57 648
1030 1.086824497649072 1.841554189615489 2.6608482828317266 233 217 179 0.63568799993483849 45 88 9 371 99 639 83 111 91 330 79 95 27 87
3386 -0.81030701686374162 1.0967063729455016 2.8151833418380763 0 0 0 2.1136265833603276 86 648 39 678 28 576
3385 0.65673451922593817 1.0920705957308925 1.4831667360866356 0 0 0 0.5758061167074473 80 943 100 707 39 665
3384 -0.13949297342177777 1.19742344654327 1.9297958965277657 45 44 46 0.53386400151511404 100 606 39 663 57 630
3383 0.047483328140761838 1.1587940061459729 2.4332573111393625 190 144 33 1.3234103370818342 100 626 28 478 31 590
3382 0.32368104968900407 1.0442308035886787 2.102870115482891 11 11 12 0.405205802326011 25 590 75 517 39 615 28 470 57 647 31 488
1025 -0.78732388147794219 1.0572352793414797 1.8420495001583415 104 93 28 0.44230927776884676 45 51 9 290 99 774 83 240 91 255 13 16 49 12
3381 -0.2040761671637337 1.3188052771697947 2.1300707357526556 254 200 51 0.31257871100263573 86 587 39 604 28 567 57 640 31 472
1024 -0.78761080100591419 1.0548352184444576 1.8518724698856843 104 93 28 0.73923754824350751 45 50 9 289 99 775 83 241 91 256 13 15 49 11 2 22 27 170 50 165 66 173
3380 -0.87148407877569078 1.0207461949021206 2.6058693285490784 0 0 0 2.1159372400498575 100 499 39 599 72 601 10 330 96 466
3379 0.63185698209393282 1.5388335809932374 1.3697666841623239 255 254 63 0.52549546436766248 86 606 100 601 39 597 28 578 57 631 31 581 72 594 67 318 22 570 14 499 61 500 12 22
3377 0.58493747656807493 1.4262512694334115 1.2747017226856192 255 167 25 0.80966365669483942 86 598 39 587 28 620
1020 -0.040489168625775535 1.0412330110612742 2.1016345643378176 0 0 0 1.5592587216963718 55 902 45 698 9 920 64 871 79 630 13 648
3376 -0.78945460383211574 0.99457877927291116 1.7740012420288482 0 0 0 0.42519793490250551 80 1027 39 583 28 541
1019 -0.69812055139852369 0.8353047887879852 2.0552542650622168 252 237 97 1.4786737156169516 55 912 45 697
3375 0.99102796872070609 1.597568795456267 2.9096016347919784 211 181 142 0.047480985919799802 86 410 39 567
1018 -0.71871230672794451 0.85849767702842805 1.9389042781186743 252 237 97 1.3760899314805295 45 696 9 915 42 1053 17 977 94 864 97 757 52 1300 90 700 99 1291 83 764 91 795 30 675 36 657
3374 0.28347090939328029 1.3780541235256702 2.9827114007543605 158 102 72 0.61188703246038068 100 553 39 540 28 500 57 589 31 526 72 659 67 687 22 544 14 454 61 544 6 540 51 518
1017 -0.38407742651853072 0.96249212806171525 1.8729794835985754 221 190 59 1.2597786795725592 45 695 9 919 42 1052 17 970 94 856 97 750 52 1299 90 699 99 1292 83 763 91 794 30 674 36 651 29 828 34 631 49 791 81 357 47 206
3373 0.91097090679434511 2.1820501328621313 2.2762332555173761 230 216 179 0.69249687768888535 100 359 39 539 57 438 31 366 28 205
1016 -0.62000853262501476 1.9517901902578694 2.2756934206318769 4 3 4 1.2631995390264166 7 794 45 672 9 909 17 959 29 827 34 637
3372 0.87012235305730257 2.5499210422569853 1.9330812428906174 226 209 173 0.16478493990550738 86 459 39 526 28 495
3370 0.97152861149696323 0.89522520785408966 1.7978918083404158 227 164 41 0.30857274193717416 80 974 100 512 39 514
1013 -0.10250640827765997 2.0130401337318351 2.1657577734544304 53 63 88 1.9519498826005812 55 866 45 642 42 1018 17 955 94 845 52 1293 90 697 99 1287 30 672 36 656 29 798 34 628
3369 0.96829077967632737 1.6231630009997009 1.3866986175578617 144 134 62 0.90820469726665964 86 617 39 503 31 499
1012 -1.2002689958359802 1.5516741094859414 2.4185177417204815 0 0 0 0.1257871915883336 7 779 45 640
3368 -0.81102539064747781 1.1290153750217249 2.6956844997762959 0 0 0 0.044464001829329775 86 206 39 496
3365 0.63946557002723381 1.3128054743121373 1.0717318159780467 0 0 0 0.66333095532689035 48 614 39 473 57 533 31 456 67 303
1008 -0.53539891353342617 2.2594729702705014 2.1454545461609054 86 85 79 1.6367643233154463 87 626 45 582 9 817 97 579 83 662
3364 1.209383413391901 1.892816475211597 2.6219839289574285 251 227 178 0.11771465078165159 100 460 39 461 31 439
1007 -1.3496400374091158 1.8696531764202209 2.3978188013255308 0 0 0 2.2686580872028084 60 1093 45 580 64 814 52 1206 9 855 99 1223 91 673 82 638 33 811 44 708 44 755 32 681 56 690
3363 0.86923860041339884 2.0962113510847633 2.3511326003422144 251 228 178 0.056439367840412105 100 368 39 372 28 344 31 367
1006 -0.65650247213449298 2.0933669324911137 2.2237871133325884 29 23 21 0.3488465307955067 55 782 45 578 9 700 42 927 17 782 94 548 97 467 29 615
3362 0.11963826916897423 1.2824883744144389 3.067317177329298 178 203 119 1.7772463244113619 75 397 39 366 57 415 22 595
1005 -1.3680730641857124 1.8826670063217481 2.5555152693544669 0 0 0 2.671702904282848 26 750 95 377
3361 -0.39469566617564356 1.2084331610393289 3.1289125665525543 145 95 68 0.65781502538524472 86 239 100 355 39 315 31 294 57 378 72 401 67 435 22 343 14 307 61 118 12 197 70 378 10 158
1004 -0.92797549466245033 1.9727613335154357 2.3481005949551772 90 100 98 0.37056587261344343 55 839 45 575 9 669 17 859 94 752 97 633 52 1130 90 526 91 592 58 285
3360 -0.45131022904040075 1.3602072532309386 2.8970662653422607 150 143 156 1.1342942059875367 100 524 39 303 31 118 72 712 67 748 61 587 12 762 70 633 96 486 10 412 19 755 10 442 56 754 16 755 6 532 51 561 8 392 73 618 35 393
1003 -0.27405757531612029 2.1232237333252297 2.2710138251338861 29 33 33 0.25449296813295991 7 679 45 572 9 808 99 1085 83 550 91 593
3359 -0.50455451382035965 1.1361967692774553 2.6483893871576583 34 26 16 0.41173306219163308 100 299 39 283 28 248 57 342 31 49
3358 -0.38561214303071356 1.1252989053818716 2.3211930177372113 173 176 195 0.22374484532534328 100 280 39 273 28 241 57 334 31 272
3357 0.66501729813713084 1.5559890108667898 1.3480878965858416 255 170 26 0.37509287343492892 86 228 100 256 39 265 57 315 72 315 67 315 61 350 12 334
1000 -0.7910848540148967 1.5580624225387618 2.2272004142074344 30 17 1 1.4455350793261423 55 835 45 549 17 901 94 788 97 676 42 994 52 1228 52 1257 99 1216 83 688 91 329 9 357
3356 -0.31575948931439424 1.0346513639060684 1.7898232452460503 255 248 66 0.16300894372126071 86 197 39 249 28 13 57 6 31 6 14 7
3355 1.1028537405502272 1.811919265964907 2.6965161525076122 236 217 172 0.063924281089767998 80 594 39 236 28 218 31 246
998 0.42931944322563509 1.0886002307708429 1.9868763487567884 120 89 20 1.0672500264542688 55 720 45 509 17 805 97 494 30 453
3354 0.72442038216395377 1.6447011018042874 2.8274161654799674 223 204 161 0.0501545635067603 100 217 39 226 28 209 31 230
997 -0.3190984940272501 0.80268108401980431 1.9743199622787433 0 0 0 0.73666753612139346 55 535 45 502 9 762 99 1118 91 630 83 670 13 429
3353 0.61439159657531295 1.5557111606185579 2.9002403427105956 224 205 162 0.21267176860481751 80 591 39 224 28 206 31 227
3352 0.42720980334205749 1.6179378003610903 2.7599395234440425 241 216 166 0.47491624154503614 80 247 39 213 28 298 31 528 57 588
995 0.86301198095435516 0.72161499604021495 1.6580987438915287 0 0 0 0.20244134211793252 40 718 45 493 90 426
3351 0.4652575587052592 1.8434388316458814 2.612135651298098 250 224 172 0.15413995625200566 80 748 39 201 28 189 31 199
3350 0.11433341029904402 1.5123446443545387 2.8983588387079591 26 23 20 0.13381414743409642 100 194 39 197 57 200
3349 0.49090665877778605 1.9336442710581208 2.4827498997020441 253 227 174 0.20200270060777675 80 539 100 178 39 193 28 179 57 203 31 190 72 214 22 112
992 -0.41309157177629918 2.0832869289026106 2.2831735649710252 32 35 35 0.73246348765302771 53 504 45 445 52 1121 90 518 99 1087 83 553 30 583 36 498 82 489
3348 0.37044442413501405 1.5182861609505844 2.6121358893254385 27 25 27 1.9183693933176513 80 542 39 192 57 389 22 360 57 386 14 86
991 0.22519060036239416 2.3136411588440291 2.129728387747766 218 201 165 0.25969361077446196 55 681 45 438 9 719 42 791 17 745
3347 0.98809028594908521 2.5980101502764033 1.9021696606212064 227 211 176 0.27088733724705866 80 183 39 182 31 213
990 0.28768953114659873 2.3311986082765119 2.1090445175185968 219 203 167 0.32870214956833743 55 679 45 436 42 647 94 501 97 413 52 987 90 379
3346 0.99939615148094052 0.98134729086724082 1.8737570114398827 255 254 66 0.31703206215209939 100 130 39 146 57 105 28 152 31 141
989 0.47799216732843419 2.1017319265204741 2.3288651034566974 228 209 170 0.077868975105333971 7 471 45 363
3345 1.090158163350436 0.97615020805588892 1.7571253979548496 255 233 62 1.4027035597178394 100 123 28 147
3344 0.22563685664169877 1.2736200771638211 2.3426708248992978 156 114 26 0.80280335506897149 80 450 39 128 28 105 57 113 31 121 72 107 22 62 61 79 12 386
987 -0.25703840445842396 0.85009479209668293 1.9294190437173695 0 0 0 0.14791704225060576 55 536 45 286
3343 0.22959221331809335 1.2230897691546589 2.2723060327792539 254 222 59 0.26717035335689471 100 308 39 115 28 89 57 354 31 102 72 365 22 56 61 73
986 0.58861110234870861 0.94009287285773668 1.6480579565572009 104 120 156 0.72490293987871912 7 390 45 279 90 224 83 455
3341 0.409123911000697 0.97495182365761879 1.9266676684993382 246 196 51 0.15249340577064727 100 285 39 75 28 45 31 47
984 -1.0946970951408299 1.5905246075427313 2.7154943878979712 74 78 72 0.41450853862571213 55 497 45 230 17 606 42 687 94 539 97 461 52 996 90 369 99 873 83 344 30 396 36 390 27 124 84 245
3340 0.71310445329505323 1.5057874208982354 1.4547974642303947 255 241 62 0.14597311993019779 100 27 39 48 28 47
983 1.1545923673449541 2.305994910411175 2.20687970015276 232 217 181 0.3300804886549335 55 425 45 205 17 203 42 237
3339 -0.33656079575002651 1.176440945378731 2.2700620778282108 254 221 57 1.1735854776403971 100 279 39 47 72 67 67 359
982 -0.62429364216813699 1.4998811616187482 2.0034384862173495 11 10 13 0.22591673030167017 55 209 45 191 9 341 42 617 17 471 94 455 97 386 52 1095 90 485 83 516 91 313 30 491 36 468 29 415 79 410 34 253 13 322 49 359 2 338 77 160 58 240 1 43 84 284 50 310 66 201 27 325
3338 -0.70812520350453956 0.83112126689749788 2.2310534787225813 254 221 59 0.39996193944936287 80 632 39 25 67 330 70 208 96 241
981 -0.87183380851555237 1.3956018299281152 2.127655719772779 34 42 60 0.25206680018377925 55 213 45 190 42 641 17 515 94 462 97 390 52 932 90 313 99 813 9 94 83 280 91 84 30 338 36 330 29 426 34 261 77 61 58 242 81 46 1 249
3337 -0.52185280105612342 0.97799308202949453 1.8288815212367158 255 243 63 0.044510138674232314 100 1 39 5 57 0
980 -0.037381206733047373 1.6935587560631509 1.9503659326025611 4 6 10 0.27474600447434006 55 603 45 180 17 452 94 446 97 524 36 467 30 489
3336 -0.70268198141918459 0.87841319579189325 1.9213434217834564 255 245 63 0.0035819520671953758 100 0 39 0
979 -0.0065164787213721209 1.6982745155548356 1.9320855444144223 76 90 121 0.26029247013584761 55 453 45 176 64 418 42 267 17 196 94 132 97 103 52 676 90 74 99 627 83 88 91 323 9 352 30 85 29 108
3335 0.61211945813856505 1.63303598842041 1.4730746011122691 255 217 54 0.46062244148619469 86 762 39 784
978 -0.40441690345333137 1.5101463964757629 1.9867091287006033 108 93 27 0.47478428579944182 7 348 45 160 9 333 90 303 99 802 83 266 91 82
3334 -0.22016244750232336 1.2265632699807549 2.2026745466348165 16 18 21 1.1051204534887185 11 492 100 677 48 706 80 963 89 726 86 590 39 606 28 573 57 553 31 476
977 0.36739043775672464 1.7122024735101242 2.0290870151941078 111 92 24 0.50940167383788115 55 151 45 115 97 517
3332 -0.18034134963719209 1.1591309760700383 2.3889472672455967 242 193 62 1.9165446873711907 100 776 80 1154 39 771 100 772 28 728
975 1.2964272533671215 1.854019508468292 2.6354281339978702 233 219 182 0.350724359474131 95 547 45 74 9 363
3331 -0.093979119829846108 1.474673398843124 3.0587084061596976 110 73 53 1.5231532473290852 100 775 80 1150 57 803 22 712 14 629 61 717
974 0.061657496951900287 1.4840946274112119 1.7102343472611929 87 102 134 0.5325445886699951 55 397 45 66 91 64
3330 1.102973883908742 2.3131990024583176 1.9685685762254472 228 214 178 1.4749860484585422 100 774 80 1145 39 777
973 1.3287549573185398 1.8097672035633172 2.7054711063586443 231 217 180 0.65486649395310348 40 540 45 65 17 101 52 95
3329 0.24395913859231338 1.3541625543571965 2.3426286873943107 183 140 37 1.2335885998621601 100 764 80 1144 39 766 86 748 28 724 57 789 31 708 72 827 67 889 61 691
972 1.39012887280457 1.8230511462096795 2.6692568464567699 233 218 181 0.45190943416092638 40 542 45 63 95 543
3328 -0.40839287244214861 1.1344245924168936 2.5107260060340542 255 235 60 0.69775886637957873 100 763 80 1142 39 764 28 715
3327 0.38569244119562263 1.5573882269658994 2.5911219360435807 86 89 98 1.8078385303234032 57 796 72 833 67 890 80 1140 61 722 70 686
970 0.18265168538873189 1.1605620682378255 2.1199128188197376 28 33 44 0.31738504106919541 7 54 45 30 99 773 83 244
3326 -0.6551491211676016 0.88843973844078528 2.2620566048020558 253 195 52 1.5770547412733333 100 756 80 1128 39 741 28 689 57 772 31 682 72 815 67 871 22 682 14 602 61 672 12 809 70 680 10 466 96 578
3325 0.13604664419395573 1.281632108313326 1.6201720608177321 0 0 0 0.79928987662199436 80 1126 39 739 28 666
968 0.84122818165615754 1.9302232058547268 2.139420230937815 138 138 135 1.7687064829267705 60 1178 53 795 82 775
3324 0.24001298115757677 1.2763245644775558 1.5121658295435789 237 198 62 0.27460714759249505 100 752 80 1125 39 735 86 728 28 695
3323 1.1758772621195708 1.7329602758427791 2.7733826235703152 73 47 36 0.57476133039467192 100 729 80 1123 70 677 10 451
3322 0.17532439516972859 1.1010951060552896 2.1183085828810997 246 206 64 0.7546552173430342 100 741 80 1114 39 713 28 634 57 706 31 623
965 0.024543387429253272 1.2754046692080283 3.0214651140679445 107 72 59 0.37212508127696187 60 1038 53 674 82 669 4 730 33 748 78 734 54 784 44 702 89 680 68 649 92 697
3321 -0.29048196120723324 1.1299265350201368 2.3309375587733885 91 69 43 0.95971411699045028 100 738 80 1113 39 748 28 698 86 704 31 689 22 662 14 586
964 -0.98868612166180769 1.1872108232920111 3.2531385061969971 0 0 0 1.8733986402026912 53 615 64 797 42 995 97 723 89 702
3320 0.027506987310569636 1.4031498105067293 1.7826207378332035 212 183 63 0.74284835893516876 100 755 80 1107 39 744
963 0.64357320773311766 2.4699376168670879 1.9837438291019756 71 46 37 0.20388030462650586 60 1005 53 577 82 436
3319 0.45437970036501857 1.1643023448302086 1.4919385643082252 20 16 11 1.4749812204095925 100 733 80 1106 39 704
962 -0.11672999467049208 2.3124880994884669 2.0383794049848856 81 60 53 0.40430230950903695 15 410 53 500 82 479 4 554 33 656 78 549 54 582 44 472 89 487 32 523 59 536 92 449 43 196
3318 0.57569739637179373 1.2180890974662895 1.2270100807311246 0 0 0 1.1312057445044015 86 705 100 750 80 1102 39 701 28 663 31 656 57 741
961 0.15953958859869294 1.2406735997468816 1.9529763456254718 182 158 54 0.21357192537873196 82 452 33 531 78 530 53 433 54 559
3316 0.36904779438585933 1.5546145871206585 2.7948692423821333 125 110 86 1.5369969320757251 39 730 57 785 72 783 31 680 67 852 22 677 14 605 61 666 71 603 51 638 63 843
959 0.49538793794799829 0.44451208539710751 0.28660290604414351 254 236 75 2.951297528643519 60 752 53 399
3315 -0.91754387061786113 1.153631920126398 2.8290160238794289 0 0 0 0.76600292596344044 100 719 80 1091
958 0.64336288120177354 0.95631643923130882 1.5665512578368339 25 32 45 0.94297948179476077 60 760 53 389 64 552 42 472 17 4 94 2 97 3 29 359 82 405 33 492 4 494 78 492 54 523 3 525 44 441 89 431 68 482 32 526 59 240 21 318 11 287 48 506 34 215 46 306 58 2
3314 1.0947437162319684 1.4928890920771731 1.5231932255544467 242 204 63 0.35392598070435888 100 716 80 1087 39 722 28 679 31 675
957 1.133338759450836 1.346969045988019 1.653287715797928 254 226 67 0.20678888816018862 60 761 53 379 82 194
3312 -0.3379359123521708 1.3144179653253403 1.8279041973095789 0 0 0 0.80107728529568323 100 662 80 1078 39 702 57 692 31 657 28 661
3311 1.2223655776585429 2.4231018019012871 2.3953937871228868 249 226 180 0.25322772608363886 86 695 39 692
954 0.26553173386641848 2.3763757679834252 2.042922931584807 140 93 70 0.36160300442760807 60 725 53 332 82 302 4 103 64 212 33 131 78 103 54 116 44 258 89 311 68 374
3310 0.37279189651691536 1.4972301534598935 2.7110279183749104 137 128 137 1.9169448400763258 100 539 80 1064 39 536 57 673 72 763 67 822 14 524
953 0.42065918837823268 2.3927157451765968 2.0781010188102544 217 196 158 0.34009427015615284 60 719 53 318 82 285 4 89 33 120 78 84 89 296
3309 0.41037372629003666 1.5892308903646843 2.5716778151867969 42 38 31 1.7445070877197011 100 691 80 1063 39 638 28 648 86 689 57 725 31 640 67 820
3308 -0.17914485644918002 1.2437053691355531 2.5370993333673297 255 235 63 1.3250131372139295 100 623 80 1060 39 619 28 593 57 714 31 587 72 777 67 858 22 639 14 557 61 679 12 814 70 685 10 468 96 579 19 787 56 811 16 781 35 417
951 -0.7491161233914847 2.0492156025249622 2.2264680838908149 65 50 47 0.39868054967693012 15 47 60 569 53 189 64 517 82 356 4 422 33 415 78 408 54 457 44 353 89 364 68 302 59 382 21 235 43 17 69 111
3307 0.59089818367306912 1.2025628021241674 1.3175633817719681 22 18 4 0.89960126797119699 86 656 80 1033 39 656 28 554
950 -0.74352083035879224 2.0346431039566157 2.25815818686891 49 40 40 0.15546224041587409 26 215 53 186 4 197
3306 -0.45799501223017525 1.089931461161588 1.7080117079537624 0 0 0 0.62881133035639292 25 526 75 498 80 1031 67 701 57 684
949 -0.13952125426074233 2.281984140768722 2.0950668486321473 27 25 31 0.24312664510159093 60 565 53 176 64 247 82 131 4 150 33 157 78 134 54 143 3 126 44 95 89 191 59 129 21 173 65 44
3304 1.0388864800998987 1.6970811684571252 2.7886345703003323 104 69 52 0.54543810818609129 100 650 80 1011 39 695 57 730 28 652
947 -0.25094095925414694 1.48626536928709 2.076856981593489 225 171 42 0.42739468768751454 60 184 53 159 82 130
3303 -0.035121215758106755 1.4370179909839673 2.9644853542737639 221 204 165 0.22112648857097458 25 562 75 538 80 997
946 -0.82468729194118717 1.1433658907417215 3.1858758162096672 221 209 176 0.39012871833768259 55 172 53 152 64 239 52 219 82 360 4 441 33 447 78 460 54 506 44 402 89 247 68 0 32 484 78 619 59 447 21 493 92 8 65 341
3302 -0.18051203988896056 1.3261796952085856 3.0303288285053318 77 50 36 0.16522422891300642 100 645 80 995
945 1.0111257398350182 1.3379874153694038 1.6309397415802578 199 130 35 0.17648215280138049 60 410 53 33 44 23 32 48 100 90 80 94
3301 0.95900776509357277 3.4408042627760276 2.3081045064076937 242 224 184 0.71820091672740172 100 644 80 994
944 0.82374741451958444 2.4900554985618397 1.9911345921211034 184 172 143 0.75758798538966265 7 373 55 478 95 717 24 689 40 705 87 745 15 584 93 783 7 558 60 699 53 293 45 424 9 742 42 593 17 519 94 466 97 174 52 964 90 187 99 948 91 473 82 63 4 45 33 63 78 44
3300 0.85617759289183137 2.1592978288896827 2.2969860353606433 230 215 178 1.4525078779087912 100 643 80 991 39 641 70 341 56 594
943 0.90722543303571235 2.1354642656654237 2.4281267109716254 120 105 28 1.9884022883357826 26 797 60 1177 89 787 68 776 32 875 11 597
3299 -0.28225420141020974 1.0723433810723879 2.4171718953711285 255 239 60 0.60478057504986971 100 619 80 976 39 612 57 644 72 699 67 729 12 697 70 565
942 1.2572206233196273 1.4269531560342981 1.55962568589126 0 0 0 1.6820983690480498 26 789 60 1167 53 786
3298 -0.69724255358497189 1.0552235712704687 2.5745012151463138 254 196 53 0.20060490552829932 100 614 80 972 70 623
941 0.10423010695953958 1.3067797120275828 2.4437610401400285 39 32 30 0.7269712621601 26 775 60 1153 53 768
3297 -0.2834326255902434 1.14710244920718 2.3188877131397745 121 87 17 0.68056079374393863 100 502 80 968 39 281 57 337 72 349
940 0.10095963301160324 1.2615258245548069 2.3396413297646204 39 32 30 0.84775171539557137 7 807 26 774 60 1152
3296 -0.38350705472212721 1.1473819717456426 2.2842852479164546 132 98 40 1.2475590067694069 100 611 80 964 39 269 72 600
939 -1.1559458182733384 1.6656004039964309 2.7054212246272926 124 127 118 1.597197657033286 26 767 60 1144 42 1026 97 736 36 638 29 805
3295 -0.32333959857947048 1.2884170083968876 2.1392968906370715 241 190 52 0.846604166553935 100 670 80 958 57 702 67 628 72 692
938 -0.49089326125425059 1.3591951191805915 1.9486018432528098 48 44 47 1.1876883969116994 26 765 60 1142 89 611
3294 0.65759078124856285 1.4825792152771453 1.4488452783613037 255 240 59 0.20801019871399856 100 607 80 950 39 669 57 700
937 0.99951913123374692 1.6680137311311145 1.3194094542911912 176 121 35 0.12711352370354018 26 758 60 1132 53 755
3293 0.73193438617301199 1.5770757449611053 1.3577179020499006 255 227 55 0.35351399278503459 100 605 80 948 28 584 57 638
936 0.48993857321671397 1.4172645013982355 1.5369730960468029 60 68 89 0.43113708265731332 26 735 60 1113 53 677
3292 0.73305295157738393 1.5730920251555309 1.3582186235941538 255 227 55 0.31648426617454373 100 604 80 947 28 583 57 637 31 584 72 317 67 327
935 0.6342920422698497 1.1492311189628497 1.3918788709356462 98 81 23 0.23711130365084521 26 725 60 1103 53 725
3291 -0.50895927825423515 0.78374375157042331 2.0577483246541481 255 227 64 0.006523748381815327 100 596 80 944
934 -1.0125119188180685 2.0977077190096107 2.173167715090913 0 0 0 0.67795564228134708 15 376 60 1094
3290 0.21705891449292661 1.2630583419610357 1.4440838985249482 0 0 0 1.1370788978214346 48 689 86 584 100 592 80 939 28 440 57 620 56 521 8 175
933 -0.37007398229086375 1.5645427503302147 1.9790653442046615 162 173 201 0.32419945124874167 26 703 60 1071 53 628 82 589 33 669 78 561
3289 0.55961777144887459 1.1413372113165487 1.3421725440841548 187 199 229 0.0059362941944555523 100 661 80 938
932 -0.20035208156693127 1.2437119264651069 2.0071517234431728 236 186 55 0.41778543240599902 7 721 26 687 60 1054
3288 1.1942937993922 1.6740018578287623 2.8325910093778521 152 100 70 0.3479845484945408 100 577 80 930 39 572
931 0.9682813988090484 1.6009249434908481 1.3785557419947885 0 0 0 0.37890243390947376 26 685 60 1050 53 668
3287 0.3291515779254171 1.4032819527074218 3.0032838302936251 106 71 55 0.33974250935131461 75 242 80 920 25 228
930 -0.038024092378140445 1.1982701640506643 2.3342837086152666 255 213 66 1.0619942389822743 26 669 60 1045 53 679 82 667 33 743 44 739 32 820 11 531 92 693 43 433 75 567 25 609 48 755 86 710 100 723 80 1090 39 717 28 674 56 774 19 712 16 777 8 407 73 639 35 352
3286 1.2006437645963626 2.1917645725987684 2.2765656948563309 236 219 181 0.13620083993186496 100 549 80 911 39 547 86 508 28 512 57 594 31 541
929 0.60968157572237558 1.0782374248083113 1.415638198113685 213 223 249 0.27621228319857832 26 665 60 1034 53 665
3285 1.2018038653428758 2.186518409057491 2.2744389430395109 236 219 181 0.12442268973212681 100 550 80 910 39 548 86 509
928 0.65739456449464484 0.98820933244039544 1.512043213799914 209 219 246 0.53633287701867771 26 659 60 1031 53 661 64 676
3284 -0.61070716658613733 1.1970647852301091 3.2636215442497249 219 188 146 1.4941419972947767 75 412 80 906 25 425
3283 -0.95777607473236559 1.1148014973543301 3.1635246334555025 0 0 0 1.4252440418331358 100 521 80 899 31 586 57 656 72 709 22 642 56 719
926 -1.2665107315777859 1.8229086891573321 2.49469602238173 128 130 121 0.55780984935304867 26 653 55 788 60 1022 64 760 17 863
3281 0.34273963015138903 1.2911950349684231 2.1971283544601721 239 170 44 0.25324558054074203 100 307 80 888 39 298
924 0.50722008110671113 2.5124048132156251 1.9296009207942282 93 66 55 0.63910819939249597 15 685 60 1011 68 621
3279 0.30767287686183048 1.0952074817588164 2.1531553850871514 255 198 44 1.2987651174675947 100 508 80 878 39 509 57 343
3278 0.88187603591231489 1.6073604270219326 1.2904892849570908 255 251 69 1.0927428574657669 11 1 80 856 39 493 28 466 31 585 72 685 22 621 14 546 12 679 70 189 10 7 51 540 6 551 71 549
921 0.75044458574120787 1.7152319591423417 1.4736955007693495 227 212 175 2.58114999750148 95 801 60 982 40 556
3277 0.83746720526087726 1.5515109026823106 2.9129859089148353 93 61 46 0.30197187408400472 100 229 80 835 39 235 72 550 67 583
920 -0.70458949902547519 0.87266818083117637 1.9223747358485701 255 236 72 0.732798627908407 26 608 60 977 53 627 82 612 4 661 33 682 3 708 44 652 89 638 68 541 32 688 59 649 21 676 11 297 75 322 25 309 48 469
3275 1.0761304363716024 1.8534676403055363 2.6485986631550356 251 226 177 0.14222820746995424 100 452 80 826 39 454 28 410 31 427
918 -0.43702291204873278 0.94989671264429054 1.8654426935470405 255 234 72 0.24749944672980445 26 606 60 966 53 608 68 561
3274 0.58063131521976796 1.6084894737883821 2.8581980513432361 244 221 172 0.17118940831508336 100 432 80 814 39 416 28 350 57 470 31 370
917 -0.43720781923466334 0.94971756697022847 1.8649197167652156 255 234 72 0.23353377403458747 26 607 60 965 53 607 64 701 82 586 89 617 68 560
3273 0.48112180312656738 1.4406634276588577 2.7205002960250417 13 12 13 2.1267748962566144 100 546 80 777 16 472
3272 0.53242711600059534 1.8586362419432605 2.5978839901252311 248 223 173 0.16507227959071921 100 373 80 754 67 482
915 0.12780501157226504 1.4290875816969748 2.0507355207139364 206 176 59 1.736372695553928 26 613 60 961 89 583 68 589
3271 0.53677742539177253 1.8507991444626497 2.595105593559405 248 223 173 0.15121132797596562 100 372 80 753 39 357
914 -0.37047309444123977 0.97497073181973659 1.8674130669873223 255 234 73 0.058432000960627478 26 603 60 959
3270 0.93566190804213401 2.1177652386387322 2.3388971233015541 252 227 177 0.14015163394795474 100 375 80 749 39 381 28 360 57 451 31 380 72 472
913 -0.28556034722098023 1.1144235426708868 2.1263423388873406 255 237 72 1.6401878933116534 26 601 60 957 53 578
3269 0.46302451675893397 1.8418537547952625 2.6105907528900225 249 223 171 0.10976260228215313 100 366 80 747 57 414 72 432 67 471
912 -0.41381685645973654 0.90243039134475778 1.9128114291959677 255 236 73 0.19296419259317188 26 595 60 954 53 595 82 584 89 615 68 558
3268 0.55377917751889605 1.9567560262429045 2.4730162724562104 254 229 175 0.080045409626911368 100 353 80 737 39 344 28 295
3267 0.65906167780541214 2.0448407804755968 2.3871253387890463 239 218 175 0.20659521928344818 100 349 80 735 39 346 28 301 57 413 31 335
910 0.15138642081376297 1.3559687099185211 2.0712964520658659 199 170 57 1.4592767660211559 26 605 60 950 89 582 68 588
3266 0.59092664560824726 2.0275830535531574 2.403377681323966 243 220 174 0.14321353713892762 100 347 80 733 39 338
3265 0.52479987788688687 2.0070899079227877 2.4170563312446269 246 222 174 0.0056029862017335178 100 342 80 729
908 -0.45710559486316282 0.83571905652899192 1.9748749202135856 255 233 72 0.14488062031163573 26 590 60 945 68 549
3264 0.34761809760922252 1.8957549313657391 2.5069639500897543 243 213 163 0.34083406537821709 100 341 80 728 39 325 57 388 72 186 67 432 22 366 14 92 70 149 71 217 63 643 51 221
907 -0.32429768844111295 0.87565213976379341 1.9440641159094971 255 232 73 0.21997739338889441 26 414 60 943 53 576
3263 0.36677002261039171 1.719262227344597 2.4112075402587601 248 185 49 0.55105768631578311 100 153 80 722 39 317
906 0.56492797024972941 1.1553968468375246 1.3611716894944006 213 224 246 0.21009840271745883 26 588 60 935 53 547
3262 0.44939033442030207 1.5617975805451894 2.2777351482692896 235 173 44 0.64985747988693432 100 327 80 715 39 309 57 371 72 379 67 661 61 389 14 303 12 643 70 483 10 240 96 413 6 416
905 0.79070499968215302 0.86787885195863357 1.8169868492960604 175 142 40 0.42876185095006214 26 389 60 927 53 655
3260 0.98074359632006869 2.637747831197268 1.8319742062489328 108 76 64 0.46838948553050092 100 315 80 705 39 322 28 297 57 394 31 529 22 380
903 -0.78833922752593955 1.5321780298594974 2.2437574465113888 33 21 1 0.34488646933244427 7 470 26 341 60 899
3259 0.51576557976406767 1.5169742433682414 2.1907417741938495 40 36 30 0.38315680044214884 100 323 80 702 57 367 72 115 67 146 12 97 70 85 96 291 19 52
3258 0.17984931212583427 1.2409893431878434 2.3776644271282206 31 32 32 0.45798855319609155 100 316 80 700 39 301 28 260 25 141 75 146 57 570 31 289
3257 -0.88206773590123144 1.1391063874793312 2.8885847975863173 0 0 0 0.79441682285433668 100 97 80 694
3256 -0.12661660948048045 1.1722026579533844 2.4616568088263016 220 139 32 0.28639221521993985 100 107 80 690 57 348
899 0.51336161600270236 1.199264395621803 1.3129331953472447 37 41 48 0.36716047829704584 26 426 60 787 64 322
3255 -0.26175953582735922 1.1830246864436533 2.5091797613373124 188 105 15 0.20588399901624874 100 301 80 683 67 382 39 285 12 387 96 293
898 1.0172596178800901 1.5816570129285341 1.4122708282658123 254 227 67 0.071139885888333323 7 411 26 434 60 786 53 402
3254 0.50992137354482514 1.1698380071382752 2.072480714880661 94 90 100 0.2379950209990552 100 114 80 679 39 120 57 92 72 356 67 366 22 52 61 61 70 220 10 32 96 254 12 363
897 0.44735457367686671 1.3667773453837619 2.085609729701162 233 215 175 1.3673961074321819 26 589 60 783 53 241
3253 -0.21866894611464535 1.1028579495785327 2.266479676956171 254 218 58 0.24260823125190051 100 283 80 658 39 54 57 55 22 28
896 0.69417790341341767 1.0494690705907144 1.5132065467054048 56 59 71 0.21002490332719187 26 402 60 765 53 392 82 221 44 221 89 557 32 517 11 276 75 25 25 28
3252 -0.7047315975259788 1.043761175253936 2.4468285990051593 254 212 53 0.23082016680786954 100 48 80 653 57 42
895 0.73730629997630348 0.93028608257415613 1.6145532018077995 109 82 19 1.7953941695052786 26 396 60 755 53 381 4 488 78 489 54 687 3 287 89 558 68 603
3251 1.0594559966382793 1.6887604006678842 1.319480285735529 0 0 0 0.97897657609313216 86 455 80 636 28 483 31 592
894 0.83880433983810687 0.83790427106308007 1.6011763359455569 136 116 32 0.25397079042909299 7 237 26 232 60 746
3250 -0.31784140732010879 0.87520716191985592 1.9499229294846896 255 252 63 0.17181188787423857 100 254 80 623 39 250 86 199 28 19 57 18 31 9 72 11 67 29
893 -0.97724553621764509 2.0563763405615374 2.2440113165339177 113 79 62 0.3368659906887656 26 383 60 737 53 361 64 534 82 375 4 443 89 234 68 36 21 467 65 127
3249 -0.35231324893424021 0.93420267087708875 1.9027500908541835 255 244 61 0.011696926062379931 100 246 80 618
892 -0.49202543042361313 1.5043889726607944 1.9663028680074075 252 211 59 0.65497286640207264 26 333 55 200 60 712 64 469 42 309 17 234 94 156 52 681 90 69 9 599 99 803 45 343 83 270 7 460 91 308 29 147
3247 0.39093109886309307 1.4495472701223113 2.7379523352296098 5 4 3 1.9174837403936447 100 198 80 568 22 368 57 405
890 -0.54185466755757006 1.4630673002591628 2.0063006570594712 250 203 54 0.22010142724742224 26 332 60 706 64 470 82 345 53 349 4 385 21 393
3246 0.40113764523739592 1.5060887894283665 2.7341918510637035 5 4 4 1.8903228061524715 100 201 80 567 39 207 57 215 22 101 39 205
3245 0.23722813446183316 1.3682980423298317 2.5283812059937456 23 19 15 0.14937894536709836 100 161 80 511 39 154
888 -0.45352827958510966 1.495207821272619 1.9887691833299241 60 59 69 0.45457555924663751 26 330 60 698 9 95 42 303 99 611 83 79 82 337 4 378 33 381 53 494
3244 0.32883429884491727 1.6585142809871816 2.4266114534942087 250 194 47 0.13302678198187148 100 150 80 501 39 156 57 147 72 140 67 405 12 410
887 -0.45097375498751258 1.4689694896194034 2.004047900292329 74 70 78 0.2063250383681535 26 323 60 692 45 149
3243 0.35238588146680305 1.6183762793287093 2.3747298502225287 252 193 46 0.30382856162802963 100 143 80 486 39 152 57 135 72 133 67 401 22 77 61 108 12 402 70 269 10 85 96 310
886 -0.45097375498751258 1.4689694896194034 2.004047900292329 74 70 78 0.2063250383681535 26 324 60 691 45 150
3242 -0.63158903429806124 1.1538674198700416 2.8634245595023633 15 14 13 1.4786248419347805 100 118 80 465 57 93 22 61
885 0.89629453761016864 2.511217271263908 1.9960567972885115 230 215 180 0.19718187979824955 26 357 60 690 53 283
3241 0.34246723685770197 1.2786519188516836 2.1615192630161935 93 90 100 0.17214940179296911 100 111 80 437 57 98
3240 0.9887490714235242 1.3413588091429089 1.6148707066413326 254 237 60 0.33096265619797116 100 87 80 402 39 111 28 124 57 83 31 123
883 0.061464060201016912 1.4026215845449495 2.0611328708594576 166 136 47 0.055255912538489133 26 282 60 632 53 461
3239 0.67330960898944825 0.87824564855892517 1.6421945316964015 30 35 44 0.28666278140873508 100 272 80 340 39 277 28 246 31 33
882 0.92427648713185695 1.5349831272867678 1.4493858835558349 210 132 35 0.02020225691666348 26 275 60 614
3238 0.063757039266679971 1.4686403909569483 1.7017779911246336 119 125 146 0.45919886721805464 75 33 100 14 80 324 25 266 16 17
881 1.052986410455957 1.5717533243002899 1.4211552641554883 182 124 38 0.12626447501387292 26 273 60 613 53 219
3237 1.1382163200358058 1.7804972123083231 2.7012236629493525 232 217 178 0.12877173092901681 100 227 80 281 57 283
880 -0.051506247699001501 1.2790401957117963 3.0833368240926475 108 74 60 0.78523490203536872 26 256 60 606 82 474 4 370 33 568 78 580 54 639 59 659
3236 0.55501341778750712 1.5164088299363259 2.9062002707484358 232 216 176 0.20546331473110357 48 209 80 264 39 223 67 294
879 1.0336307834073299 1.4062202934445782 1.6229975652737845 253 226 71 1.6135455581454099 87 356 60 603 32 253 53 207 25 31
3235 -0.67371088708050986 1.13258954813076 3.15517720887402 149 103 79 0.026297752348400295 100 162 80 226
878 -0.71323885709147838 2.0865614050936268 2.2177315666896398 25 24 30 0.11378374205553747 26 223 60 572 53 188 82 170 33 212
3233 -0.30539860524474594 0.86817543079757553 1.9788477584855322 255 209 48 0.26579146191393616 100 11 80 21 39 26
876 -0.75409053426043182 2.0483477342698126 2.2286374904014967 64 50 47 0.16080210370926765 26 219 60 570 53 190
3232 0.7804427821269343 1.6732977236800566 2.8196088616193986 224 209 172 0.46468729874705067 54 382 44 310 89 288 78 89 3 80 32 431 11 211 75 212 25 200 100 447 11 366 48 577 86 485 57 268 31 235 39 230
875 -0.09882272050790189 2.2966934888139128 2.0491054989643378 88 63 54 0.1042035792013755 26 214 60 566 64 243
3231 0.59843725267783687 1.5475723670767776 2.8938828514591832 226 211 173 0.57888949844158955 78 114 54 408 3 120 44 337 89 309 68 335 32 451 11 228 92 328 75 228 25 217 100 442 48 574 86 467 56 492 19 473 85 241 69 327 41 172
874 0.32744722740378818 2.3878436829039029 2.0341870483293341 101 69 53 0.14018881934269589 26 200 60 553 53 158 82 106 33 127 54 112 44 72 89 165 68 115
3230 -0.14602045068653688 1.3387386955135416 2.0799717957272521 36 30 15 0.62643453974780061 32 809 89 684 11 525 75 565 48 700 100 673 68 725 92 687 43 428 86 652 80 1045 39 671 28 627
873 0.63864614894952032 2.528004711473685 1.9149963386326903 104 72 59 0.17980079948313191 15 178 26 202 60 548 53 143 82 79 33 83 68 249
3229 0.51917269981217928 1.1868149545184947 1.3070849747759481 44 47 55 0.77215895527559231 32 241 11 9 75 6 25 8 48 225 100 4 48 475 86 211 80 0 28 23
872 -1.129374287223343 1.5967566935068758 2.7171588964809752 119 122 114 0.24403775563763511 55 234 60 547 64 523 42 419 17 331 94 316 97 251 52 484 29 316 82 189 4 476 33 261 78 463 54 282 3 495 44 191 59 467 21 519 65 358
3228 0.46172024233516007 1.464672635089098 2.6785689951815601 14 16 17 2.0641403528507882 89 673 75 568 25 594 48 669 78 338 54 577 32 697 44 105 11 204 86 736 92 709 43 489 28 708 85 607
871 -1.0935209677398559 1.5890899434347301 2.7171989389676092 70 76 75 0.41728901014099762 55 496 60 545 53 184 64 521 42 688 17 605 94 538 97 462 52 997 90 370 30 397 36 391 29 493 34 324
3227 0.81420297862828994 1.9590514031466189 2.3197432206706767 230 215 177 1.0539056980868766 48 814 80 1161
870 0.003858308334274807 1.9413867220652918 2.0766602177529196 5 7 10 0.20973810414258662 24 152 26 192 60 533
3226 0.81420297862828994 1.9590514031466189 2.3197432206706767 230 215 177 1.0539056980868766 48 813 80 1160
869 -0.73004607944288979 0.95316023337330613 1.8514883811347418 255 229 71 0.51526432962479563 7 103 60 517 53 175 64 192 42 152 52 46 82 162 4 169 33 403 54 213 54 453
3224 -0.64531484494505098 1.1158693968049251 3.3674298842620609 0 0 0 1.4400483840449696 25 649 48 804 75 622 39 767 100 771
867 0.69867227523285191 2.1116486660294473 2.1610434494105268 225 209 172 1.4454415668717087 26 175 60 510 64 90
3223 -0.70575375376018179 1.094830953774353 2.5372057718864549 187 178 174 2.2926102081716069 100 766 80 1148 39 768 57 798 31 710 72 837 67 899 22 705 14 622 61 721 70 695 10 485 12 834 6 683 51 650 71 612
866 -0.63944656777509168 0.91401256904513095 1.8849690632714386 172 130 41 0.22472827299324075 26 149 60 501 44 157
3222 -0.76517450111431606 0.83003732811120901 2.3603310065412235 0 0 0 1.1090024994373056 48 793 100 765 28 720 31 705
865 0.045170849465271362 1.3954473677966188 2.1281777935953015 170 139 48 0.088616158216329038 26 148 60 491
3221 0.39355886844073551 1.1990961281403771 1.3936132463744737 0 0 0 1.311379533344603 48 792 100 751 39 734 28 664 31 612
864 -0.29330252729591855 0.88033209295088066 1.9572924766517938 255 235 72 0.33980170264715398 26 86 60 465 53 134 82 125
3220 0.39017556363707684 1.459069886837586 2.9610834066088421 112 76 59 1.770823899765285 75 587 100 748 39 752 28 709 57 786 31 693 67 854 56 783 19 758 16 785 51 622 63 807 8 390
863 0.95912145371106727 1.5265884926257838 1.4624111020039696 254 235 75 0.087474775085087886 26 126 60 457
3219 -0.33466601676269692 1.4085944317442105 2.9160620203186229 32 30 27 1.8842371484593534 25 614 100 745 80 1130 39 760 28 702 57 790 31 703 72 820 67 876 22 692 56 828
3218 -0.69732426690255112 1.1868561224327756 2.9143987556646054 36 34 34 0.46816179277415038 86 706 100 743 80 1120 39 749
861 0.95701537061068664 1.5030955140523099 1.5214841287624661 206 131 34 0.042809277744714234 26 113 60 448
3217 -0.28460912694112483 1.2824065035068248 1.8235251689819079 0 0 0 1.020939989000754 25 601 75 596 100 732
860 0.67303163946744116 1.1872350949700554 1.4083843001521952 116 98 29 0.092337288937602818 26 78 60 436
3216 0.48135532732597974 1.1604497746002307 1.3127049080308408 0 0 0 1.7010535789953578 48 739 86 703 100 702 80 1030 39 651
859 0.98816679838019184 1.3850374808795103 1.5819036545506138 198 130 34 0.07106390360254855 26 69 60 424 53 42 44 21 32 42
3215 -0.16780045029879839 1.3960198671661526 2.9903686712821944 222 205 166 0.25680981896408372 48 728 80 993
858 1.0144403697148765 1.3410575828681879 1.6334538707794606 201 125 31 0.18178543291579743 7 47 26 56 60 411
3214 -0.56150406575994904 1.2757129231762603 3.0643469268128332 213 196 157 0.51020590129856747 48 722 100 689 80 1061 57 660 72 716 67 753 22 585 70 505 19 666
857 1.0340668787425376 1.159446647718148 1.8008193273594566 254 219 64 0.20540425451890115 26 17 60 375 53 8 68 130 89 46 43 110 92 186
3213 0.95974983644175826 1.5564178357803895 1.4424767165735419 255 229 62 0.62928468654281788 48 709 100 676 80 955 39 680 57 707 31 624
856 1.0603649322900885 1.1593787912905527 1.8051287227168622 172 105 29 0.20863248512995186 26 13 60 374 53 6 89 32 68 133
3211 1.2599313465967141 1.7133367896124383 2.8037216940491936 137 91 65 0.56164602972877875 86 637 100 654 80 1071 39 647 67 827 70 639
854 -0.11487184903340711 2.2698217275815185 2.0793892471915125 87 62 53 0.30504123979692055 7 230 60 343 21 168 59 126
3209 -0.43883877940256644 1.1280758505457835 2.6338667977832686 52 36 10 0.31289366414773678 25 485 100 622 75 381 39 507 57 653
852 0.54007079350538811 1.3533765808926492 1.5053277000633793 122 106 40 1.6909988293387568 55 51 60 103 94 35 90 15 30 21
3208 -0.41768820009921082 1.0232046337803393 2.4429910603175293 254 236 62 0.46998453850487348 25 556 75 532 100 617 80 973 39 609 57 643 72 608 67 644 22 513 12 372
851 0.69166068116457835 0.89148357731200556 1.6259290144551828 195 204 231 0.24127978497418379 26 7 60 18 89 147
3207 -0.67916812616417666 0.91475610146339581 2.3765165378817432 184 188 212 0.82464833932572701 86 576 100 609 80 1044 39 662 28 547 57 698 31 615 72 741 22 619 14 497 61 627 70 559 96 455 6 613 51 550
850 -1.1883491876583434 1.9250769456716035 2.4077984591685206 110 114 108 1.3851637356311857 7 829 26 788 95 953 40 941 87 971 60 1166 53 785 55 919 9 927 64 892 82 771 33 850 78 843 54 872 3 847 59 811 21 837 46 783 65 644 62 396 74 383 5 452 37 371 38 386
3206 0.63496432323919572 1.1390251995466552 1.3973345348716122 30 30 0 0.49870074443375378 86 664 100 598 80 941 39 660
3205 0.82542295234410801 1.5522460166220462 2.9928158905686835 0 0 0 1.5441154871562242 75 388 100 570 56 711 73 566 8 332
848 1.0552126276784439 1.2130180135000712 1.8889836354964484 184 116 32 1.1704382309995587 7 832 26 795 60 1174 53 788
3204 0.32026197949550794 1.3867065433961421 3.0425421757004001 221 190 149 0.81668171635549369 48 570 100 557 22 547
3203 -0.36100717826753392 1.2310658428369157 3.1959071258138918 208 178 138 0.22557412801250099 75 409 100 537 22 533
846 -0.086781718184324258 1.4965189994246877 1.9685752411274544 85 64 12 2.092524334531642 55 894 26 761 60 1138
3202 0.30805073606671401 1.0494492733516865 2.1143019281337012 10 11 12 0.083525733776373776 48 524 100 506 80 870
3201 1.1066320806215377 1.5960638438330672 1.4136687687597551 0 0 0 1.2886862003506383 25 243 100 500 28 488 48 511 57 561 31 505
844 0.75343635786872176 0.96139700891632296 1.5711862836308068 146 129 37 0.32050535205088632 7 783 26 752 60 1145
3199 0.87541579922964841 1.552284840120248 2.8437176448124952 149 99 70 0.23962652902617648 86 403 100 462 39 453 28 403 57 504 31 413 72 545 67 577 22 429 14 349
842 0.89544295653308692 1.694534692417432 1.2540314950515012 0 0 0 0.98622313590401378 7 732 26 739 60 1136
3198 0.29750823227227841 1.3882881350997336 2.9904427117217103 155 101 72 0.78200088423920888 25 227 100 420 80 808 39 385 28 302 31 331 67 291 56 504 16 506 8 121 35 146
841 -0.35014965219628569 1.2223356117792123 1.8590618394609053 241 188 47 0.34905022728020968 7 767 26 738 60 1057
3197 0.3570765613600474 1.4723198651887566 2.9125192779642686 114 76 55 0.62249367041073378 75 232 100 412 80 798 67 514 22 126
840 1.0596094009108941 1.5779637900140024 1.4223184076135009 181 124 39 0.44541876922993096 7 761 26 729 60 1105
3196 0.49149139087462013 1.6325960388138407 2.8213714670187833 247 223 174 0.11062230193042058 86 301 100 411 80 795 39 392 28 321
839 -0.68590937105548155 0.74390152574612467 2.0866543362701169 255 234 72 0.4985268001274305 7 751 26 728 60 1107
3195 0.54687070616966582 1.5423273028902869 2.764911994395626 247 223 174 1.3135736853161961 25 196 100 410 75 374 39 393 28 322
838 0.3073904812947158 2.4295806445579067 1.9478037665600025 96 66 54 0.78208103250105176 15 751 26 712
3194 0.72905843554130922 2.0665871897175081 2.3816416835122536 251 226 176 0.2648879995657436 75 81 100 357 80 547 39 352 57 221 31 348 72 242 67 257 22 165
837 -0.80184916934362271 0.98913894806412961 1.8369546911547965 255 227 71 0.33985684111530301 7 723 26 697 60 1066 89 701
3193 0.21605392130730777 1.2525172475472552 2.3735866037462539 210 213 234 0.31557479222446305 25 351 75 360 100 320 80 701 39 515 48 331 57 360
836 0.96952822327641175 1.6046505025870452 1.3831841367732025 0 0 0 0.40903380548990326 7 638 26 684 60 1049 53 667
3192 0.65807335851328108 0.95111635471141565 1.5516017530018964 16 16 16 0.24512730879329786 92 459 100 264 80 320 39 268 86 440
835 -0.59863423486421286 0.84749418007759303 1.9385995196396353 255 232 69 0.17900492029494636 7 614 26 676 60 1051 68 640
3191 -0.5913699517392299 0.80156133066279378 2.0046135936432385 255 247 64 0.066570478074655451 48 232 100 241 80 314
834 0.22832470031486085 1.3539870497820794 2.1075928425815449 100 59 16 0.51097667826728854 7 630 26 675 60 1047
3190 -0.40429049744440326 1.0306481101473379 1.8000469110170803 255 239 71 0.18079572060994809 48 470 100 235 80 605 39 248
833 0.67548610345623827 0.90795204908084071 1.5899255757341515 194 204 229 0.25815339399099646 7 601 26 658 60 1028 53 659
3189 -0.45819106321791503 1.0007038513774347 1.8183464189362482 255 246 66 0.055981737773333838 48 218 100 234 80 306
3188 -0.25073988053684015 1.1228985512203762 2.3782916851350948 254 227 62 0.27096730918659118 48 80 100 85 80 113
831 -0.42923893215361553 1.1604478312572708 1.7726833823991619 54 68 95 0.26724158904867795 7 725 26 629 60 993
3187 -0.39306693114216795 1.0598427894550082 2.421757133620555 254 221 55 0.43396942515952236 86 209 100 78 80 109
830 -0.27430029772276621 1.3251135223066104 2.0493702936940865 9 8 10 0.96548311323831137 7 644 26 625 60 985 9 576 91 281
3186 -0.1075379636405546 1.4298341754366906 2.028905369009852 220 182 61 0.11565416201368948 48 254 100 42 80 376
829 -0.35615015276675077 1.1020069514911248 1.7855596532078279 148 104 19 0.40201658905438292 7 635 26 618 60 806
3185 0.64126070749410968 1.4840367864136614 1.4163303717791631 255 253 65 0.32033036777682705 86 230 100 18 80 20 39 44 28 245 57 40 72 24 22 13
3184 0.74955701071870473 1.4203779510515595 1.20859029004783 255 163 31 0.27138804853781223 80 305 39 32 57 301
827 1.1166139522265195 1.2597588236371315 1.6935598488575849 185 32 0 0.55886644708327515 40 758 26 574 60 929
3183 0.58692679747468246 1.07548876967797 1.4002669558496286 189 201 232 0.31860846123739656 48 250 100 9 39 257
826 -0.10998570991517595 2.2439313218466785 2.1274867122992971 44 36 35 0.30360160873461289 55 693 26 558 64 638 42 807 17 758 82 478
3182 0.5773600989738249 1.1189536534398794 1.3821487046390846 14 14 16 0.34394670190193199 86 219 100 8 39 256 28 238 57 21 31 264
825 0.31840684378751299 2.4072365216935201 1.9759664086308257 104 71 56 0.53577525511074586 24 615 26 557 60 905 82 292 4 94 33 336 78 86 54 106 44 68 44 249 59 69 21 122
3181 -0.19709033376662757 1.3087537194737098 2.1317276732307895 250 199 56 0.77449966588427144 32 769 11 484 75 513 25 538 48 703 92 685 86 586 26 688 53 691 89 595 100 675 80 1047 39 603 28 568 57 641 31 471
824 -1.0239123688625533 1.6014712739454098 2.2417077349770942 119 120 112 1.3285363582044045 7 520 26 551 60 729 53 522
3180 1.5167854268350918 1.7702738459553287 2.8041288593583311 164 116 89 1.1030607294309447 40 534 95 535 87 552 68 619 32 676 92 665 43 402 86 642 44 448 48 684 80 1024 39 581 28 611 57 613 31 560 67 778 14 535 70 643 10 427 56 706 19 664 8 325 35 241
823 -0.99865880648568583 1.5828173328042054 2.29868815204915 55 59 73 0.67445517415773149 7 673 26 547 45 559
3178 -0.33184443284059906 1.2725403054267947 2.1277673831664696 252 204 52 1.1533833258635748 11 550 48 748 86 700 92 734 43 475 100 712 39 705 28 668 31 688
821 0.16187698175461859 2.0075164947449129 2.0091855730353227 17 17 18 0.14516736828041635 7 514 26 535 60 889
3176 0.85999518182414725 1.6137206942487889 2.8228368619794764 104 73 61 0.17000567703357619 44 91 32 175 86 179 53 49 33 96 89 152 92 169
819 0.59191764280846515 2.1980476862832736 2.2723412054841012 233 215 174 0.17566534981591475 7 492 26 486 60 831 42 579 17 490 94 221
3175 -0.08655278192136992 1.3858422877912204 1.4186658788004265 0 0 0 0.64388211215050695 48 812 86 765
818 0.80590875610601431 1.7163002338980455 1.4383840255999607 233 216 177 1.3405521642138325 95 804 26 450 40 784
3174 1.2852373885716648 1.8825768548970474 2.6441035671045774 231 215 177 0.48195760214702765 92 788 28 737
817 1.0240333568614646 1.6908924467587267 1.3057183443269123 254 238 78 0.48188865224520577 7 425 26 443 64 564
3173 1.2852373885716648 1.8825768548970474 2.6441035671045774 231 215 177 0.48195760214702765 92 787 28 736
816 1.0240333568614646 1.6908924467587267 1.3057183443269123 254 238 78 0.48188865224520577 7 424 26 442 64 563
3171 0.73001941579897156 1.6027647389653583 2.8736598891836596 110 73 56 0.67788357467379801 48 783 86 737 100 749 80 1121 39 753 28 710 57 787 31 694 72 808 67 864 22 679 12 804 61 688 70 676 10 448 96 564 19 757 56 814 16 805 51 640 8 415 73 645 35 390
814 0.043543593427565863 1.3956283197587249 2.074306010599138 171 138 47 0.52016975868468596 7 418 26 439 89 489
3170 -0.1883389297807451 1.2305605333884821 2.2964993720704499 255 232 60 0.42818321670128801 48 775 86 731 28 699
813 -0.50622682236615946 0.92730957572082906 1.8736954410441329 255 224 68 0.56190583682818052 55 731 26 435 53 613 64 706 42 746 17 671 82 488 89 514 68 424 92 398 43 146 86 194 39 247 28 231
3168 0.77436533645142247 1.6755212566773214 2.7899689974509179 221 203 162 0.79335268547288962 32 816 86 720 28 685 14 599 85 612 41 608
3167 0.18730389112063697 1.4003639351841564 2.964768536301821 134 90 67 1.3244939078998712 92 741 86 717 28 683 31 678
810 -0.66294482007605537 0.78133442685847931 2.0257947234220608 255 237 72 0.74346781526341399 55 302 26 420 60 795
3166 -0.14679137101999065 1.309437621360531 3.0262678331025068 101 70 57 0.13002783633274223 43 434 86 716
809 0.99438279322928436 1.464464926096819 1.5140115368864491 255 231 67 0.2288594974905292 7 279 26 418 60 778 44 412
3165 1.0548351541474292 0.93927891446045764 1.7837208997121801 255 253 72 0.44425367505337621 48 661 86 628 39 685 28 600
808 1.0679534042145347 1.3262098355538812 1.6650472091233972 254 230 67 0.2739009446160352 7 256 26 405 60 764 53 380 44 201 32 515 75 274 25 264
3164 1.0325657549262719 1.6522805062123824 1.3381811358367168 255 223 64 0.062278176480088709 48 497 86 619
807 0.91500641622923862 0.81472984111809621 1.623409342074241 154 92 17 0.81094517111976783 7 236 26 387 60 744 53 528 9 0
3162 0.52949088731542504 1.2205395624009046 1.2824737669781847 189 201 229 0.32292613812451804 48 474 86 588 39 476 100 478 28 444
3161 -0.40084160421086446 1.2485307824700569 1.7755491253165288 197 204 232 0.26746753473807289 48 616 86 573 85 553
3160 1.3209951202525951 1.8122916217945011 2.7027441266766612 243 224 180 0.23635537687484481 48 603 92 583 86 560 28 534
3158 1.0507587908292408 1.7336436361488579 2.7517636283371099 227 211 173 0.28361196791576776 48 590 86 529 100 565 39 562 28 520 31 546 85 430
3157 1.0717628390302509 1.8528126270627587 2.6490827063625768 249 227 179 0.24968952305104775 48 580 86 523
3154 -0.83857491230597336 0.93461243278606332 1.8282903460630251 0 0 0 0.62178569336405964 48 466 86 415 100 476 39 472 28 433 85 370
3153 0.3986772963185985 1.5081135521646265 2.9030941732903792 139 92 67 0.36523875831583053 48 206 86 287 100 212 80 257 39 219
3151 -0.93790847564639601 1.2065525507882253 3.295403787011586 143 97 74 2.0896776969205728 48 153 86 216 100 329 28 594 39 625 31 589 22 643
3149 -0.52814981064077438 2.1365002176297123 2.2383893082740869 35 27 27 0.68594120581445805 78 391 59 168 92 264 64 750 42 925 94 688 97 573 30 414 36 402 29 706 4 669 21 695 95 565 24 489 40 557 87 587 15 392 93 483 7 224 26 377 60 732 53 514 60 915 9 506 99 514 91 187 82 493 33 582 89 351 68 455 43 29 34 526 18 101 49 138 81 204 1 444 23 551
3148 -0.3653485830161064 1.5625189557893897 1.9723015774018164 151 161 185 0.84454961513797577 89 599 68 582 92 616 95 778 24 737 40 762 87 800 15 720 93 728 7 661 55 758 45 541 9 602 64 733 83 279 42 564 17 460 94 153 52 684 90 73 99 810 91 540 29 129 79 269 43 347 86 420 13 467 49 565 2 458 18 481 50 203 66 206
3147 0.57095859821660466 1.3666022781010942 1.239137921087895 141 122 36 0.36621208462086063 42 856 17 801 94 711 97 596 52 1034 90 439 29 649 34 365 30 435 36 414 77 123 58 295 81 137 1 337 47 4
3146 -0.83683616710730724 1.2155440818014653 3.1278775855638568 191 180 147 1.616957378706996 29 840 34 643 82 766 33 849 78 841 89 772 44 803 68 754 32 865 59 810 33 847 21 835 11 587 75 621 25 648 48 807 86 750 100 773 80 1149 39 769 28 726 31 707 57 801 72 831 67 897 22 691 14 611 70 698 46 784 54 868 56 850 19 821 16 848 65 643 77 354 58 555 81 380 1 555 47 237 81 377 71 589 63 803 74 382 62 395 38 385 5 451 37 372
3145 -0.73028668932612995 1.0742327387058999 3.1969819288553509 152 103 78 0.78631944894708039 17 849 94 737 97 627 30 348 36 476 29 702 34 571 53 690 64 791 82 682 4 745 33 763 54 750 78 705 3 735 44 675 68 537 59 724 81 269 58 362 1 490 47 129
3144 0.86789692875284685 1.8618044875772077 1.8014759198258723 0 0 0 2.1819070918623318 29 844 34 651
3143 0.45357590444041451 2.2819057003876853 2.0106968926394804 214 196 156 2.0888603234698433 34 647 81 373 1 550 47 234
3141 -0.93835521786024767 1.7582349684026182 2.3873007309153564 14 18 24 1.6398341262863607 34 641 58 542 77 349 81 376 1 552 47 233
3140 -0.80467597018136727 1.6220405284755213 2.2108911943421137 28 32 45 1.1807349276254102 29 831 34 640 77 352 58 547 81 366 47 231
3139 -0.71077948468012386 0.82250047328912002 1.9376051160483931 238 207 65 0.38127856023038115 29 835 34 639 55 911
3138 0.8798666565175477 0.81147107935184659 1.6698975120268285 134 116 48 1.454242392434641 34 619 81 343 1 529 47 203 74 365 62 378 38 366 29 820 5 438
3137 0.45769124552657786 1.5575710538176446 1.6422214934836001 0 0 0 1.5144878339508441 29 791 34 602 77 304 58 503
3136 -0.8986023019343421 1.3404895290775325 2.1650079118152687 130 116 38 0.55119900803938648 29 746 34 596 81 349 1 520
3135 -0.73155127824140165 0.93252741436030651 2.4524824543096466 0 0 0 0.72036698840483337 29 782 34 588 77 307 58 507
3134 -0.47005556275013094 0.90278411680044834 1.8469216609987249 219 181 53 2.0481564190547035 52 1241 34 581 47 87
3132 0.49438107108567797 1.2556086953837478 1.4361874113885587 120 100 43 0.53439272096220924 29 653 34 548 81 229 1 343 47 79
3131 -0.70437817361067423 0.89382053886832091 2.3801663522608267 158 168 198 0.54355147223578548 29 555 34 497 58 225 1 427 47 37 62 295
3130 -0.69359595518168993 0.72080626172469631 2.0993360890650998 255 236 81 0.57461720253099557 29 670 34 484 81 152 1 351
3129 0.31261005732561553 1.5125470186351431 1.6554983005828967 99 85 24 0.70306411469332941 29 665 34 483 81 154 47 90
3128 0.58761973535266088 1.5015092962737697 1.5227328249145728 0 0 0 1.8287883906294931 29 731 34 479 81 289 47 88
3126 -0.22941766264530625 2.341326345374906 2.0498017791492709 88 88 82 0.91902204551717881 42 821 34 430 81 198
3125 0.067313140083253314 1.9930279727114675 2.0383335277904107 57 62 82 0.9449710823805898 29 578 34 411 47 52
3124 -0.74469217982348468 0.98510933518107013 2.4842823174576307 254 243 84 0.27760199442692368 29 572 34 407 58 333 47 44
3123 -0.70450215730317078 0.89989886185753809 2.4446745863962325 0 0 0 1.1160852723344599 29 561 34 400 81 250
3122 -0.25432526772566477 1.5124482457539601 1.9660503779782741 238 198 56 0.035547650623092744 29 736 34 394
3121 -0.25389701145891019 1.51354302498128 1.9664864262652486 238 198 56 0.18669296452528092 29 737 34 393 81 29
3119 0.60066708451488304 1.1451245437842108 1.8509153629199251 160 133 51 0.24466224566794911 29 534 34 376 81 234 47 19
3118 0.6782894994562777 0.88064254449917478 1.6630424513276449 33 34 38 0.53819187887051689 29 524 34 359 81 136 1 405 47 3 74 213 62 203 38 217 5 239 37 147
3117 -1.1055544264214141 1.9622840557725545 2.3631737975803775 76 80 75 0.11818674444018758 29 511 34 348 81 126 1 328
3116 -1.1434070802442371 1.5706566046558081 2.7419766518524389 72 77 69 0.34699499740835194 29 497 34 331 77 111 58 283 81 122 1 329 74 116 62 113 38 114 5 120
3115 -1.0219532730140595 1.6070183006441503 2.706793547053707 69 74 67 0.1378976843541975 29 486 34 316 81 106 1 321
3114 -0.88406258717163877 1.7235577052623883 2.632604962284308 87 92 86 0.27742981612343787 29 480 34 310 81 99 1 307 74 201 62 188
3113 -0.91697752510625818 1.2958633287991987 3.0350216412825808 98 98 85 0.53703889525361581 29 470 34 298 58 131
3112 0.0028098273298848564 2.3235122199375233 2.0285098531388659 85 66 61 0.056493519913403692 29 590 34 268
3111 -0.76787688497822049 1.0403056635666665 2.4524936364014653 108 80 15 0.29851376675855018 29 160 34 252 77 56
3110 -1.1281000964601873 2.0469416922153632 2.3735050767666857 141 95 67 0.23057775828295479 17 389 34 210
3109 -0.91520693498645667 2.0530405669630745 2.2048341083353136 111 80 62 0.27448410535634488 29 496 34 176 1 132
3108 -0.92196452633006221 1.6536415619537914 2.7831194092666318 109 111 102 1.6427113735018317 29 303 34 175 1 171
3107 -0.87461000628080288 2.0502662554566142 2.212772580565622 33 23 19 0.26815215018140687 29 312 34 172 1 121
3106 -0.79210222083876802 1.3657415274601949 2.9645227011569584 122 119 107 0.30965061461122562 29 252 34 141 21 472
3105 -0.75623898753586272 1.3446425697745144 3.0206238766243012 76 74 63 0.36958707511434863 29 247 34 139 1 118
3104 -0.6870108873764853 1.3644548689188405 3.0031923229698148 62 61 53 0.24592975853035326 29 237 34 128 1 113
3103 -0.66740162242954393 1.2167107676201829 3.1213934831378083 49 32 21 0.37259630852223324 29 225 34 117 1 105 38 92
3102 -0.61340433839985953 1.8689836448980368 2.2452564642142376 59 64 75 0.23919502401458431 94 518 34 111
3101 -0.62758517296179084 1.1506941571885894 3.1491074186435646 50 30 20 0.31025505959163091 29 218 34 108 1 90
3100 -0.031930249713330444 1.4278055290127394 1.8008758332177237 94 52 5 0.332443173803395 29 79 34 40 1 227
3099 0.43081352549058927 1.0513682848520682 1.8903312573159003 44 42 46 0.40669499465350972 29 25 34 23 58 25
3098 0.58258104728265403 1.3061981952682304 1.3344568275424304 99 81 17 0.31614983222094734 29 366 34 16 1 11
3097 0.87162393669426474 0.79505994123762391 1.6712160655434343 124 90 15 0.51790625567005744 29 0 34 0 1 0 65 185 74 0 5 125 37 0
3096 0.60680579297171744 1.0471663204050465 1.476430953973217 24 30 40 0.79435292589080964 75 422 25 434 48 628 32 740 11 469 92 706 43 449 86 665 28 561
3093 1.2624615183808254 1.7388622433226666 2.7546152855146855 227 214 180 0.61852681467364423 24 207 15 321 93 180 92 379 82 23 33 36 78 41 44 252 32 388 43 122 48 607 92 565 43 271 86 635 80 928 39 645 28 609 57 682 31 607 72 573 67 593 69 539 56 480 85 367 23 211 41 266 98 319 76 304
3092 -0.65161885250450813 1.2132384185916245 3.1356526155994011 85 60 52 0.92355243068326287 4 679 33 692 78 700 54 747 3 779 44 672 32 731 59 673 11 388 92 243 75 490 25 513 48 340 48 724 44 756 32 794 86 41 86 668 100 633 80 903 39 628 28 595 57 578 31 596 72 389 67 413 22 335 72 634 14 301 56 512 16 643 85 189 85 571
3091 -0.488727084038036 0.98559024705248843 2.2814815717182921 9 4 2 2.2652034436392641 25 640 75 611 48 795 32 856 11 573
3090 0.8826394872428871 1.6008315242999063 1.8682600516102852 0 0 0 0.025615976027141101 43 542 92 798
3087 0.2915242460150812 1.2804020384253765 2.3285192726090953 187 189 205 0.36095951809332538 25 632 75 604 48 788
3086 -0.33078627419352025 1.2471702952116581 3.0761566805873635 107 74 61 0.67912672817589714 25 616 75 589 48 782 86 715 100 746 39 728
3085 0.6493764583316316 1.1487525219992261 1.3760376896983963 137 109 24 1.3208142961389138 11 558 48 770
3084 0.61779194906287183 1.571469169779504 2.8703805139487581 222 205 167 0.9093100912881007 25 595 75 570 48 763 86 719 100 728 80 1099 39 731 28 684 57 763 72 786 70 668
3082 0.51965095353120416 1.5286280538314754 2.9061914529931823 229 212 175 0.67362314930953049 92 638 48 734 86 632 80 1004 39 644 72 664
3081 -0.19687496092120724 1.1602845906001826 2.3394607897361692 183 186 204 0.10065091001379943 25 548 75 526 48 714
3080 -0.70015043859554271 1.0007049010773441 1.7946093044526961 255 230 72 0.094704738294838206 75 504 48 687 25 530
3079 -0.80596758756593445 0.97931181980431048 1.8326851926923653 255 228 73 0.28595469749933988 75 559 48 686 25 585
3077 0.45552963511329236 1.4721767897928484 2.9663136221553348 109 75 60 0.032816810668290806 75 477 48 677
3076 0.52510783244738635 1.4661265261528358 2.6952423894956135 227 209 168 1.6711596237169539 32 696 48 671
3075 -0.30443768854405462 1.2174022436112235 3.0975144054396937 51 34 30 0.076980170786403124 25 566 48 664 86 614
3074 0.15992024321897536 1.100879890105031 2.0517666105625039 159 129 45 0.1398902556514374 25 462 75 447 48 643
3073 1.0028072686062757 1.4775037253017913 1.4755282440889361 150 102 76 0.41842333205217852 25 247 48 635 75 261 86 684
3071 0.96496821527869647 1.6241548243327968 1.3908532035855965 16 16 0 1.0441293337523236 11 391 32 637 48 630 86 618 39 502 31 498
3070 1.1551467954878136 1.6563320624837814 2.8058247116668968 150 100 72 0.26173511256675286 25 197 75 209 48 606 86 550 100 574 80 927 39 570 28 527
3069 0.64839922173698872 1.4543844244351189 2.960543397329416 158 136 107 1.3454954203310161 25 397 48 589 39 556 31 534 14 461 71 477
3067 0.57485400558810829 1.6158114107134591 2.8592234837116428 234 215 176 0.33418864926107006 25 209 75 220 48 567 100 433 28 351
3066 0.32200374406807741 1.4297453992827966 2.9983172572007346 90 60 50 0.70884831586039732 25 401 48 564 86 629 31 644 57 726
3065 0.69092226028977388 1.6907507956254704 2.7831279328622949 239 219 176 0.23348163324119722 11 361 48 563 86 468
3064 0.62096586824608613 1.6802290548054126 2.8015014462245356 243 221 175 0.088552152739015497 11 363 48 559 86 335
3063 1.0219796501635117 1.5989655043242483 1.3641767381591472 110 0 0 0.29644917216733679 32 488 48 502
3062 1.0219700112019126 1.6096311022389922 1.3689591188349379 110 0 0 0.92478428181995342 32 487 48 501 86 454 39 504
3061 1.3073371642055331 1.7121692867162002 2.8555959058718239 219 195 154 1.225618041891789 25 374 48 464 100 584 80 933 22 602
3060 1.1740868346409707 1.6344154537030839 2.8634186296748192 221 191 148 0.77998487302355157 25 380 86 413 39 573
3059 0.91737541349407026 1.535189257157646 2.8563405302644544 80 53 41 0.040139715375213901 25 215 75 224 48 460 86 183
3058 0.79312078064349389 1.540395637743335 2.9049489632207148 101 68 56 0.31973931171435915 25 389 75 230 48 456
3057 0.50252704530737435 1.5951101492015534 2.8626104531892311 225 209 170 0.11402469192897792 25 213 48 440 100 421 39 404
3056 0.47326757827397403 1.5262599932064029 2.7825260351777139 232 214 171 1.6048009534294587 75 215 48 416 25 201 100 402 80 785 39 379 28 503 57 590
3055 1.1499550940960921 1.0683874093820298 1.854547943287904 255 254 70 0.58377656048523308 11 89 48 372 86 465 39 323 100 631
3054 -0.46237852937361523 1.195614714063429 3.1374200453610457 143 95 70 0.67420578638059958 25 420 32 480 75 407 48 349 100 350 80 743 56 648 16 640
3053 -0.72483934342107348 1.1720698812788566 2.8531872551069397 131 129 118 0.97577866118808076 25 225 75 240 48 300
3052 -0.40115491498907907 1.0155973732294343 2.4485985556504164 254 236 63 0.10846979085556389 11 155 25 175 75 196 48 284 31 274
3051 -0.23340723564868357 0.96201322601363826 2.1052834054603093 255 250 65 0.19552302991076856 11 82 48 262 86 207
3050 -0.25382165063348039 0.90346531361172278 2.0591325781163632 255 246 65 0.32110142242021716 11 77 48 258 100 261 80 635 39 260 28 21 57 305 31 259 72 313 67 331 22 291 14 260 61 352 12 341 70 196 10 18 96 231 51 143
3049 0.81392348555419991 1.548387063987883 2.878860076100743 107 73 58 0.20279180482814932 32 188 48 212 86 178 100 224 39 233 28 212 57 272 31 238
3048 -0.024645265059537597 1.2538121911043674 3.0475579925228113 77 55 49 0.12540773174681139 25 231 75 244 48 202
3047 0.14856987325527032 1.4403784678926486 2.9574342701487586 94 63 50 0.40796951042485435 11 229 48 201 86 137 80 249
3046 0.70494790466519908 0.88168562584175303 1.6417739502655704 67 68 71 0.28744287739522267 32 97 48 92 100 51
3045 -0.33563860361007136 1.0346243346561657 2.4313506077653644 255 247 64 0.19531304741745267 25 167 75 186 48 85
3044 -0.33563860361007136 1.0346243346561657 2.4313506077653644 255 247 64 0.19531304741745267 25 166 75 185 48 84
3043 0.17792137026041013 1.1142982341236245 2.0635231258756015 160 126 39 0.60026581317516914 44 102 48 82 100 77
3041 0.94049666322956238 1.4341779648943804 1.5201353277922087 254 238 62 0.095513714508109915 32 33 48 68 86 116
3038 0.51458052886030825 0.88335174615923973 1.1062635328861807 0 0 0 1.5093910193343958 75 590 25 600
3036 0.49481697205764719 1.5374833585765741 1.3888686237750989 0 0 0 2.1729803231413154 32 495 25 572
3033 -0.39156549607120295 1.2196154948924747 3.1292316953288726 148 99 73 0.34497449977270678 11 240 25 416 86 238 100 356 39 316 56 646 19 487 16 638
3031 -0.034431214309032704 1.4308381594954871 2.0115377506793273 165 137 48 0.1665665027466903 11 410 75 307 25 298
3030 0.71273278432989084 0.91153491278439214 1.5953336635085171 128 99 22 0.13965317946452455 75 34 25 36
3029 1.1822603984566802 1.3599988191357901 1.633994737321552 255 234 75 0.065692254705583902 32 506 25 33
3028 0.73027385913807463 1.55178412821665 1.5291448890933108 166 136 35 2.0392044382612204 32 842 75 591 25 618
3027 1.1994949527263294 1.3336819114306757 1.6725930064290151 255 237 74 0.19289601997089062 32 513 75 275
3026 0.96713400681441442 1.5365188472368838 1.4623449769668231 255 229 67 0.17227491866862954 32 494 75 11 25 246
3025 0.90376664476911339 2.118627542751069 2.4342273618984169 241 220 177 1.2790777092977099 11 596 32 874 25 655 75 629
3024 -0.56642877729821572 0.99001809478470482 2.0079458349434884 255 223 67 1.6750898558832386 11 593 32 872 75 628 25 654 100 779 39 778 28 738
3023 -0.64739772303829735 1.1828222645485946 2.7898187690321592 16 16 20 0.72004732014992323 89 762 75 615 25 645
3022 1.2616292638224258 1.1597629722125007 1.8637901128606686 179 128 40 0.16950059772786286 32 834 75 576 25 602
3020 -0.67368153969440114 0.71571094864744389 2.080931209298222 255 233 73 0.040111892505260011 32 822 75 566 25 591
3019 0.08014116076244715 1.4777679993675532 1.8722493493897567 206 177 61 0.60401201393967896 11 473 75 556 25 584
3018 1.1029672629366969 1.4923168507102902 1.5230736261552944 180 118 31 0.17822625889126367 11 519 75 548 25 575
3017 0.63857631235124113 1.2982134063794053 1.1203493077642108 252 239 74 0.73528496965027912 3 740 75 544 25 568 46 670 16 758 8 349 73 587 35 168
3016 -0.57159714827024388 1.2860604068058263 3.0700297803532912 220 207 168 0.72955295668430931 11 511 75 540 25 564 48 723 100 690 80 1062 57 661 72 717 67 754 22 586 56 718 19 482 8 266 73 495
3015 -0.14295455388106362 1.2581223847284013 2.2318532938243134 255 220 64 0.6869962296011104 32 772 75 519 25 469
3013 0.01886817730942808 1.4512760260645612 2.0057577841070122 163 133 41 0.52439760403232571 89 589 75 509 25 453
3012 0.57132034386726449 1.3221612921497436 1.1951902744084903 145 128 37 0.51928489580312542 32 735 75 417 25 432
3011 -0.8527096841992432 1.1618685761596836 2.7231573240302862 120 112 95 0.44751841680390125 32 472 75 384 25 386
3010 -0.73989146853261256 0.92626199734419357 2.3456192697227798 130 2 1 0.37511724144429143 32 463 75 368 25 361
3008 -0.636166673836983 0.77636493393493788 2.0634730020194594 209 136 33 0.79104056879406448 3 596 75 349 56 47
3007 -0.58703927795951771 0.79004053760965975 1.9965550201559115 255 245 69 0.18723550911333944 11 423 75 342 25 329 48 479
3006 -0.30509177519856534 1.1925944896454868 2.0350947339063743 254 240 69 0.72168022376103835 32 674 75 323 25 314
3005 1.1130253122050455 0.97348618866154057 1.5981616003887145 255 237 74 2.2378450674657562 44 417 75 276
3003 0.99921984304824107 1.468182144888547 1.5220029817441747 255 218 53 0.077925445992566136 32 497 75 265 25 252
3002 1.1242342657910771 1.5307344322625906 1.504222911362088 242 218 65 0.75618531491663754 32 496 75 263 25 20
3001 0.96189127269719366 1.5852216735246363 1.3825788082831412 1 1 0 0.23985691245046342 11 390 75 255 25 242 48 629 32 636
2999 -0.72915191456650219 1.1721262867480224 2.7875148997856205 117 115 103 1.1244958626288235 32 474 75 236 25 220 48 292
2998 1.0879239104752096 1.6203635378511489 2.8010738488441356 149 100 75 0.063653027739078369 32 426 75 213 25 202
2997 1.1581534320971059 1.6712656807537822 2.811866262881435 149 100 74 0.083521983805276243 32 414 75 210 25 198
2996 -0.21685843141543157 1.3486042630138326 2.079803941738084 152 116 35 0.071119547843983208 32 342 75 69 25 80
2995 0.26207752686024105 1.3912072037395344 2.0742633095172933 103 87 51 0.39233445833652092 32 552 75 66 25 79
2994 0.043360457116668971 1.4422490953680975 1.8304754510981458 79 81 96 0.15510815071513484 32 100 75 53 25 52
2993 0.043360457116668971 1.4422490953680975 1.8304754510981458 79 81 96 0.15510815071513484 32 101 75 52 25 51
2992 1.0116848794035895 1.4320480373693329 1.5556136678336454 255 232 67 0.33901775822131192 32 244 44 198 75 21 25 23
2991 0.69860403133594595 1.0939013359841581 1.442210455519138 158 137 42 0.067517388664654357 44 430 75 16 25 21
2990 0.73583355449363863 1.4850044155440207 1.3504189679044583 154 134 43 1.7845349455637221 44 415 75 7 25 10
2989 -0.3750803477039184 2.3905133709951918 1.8846805308309205 0 0 0 2.0727488929350448 33 856 43 540 78 846 44 809 59 812
2988 -0.004834065845738672 2.3013230332030132 2.0970527007166031 114 76 57 0.27452613054181751 89 327 68 351 43 58 78 121 92 296
2987 -0.52592085414307876 0.97787328447899957 1.8297024965839546 255 231 70 0.42742816540948297 24 428 40 469 87 488 15 339 43 145 55 735 26 614 60 981 45 298 64 712 89 627 68 554 92 397
2986 -0.080066773075625458 1.3544429204509085 2.0813461597660958 197 164 48 0.28720913509073903 24 459 15 372 43 181 89 494 68 448 92 438
2985 1.0046891256689787 2.5960845359727718 1.902401427735851 226 211 175 0.83326548279393708 40 803 95 825 87 842 93 834 55 655 45 430 9 753 42 577 17 261 94 230 99 958 83 441 91 619 29 117 43 309 26 365 53 281 68 413 82 41 33 34 78 21 54 18 92 534 68 531 86 464 39 530 80 716 28 504 31 533 85 544
2984 -0.39415239290492432 1.0251256418326633 1.8017961191963745 255 237 65 0.37213627605409588 95 746 24 714 40 726 87 767 15 612 93 708 7 625 26 612 60 975 64 703 43 340 68 571 92 606
2983 -0.70951327770762007 2.1437327725049715 2.1653205503278761 73 55 49 0.96943341487556722 40 888 15 737 60 1127 53 643 64 854 82 681 4 676 89 604 68 669 43 348 78 588 54 729 3 713 44 617 59 557 92 614
2982 1.4492670009284516 1.7202526276180277 2.7894449428485224 155 104 78 1.558298362159499 15 680 93 771 43 395 54 534 44 453 89 547 32 583 40 770 69 881 18 385 23 576 88 429 41 542
2981 0.60824174856066049 1.0778335783427626 1.41934601958986 190 202 233 0.48447752905083724 44 577 32 739 11 467 92 743 43 488 95 841 24 832 40 823 87 857 7 706 48 697 25 520 75 493 86 659 100 665 80 942 39 661 28 622 31 618
2980 1.3035292742108064 1.6763359463688132 2.8097782234156026 157 106 80 0.58460741702875874 15 678 24 782 93 767 43 394 54 539 44 456 32 685 92 658 18 381 9 336
2978 -0.38074403463568862 0.88881837240277395 1.8678913055112205 254 234 61 0.99223587695989812 92 795 43 538 85 646
2977 -0.93239383269580411 1.2455036317168493 3.2775201265054359 225 212 176 0.58308169965735224 92 774 43 509
2976 0.89927495881991726 0.96019904618804452 1.8057675839991925 164 105 23 0.40580807697123411 92 763 43 507
2975 -0.57726446755246841 0.7166817110576077 2.1453807141221564 0 0 0 0.41510054833260129 92 753 43 500
2972 -0.53298824560465363 1.0424112314999274 2.6754781870327027 26 28 31 0.22363667757673752 92 754 43 474
2971 -0.56478972864385324 1.0712386481800005 2.7242881387865845 26 28 31 0.51622704388644614 92 755 43 473 48 797
2970 -0.78615094106153993 0.97747597718787727 2.7333785947624647 0 0 0 0.15770076220020668 92 729 43 470
2969 0.61555488494813759 1.0376206594990889 1.4696802612441562 15 17 19 0.54277342093069048 92 707 43 450 86 666 39 592 28 560
2968 -0.2838794331324076 1.2232947646641714 2.196308388376004 255 207 54 0.29704552171264881 92 615 43 421 85 376
2967 -0.68480794455336136 0.73477062260402526 2.1017962818236215 255 233 72 0.53062508066733338 15 697 92 667 43 407 86 572
2966 -0.76063812221974492 0.70734228999403459 2.1007473887718016 0 0 0 1.2261877251226818 92 666 43 405 48 690 100 703 80 1035 57 738 85 550
2965 1.3975971104509493 1.9200354486599029 2.4469849404753812 246 226 183 0.096734410887259328 92 664 43 399
2964 -0.0064066705398160007 2.5654462858634446 2.1429026274946938 0 0 0 3.4655742380152281 60 1088 43 364
2963 1.226979771686334 2.1261642940803562 2.3190245709722981 241 222 181 0.048046569738907641 92 577 43 323
2962 1.226979771686334 2.1261642940803562 2.3190245709722981 241 222 181 0.048046569738907641 92 576 43 322
2960 1.0756738700124233 1.1409894025049707 1.8256914398156165 255 209 62 0.064154945140727435 89 256 92 490 43 229
2959 0.039637718520827897 1.3703127885064319 1.8092441768747061 86 65 13 0.82413631255827013 68 677 92 440 43 184
2958 -0.34294607343532679 0.91999848647876936 1.8963886390568905 255 243 67 0.0037279760954004601 92 414 43 165
2957 -0.39023915518343022 0.85771787075958761 1.9621928239976816 255 244 68 0.067377061526791446 87 274 92 409 43 158
2956 0.063953149066688114 2.3184028630885929 2.0811582967687037 126 82 60 0.20791387343878298 68 355 92 303 43 64
2955 0.032934386729809223 2.3095941456392484 2.1233213930520822 0 0 0 0.19623582303964154 68 481 92 300
2954 0.094686146874390975 1.4167306686483034 1.9980543918933935 145 105 21 1.2311052893626042 92 282 43 45 48 47
2953 -0.15611194110481394 1.2113965063838878 2.1879817653900115 254 213 58 0.34684330837222588 92 261 43 23 86 212 80 406 39 53
2952 -0.61379122452206203 1.448074041132863 3.1054003024733805 254 239 69 1.8157227321278837 68 16 43 14
2951 -0.5453766404716649 0.91188751498051146 2.2803893589232151 35 33 31 0.27266495714242123 92 406 43 2
2950 1.1044568875281451 1.7502291882956922 2.7381191440993589 226 212 176 0.35303037499697809 24 198 93 177 92 373 82 31 54 90 44 79 32 152 48 457 86 411 100 465 80 598 39 462 28 420 57 284 31 437 85 350 41 258
2949 -0.049088493595570354 1.3065509218706497 3.0098719685801174 39 22 17 0.3685554099054047 32 470 11 236 92 49 82 473 33 565 78 578 54 634 3 607 44 527 89 498 68 287 89 342 48 197
2947 -0.092435561219974677 1.2427559934140393 2.2843882031555713 114 61 5 1.5362144366191639 24 721 15 626 92 691 26 597 60 946 68 658 89 591 32 778 44 699 11 497 43 431 75 521 25 544 48 713
2945 1.3219239181193969 1.7321929951927288 2.7854987441993835 93 63 50 0.99268378381084688 33 503 44 247 32 585 11 373 92 582 24 523 15 471 93 551 43 278 48 682 86 638 100 655 80 1072 39 648 28 653 57 731 31 645 72 765 67 829 12 768 70 640 10 424 96 543 69 702 16 703 85 478 41 430
2944 1.3921009073587218 1.7491347804995363 2.7686152408799223 98 67 51 0.95249332579777479 33 281 54 337 44 241 32 578 59 263 11 372 92 596 95 534 24 536 40 533 87 551 15 489 93 566 68 506 89 403 43 308 75 371 48 683 44 454 86 639 100 699 80 1074 39 696 28 654 57 732 31 646 67 830 12 769 70 641 10 425 96 544 69 725 85 490 41 459
2942 -0.54594593373551947 0.88105790833113584 1.8798590985027959 199 1 0 0.69128345781789313 53 744 82 713 4 797 33 790 78 774 54 818 44 741 89 732 68 717 32 813 59 771 3 811 21 798 11 522 92 727 95 881 24 871 40 864 87 909 15 767 93 836 7 754 55 857 26 730 60 1115 45 617 64 841 42 981 9 860 17 915 94 806 97 650 52 1217 90 617 99 1196 83 675 91 706 30 601 36 564 29 769 43 468 75 563 48 737 34 554 86 697 100 700 39 699 28 657 57 736 80 1076 31 649 72 733 67 787 22 605 14 481 69 932 49 640 18 514 85 589 23 646 41 567
2941 -0.42337229365349138 2.1839215751056007 2.1952735152111251 84 94 96 0.32652286559827498 54 432 44 345 92 39 95 257 24 149 40 235 87 241 15 76 93 149 7 379 55 241 26 379 60 731 53 355 64 506 42 408 17 332 9 218 94 317 97 243 52 811 99 981 91 197 30 233 36 221 29 265 82 343 4 174 33 388 78 376 89 346 68 328 59 165 21 203 13 206
2940 0.88263948724288732 1.6008315242999061 1.8682600516102847 255 221 63 0.025615976027110764 92 797 43 541
2939 -0.27861105980174272 1.4787343154165302 1.9977743484904784 249 205 59 0.73222941470866076 11 561 92 776 43 521 68 758
2938 -1.2187807683459329 1.9532390820362977 2.3831545657422679 143 140 127 1.3696240458582687 15 825 68 762 92 772 24 938 93 896 43 517 89 773 69 987
2937 -0.17232752594352688 1.2295137639899523 1.9788937659760415 7 7 6 0.3743612382119122 92 757 43 510
2936 -0.10410895634475645 1.294939106614746 2.3409777194175412 50 37 35 0.23561623495411541 68 659 92 692 43 432
2933 0.76105669316739954 1.5116165262040404 2.9088249581716541 111 75 60 0.67304878958594538 44 604 82 551 92 648 41 524
2931 0.81375243051605473 1.5363548903838808 2.9105729709277535 110 74 60 0.12802617765078197 89 439 92 479
2930 -0.13162022035520846 1.1421049371060916 2.3387578663603619 254 228 66 0.34062783785648304 68 291 92 431 43 22
2929 -0.32613419416921785 0.87949702623265413 1.952989779604601 255 244 68 0.020354317740272153 15 187 92 415 43 166
2928 0.98654773039761534 1.1798733344578041 1.7897259680583986 255 220 60 0.19061880175363907 68 379 92 355 43 106
2926 0.16546775821197793 1.2714653750961054 1.9358290326433774 134 96 19 0.077341171624439792 15 219 92 283 43 44
2925 -0.28425599864382267 1.4168605186811527 2.0510919190635746 254 222 57 0.24051518728601592 89 502 92 254 43 19
2923 0.87048098483933301 1.5765603309621805 1.3762535735502617 255 236 63 0.22589149531494643 68 257 92 154 48 25 86 86 100 30 80 332 39 59 28 57
2922 -0.91701222419281292 1.1334235639597141 3.2345976014444107 225 213 180 0.85480333406959241 53 326 89 383 92 5
2921 0.65408525060282396 0.9833552002580086 1.5108018280793563 189 201 232 0.47639248572048604 89 659 11 477 43 452 92 745 48 704 86 669
2920 -0.86040559307050546 1.2419278641660458 3.090990205231344 229 215 177 0.5816188467312986 82 506 4 589 33 610 78 617 54 681 54 751 3 653 44 558 32 632 11 378 89 524 68 420 75 401 25 412 48 525 100 321 80 720 57 112 72 121 67 174 56 643 16 641
2919 0.12391939206895919 1.4809614250213685 2.0149736239912142 120 102 33 2.2939401125010952 32 661 53 571 89 677 11 411 75 306
2918 -0.52681412456157173 0.82551914618627076 1.9935795435244508 255 235 74 1.0379315446155286 33 674 78 674 3 702 44 646 32 694 11 323 33 570 78 571 54 627
2916 -0.26493185482138026 2.4805224582510714 1.7841406732980132 0 0 0 0.7253855408178207 32 873 11 595
2915 0.84463340261075548 1.5971483450341937 1.4030516150127104 254 193 43 0.84376837370179403 32 869 89 779 75 625 25 652
2914 0.37962825955760593 1.2932587925998913 1.2917602882012595 0 0 0 1.7871655178996779 32 867 11 588 48 808
2913 1.3110147789716624 1.75124714945247 2.6274800353097696 129 122 104 1.7024208320280354 32 862 11 585 75 624 25 651
2912 0.073983384297554716 1.2193922545107578 2.5194372664188851 15 18 24 1.8607096487955992 11 584 86 755 48 809 32 864
2911 0.74233733209740627 1.0464899568885151 1.7482769644976219 130 102 23 1.0948198171756014 32 868 11 582 75 617 25 646
2910 -0.12883424683984659 1.1587471332976358 2.3574424040207949 255 229 67 1.5183082592372348 32 859 11 578 75 610 25 641 48 802 86 751
2908 -0.060905870265239498 1.5291951332187697 1.9511437333916337 29 29 30 1.6641482697164838 32 845 11 560 75 597 25 626
2906 -1.0118246499881027 1.1704296605805649 3.105429808621925 0 0 0 1.8255409691287396 44 757 82 720 89 739 11 557 48 757
2905 -0.48084495050822362 1.057391363301637 2.5132924299406181 255 233 68 0.93758390122507751 32 841 11 556 75 605 25 633 48 777
2904 0.24686616314140597 1.2628256742115227 1.5074798216389136 236 204 67 0.54292783953196277 32 833 11 542 75 575 48 784 86 727 100 753 80 1124 25 619 75 574 39 736 28 696 57 768 31 686 56 792 19 742 16 791 8 395 73 624 35 337
2902 -0.68173323720150103 1.0898699253346569 2.5376230981626078 255 224 61 2.1634959447659146 32 823 11 532 75 606 25 634
2901 1.2198254395093353 1.2512819287933801 1.7575646628183279 185 129 37 0.34974017450452427 89 706 11 527 75 552 32 804 25 581 44 724
2900 -0.14801658420326944 1.3631612396366661 2.0852260226641941 36 30 16 0.38289168768056492 32 808 11 526 75 510 25 536
2897 0.91307130747261145 1.6542682687457857 1.260339118052461 0 0 0 0.9771883379123858 32 734 44 676 11 515 75 545 25 516 25 569 48 769 86 733 100 706 80 1079 39 709 28 675 57 742 31 664 72 771 67 834 22 661 14 583 61 649 12 744 10 430 6 603 85 600 51 574 71 550 63 791 71 575
2896 0.56196746458896984 1.3044602134987244 1.1097747077562021 0 0 0 1.3054411828105885 32 828 11 514 48 688 100 659 80 935 39 650 28 544
2895 -0.14651772091672141 1.4312195976836386 2.9246828694517264 41 41 38 0.10518838944439197 32 783 11 507 48 726
2894 0.043676958263745708 1.4902324448501478 2.890792818585755 43 42 39 0.34694323764696383 32 715 11 506 48 729
2893 -0.21001075937426136 1.1774243529943564 2.3546487290888893 150 122 69 0.11896444945287205 32 699 11 498
2890 0.081457050032319289 1.4859819166387209 1.8734006316427783 203 176 61 0.70622856002913381 32 750 11 474 75 555 25 583
2888 0.55352828575598167 1.1415829372566053 1.3425721603340233 189 199 225 0.94089266046278752 32 738 11 465 75 492 25 518 48 691 86 707 100 660 80 937 39 655 28 618 31 614 57 689 72 582 67 598
2887 -0.49932745386145172 1.282232802055767 3.0438530928458469 217 202 165 0.45339745233472151 32 729 11 456 92 249 75 489 25 512
2886 -0.50797946895504775 1.3083856720239568 3.059431018809033 217 202 165 0.27990630761131102 32 728 11 455 75 488 25 511 48 656 100 634 56 641 16 714 8 265 73 493 35 159
2885 -0.23405800251555783 1.3797285878639078 3.0022319267876592 214 197 159 0.51845116385591439 32 727 11 451 75 483 25 505 48 662 100 640 80 992 72 643 67 675 61 401
2884 -0.10268560447723754 1.4160323743942718 2.9781168118050099 221 204 165 0.15298607435764119 32 724 11 448 75 480 25 502 56 636 16 628
2883 -0.58653698905399732 0.78786680009727306 1.9961682516853747 255 244 69 0.24648566310352535 32 701 11 422 75 343 25 328 48 480
2882 -0.21707130700260027 1.3724044504719057 2.0458790389027226 254 214 64 0.9705941624294101 32 764 11 412 75 315 25 306
2880 0.11251553987443526 1.6058282865092741 2.0025384719858033 207 175 58 0.77949752139959283 32 654 75 441 25 449
2879 -0.49203415323977939 1.0649348338515343 1.7541792502158227 255 230 71 0.30905827476586756 32 664 11 402 75 431 25 444 48 615 100 590 80 936 39 649 28 612 57 617 31 564
2878 0.51747738000334031 1.4872621085324689 2.95132439931196 57 42 39 0.7546802788409317 32 615 11 386 75 474 25 498 48 678 86 633 80 1066 28 650 57 727 67 826 10 420 56 757 19 726
2877 1.2719668428177815 1.179102312178048 1.8299625461204225 255 242 72 0.16974043458039362 44 420 11 331
2876 -0.32447837446697392 0.88135837093069813 1.9525003274261521 255 245 71 0.18809227400929321 32 588 11 316 48 487 100 255 80 624
2875 -0.35046727275133249 0.93669590152890059 1.9043660863516667 255 237 72 0.187320007079534 32 577 44 517 11 301
2874 -0.73517548946141098 0.93274707521476463 1.8614758970197625 255 232 72 0.093041330831022062 32 584 11 286 75 311 25 296
2873 -0.40049131511620473 1.0281185613293315 1.7935430927410678 255 233 72 0.091526098625975508 32 556 11 281 75 295 25 284
2872 -0.37219470276856215 1.5285207134038232 1.9528781198678256 162 174 203 0.24745233970834432 32 549 11 269 48 233
2871 0.6045298263503458 1.2390843194850583 1.3761105733560599 110 91 21 0.10659466843791865 32 498 11 250
2870 0.85884223952863081 1.5834061332010316 1.3348156412343346 255 226 64 0.70726658045208435 32 489 11 245 48 493 100 489 80 629 28 464 57 332 67 41
2868 0.87992921826191439 1.5459265772806827 2.8399323831910821 147 99 73 0.18605212193865647 32 439 11 231 75 222 25 214 48 458 86 402 100 461 80 833 39 452 28 404 57 505 31 414
2867 1.2218135713356999 1.6791537081704473 2.7997147219306093 151 101 75 0.11123535261810068 32 408 11 223 75 207
2866 0.86726651150806444 1.6369545949751416 2.7987737643026289 54 38 32 0.44659607439907295 3 357 11 216 48 210 86 398 100 453 80 276 39 446 28 395 57 271 31 410 85 411 92 482
2865 0.62193677625982513 1.7113786585258108 2.8197046736880407 234 216 175 0.065773002980477613 32 433 11 203
2864 1.3161599177727532 1.8308876170401778 2.705198404324868 229 216 181 0.12117843012465986 32 354 44 61 11 200
2863 0.88483649449967217 1.7447593674045632 2.7297335125060527 227 212 174 0.11865834649487206 32 397 75 175 25 173
2862 0.4919228598889408 1.4492967881169447 2.59751973182256 229 209 167 1.1532845927628557 3 374 11 191 75 464 25 482 46 134
2861 1.1540493741240074 1.8323267421132143 2.6790935105808904 229 215 180 0.27631596333665576 32 355 54 79 11 185 48 454
2860 1.2919538340769654 1.8767042276266144 2.6611630090748588 232 218 182 0.44427984946053978 32 334 11 177 86 556
2859 -0.78502535067299672 1.0209857280856955 2.5658215002258751 211 216 238 0.1595753583929567 32 469 11 158 25 373
2857 0.52030767469200434 1.1949932750469738 1.3065229701910559 49 51 59 0.42940336366156429 32 240 11 10 75 5 25 7 48 224 100 3 80 1
2854 -0.89718358562471456 1.115729852318109 3.1929841887045973 222 210 176 0.44862780337811553 64 248 4 452 21 503 4 591 82 366 33 615 78 621 3 658 89 384 59 601 92 6 46 610 65 350 8 344 73 504 35 265
2852 0.61264023697572811 1.2728963582852029 1.2421850433300918 153 132 43 0.68735569057538903 52 849 30 267 29 529 42 728 21 540 64 559 4 493 33 488 78 476 54 510 3 508 59 484 34 362 81 134 1 336 47 0
2849 -0.65991639007173675 1.2575950827186988 3.0583773853872565 235 224 194 0.66764623706481807 59 760 21 780 65 620 5 430
2848 -0.94373987173640339 1.9169335312209257 2.3102904941444233 85 95 98 1.8625288790819341 4 687 21 755 65 294 59 404
2847 -0.89618309344551261 1.0920523713043884 3.234859886937544 131 96 79 0.83226262480307245 3 659 21 717 46 669 8 347 56 651 73 584 35 335
2846 0.78414584116466846 0.89044456342432021 1.7183725508358529 148 128 46 0.60975643417308834 59 688 21 648 65 478
2845 -0.79535194913768459 1.2482848975205247 3.0829731796708164 250 238 209 0.49866379173189096 29 457 21 621 34 135
2844 -0.82489399580270217 1.2509211452064246 2.5755625427948901 101 93 29 0.25570027844023452 59 569 21 604 65 519
2843 -0.30767785743981713 1.2178844801093196 3.0922357375260354 73 60 56 0.40623502437565218 59 558 21 597 65 434 5 288 38 184
2842 0.62335114033401606 2.5443338011838885 1.8596371537283445 0 0 0 0.54028870907599436 4 517 21 558 65 245
2841 0.79673934898361853 2.5287997781076768 1.9512994032769009 50 31 23 0.36871221752395772 4 621 29 412 59 510 21 556
2840 0.45360059677834069 1.1940890778304265 1.43709246145503 22 30 39 0.25208065948125519 59 247 21 543 65 369 38 126 62 126 74 130
2839 -1.135956487461443 1.9260719738926781 2.3986592294152653 129 132 124 0.2577624258035866 59 221 21 507 46 247 3 240 65 158
2838 -0.95895134327218456 1.467315678898746 2.861823238477875 124 123 111 0.20374725041933281 59 445 21 500 65 340
2837 -0.95558980414882955 1.7049560257382541 2.6310614535906565 101 103 95 0.18249490536755078 59 429 21 488 46 443
2836 -0.98531523513477182 1.91003841134833 2.4241706492212884 86 95 93 0.25724816083830526 59 417 21 484 46 423 65 316 5 228
2835 -1.0636341728794425 1.577020437367868 2.4326466801500417 91 93 86 0.0160183944104807 3 640 21 477
2834 -0.82524889919761013 1.550048864367084 2.7563293590308122 112 107 93 0.098182886070568923 59 416 21 466 65 307
2833 -0.65795675158574585 1.1690525173151749 3.1710726175005464 37 26 20 0.19952197403800087 4 427 21 459 65 321
2832 -0.91251682017847013 2.051200213106374 2.2069373335296238 109 77 63 0.17623011716118553 59 392 21 451 65 114
2831 -0.82171884416405172 2.0266431031579888 2.2391440229950619 78 59 54 0.12480094331846363 59 390 21 446 65 105
2830 -0.91645325407360523 1.3392605582622761 2.3783355666223174 59 65 78 0.33022330164880026 59 192 21 439 65 277
2829 -0.74146987105516926 0.98179218798702406 1.847679971602517 106 84 18 0.1703364142716329 59 336 21 377 65 238
2828 0.78118865441864094 2.3673497131290104 2.2221692040661676 230 214 175 3.0701514632798128 53 437 21 356
2826 0.2741446703984014 1.2775780677436821 1.5948031634848041 94 89 88 0.60843347741866738 59 613 21 330 65 487
2825 0.35504237844473086 0.93118075267332256 1.8698570369967502 115 78 15 0.12239121743023215 59 254 21 329 65 217 5 137
2824 0.56727891084342275 0.95596295799923037 1.6765436201594492 12 19 31 0.47306377884751494 78 277 21 326 65 211 46 510 38 124 62 128 74 133 5 131
2823 0.58339277881761153 1.3144000637989803 1.2375104518047433 119 105 41 0.37734041576976018 3 512 29 363 59 238 21 317
2822 -0.77259207379091532 1.0743652723843951 3.2121198026681519 61 38 28 0.11079687947207795 3 268 21 277 65 156
2821 -0.72426514734141689 1.189497059699884 3.1577581162879937 100 99 89 0.11824253100548354 59 216 21 268 65 153
2820 -0.95751037456837285 1.8114448541081443 2.4310509784701901 81 85 78 1.3514838750486549 21 266 34 445
2819 -0.95189602703293885 2.0450333688881366 2.2517493444001757 42 30 26 0.27649417013963928 59 200 21 260 46 206 65 122
2817 -0.73475290882534949 1.2039246828524963 2.3509482701059694 156 127 34 0.17612288360655004 59 374 21 202 65 58
2816 -0.38083336002012769 2.2180006478068743 2.14224753932828 29 23 24 0.2089647131783936 59 161 21 195 65 73
2815 -0.78181321434588114 0.78886950913634224 2.00739610441875 254 229 71 0.11310692960641447 54 469 59 347 78 407 3 417
2814 -0.62888496517100445 1.1708207275891729 3.1121718659274338 104 72 60 0.24608619930121078 4 420 33 231 78 240 54 269 44 192 59 410 78 429 3 481
2813 -0.46338227386994579 2.1676305691832369 2.2261323278632288 80 89 91 1.6289086725647317 54 619 44 505 59 748 33 823 78 776 43 480 92 689
2812 -0.36616102782666748 2.0122947931634818 1.6707985086538046 0 0 0 1.5057390721303741 54 876 89 784
2811 -0.75812182354261481 1.2333774188425923 2.3199939295178917 131 101 25 0.67957649609166959 3 799 59 775 21 777 46 723
2810 0.64538598034689554 1.3073995318253742 1.724929007955033 0 0 0 1.4536427197954007 3 784 59 766 21 792
2809 0.64538598034689554 1.3073995318253742 1.724929007955033 0 0 0 1.4536427197954007 3 783 59 765 21 793
2808 0.54867138105662727 1.3022364623153884 1.6136857899158679 144 128 46 0.5227464290935897 3 806 59 763 21 765 46 734
2807 -0.87800543565864175 1.2421826325896093 2.1377892748246698 108 0 0 0.21371607500735379 3 770 59 751 21 775
2806 -0.91350447114566413 1.3540177576669632 2.1443763889939667 143 121 35 0.026813710291338305 3 772 59 715 46 698
2805 -0.71852127830599999 0.98130410344890728 2.4558942946781701 254 230 76 1.4829026849861735 3 802 59 714 21 748
2804 -0.83359783490450368 1.1871363962761936 3.1445712754191462 227 212 174 0.95184914390638076 44 560 59 681 48 330
2803 -0.7165337488348521 1.2737987951197203 3.084357423831988 226 210 172 0.051779439298753983 3 733 59 676 46 667
2802 0.49680202397410167 1.1944563126221288 1.3160771903822317 26 28 32 0.82665975469594033 3 520 59 610 21 321
2801 -1.2365587954771113 2.0609894723201703 2.2726500243306753 0 0 0 0.11352427152399536 78 612 59 597
2800 -0.94713767748257993 1.3968519321759152 2.3587753631524171 92 109 142 0.025768678093351316 3 454 59 571 21 609
2799 -0.78430901640526662 1.0654770790475716 2.4766261972860417 86 58 10 0.33616304327978141 3 626 59 560 21 595 46 571
2798 0.8812470597956632 0.808706237196261 1.6672795181257227 135 113 36 0.51492954374848587 4 480 59 476 21 526
2797 -1.3433434607568076 1.9729169436239771 2.3292979955467223 82 59 50 0.33088619762783955 4 238 59 470 46 445 3 253
2796 -1.013558124954244 1.3626781253038707 2.9591956377770732 189 179 152 0.031723906868239844 3 496 59 465 21 512
2795 -0.99317032302790031 1.3116258327287293 3.0031651130160117 191 182 155 0.14647737599942778 3 500 59 464 21 511 46 479
2794 -0.9916664967035933 1.3130718683618721 3.0046747640921447 191 182 155 0.054778340599701658 3 499 59 463 21 510
2793 -0.88046623734701068 1.3987666573340931 2.9392742140212795 126 124 112 0.15925642756324576 3 490 54 498 59 437
2792 -1.0001680654720002 1.6335140296910233 2.6887197632727369 108 110 101 0.17591562633529645 3 251 59 436 21 499 46 268
2791 -0.93389650760435594 1.6544804209335613 2.675690922526095 95 98 91 0.17493299646696378 3 244 59 428 21 486 46 260
2790 -0.69971621109771043 1.3008284247309907 3.0529527098237721 116 113 96 0.15623924138496612 3 482 4 203 59 423 21 460 46 462
2789 -0.87565545464119432 1.6709175570827923 2.663051367426887 80 83 78 0.27495419969314561 3 462 59 418 21 470 65 141 1 144
2788 -0.84382735536589859 1.661377705147719 2.677155649680957 52 53 46 0.29724331261236991 3 461 59 412 21 468
2787 -0.90328803581452322 1.3095856553984289 2.2473616884138949 98 50 5 0.22452926552798777 3 445 59 384 21 433
2786 -0.77865018449973022 1.2681637449769601 2.2983891025227745 131 98 23 0.31561866196089561 3 440 59 376 46 395 65 60
2785 -0.68428830693724574 1.2759572036491675 2.2838924058612573 190 153 43 0.14897127076454147 3 429 59 365 21 414 46 169
2784 -0.60965130692599945 1.4433458897447831 2.0214924617124139 198 163 56 0.22133430223229947 33 581 78 389 59 352
2783 -0.29830100031499795 2.2790531877216518 2.0936008067510685 51 42 45 0.18887816398890017 3 391 59 350 21 410 78 366
2782 -0.8274545123333561 0.88623724892991629 1.9128528882544966 253 228 73 0.13329064946142191 54 465 78 404 59 349 21 387
2781 -0.73111570483932542 0.95764676798873338 1.8578742272600031 254 224 71 0.20557254799428218 4 389 59 332 21 142
2780 -0.32956987319597031 0.88939211274821028 1.9443240368379548 254 233 77 0.35942678911865428 54 598 59 304 21 53
2779 0.55151222895204055 1.3499062214490039 1.2878674939890915 116 103 30 0.49325183046446924 3 285 59 243 21 324
2778 0.55538529625612765 1.1416281898562308 1.3654262446054641 120 135 168 0.38333003232142038 3 284 59 239 46 1
2777 -0.74671450587834731 1.2374896294610656 3.1069058842442154 113 111 98 0.2218804757462729 3 262 59 218 21 271 65 151
2776 -0.74671450587834731 1.2374896294610656 3.1069058842442154 113 111 98 0.2218804757462729 3 261 59 217 21 270 65 152
2775 -0.71377269282350453 1.2195645940183955 3.1440795174296645 221 208 172 0.19802727229257808 3 259 59 215 21 267 65 150
2774 -1.0729807756312286 2.0112354594120601 2.3136324548005387 41 32 27 0.25727485386189086 3 229 59 210 46 227 65 145
2773 -0.68745432571381671 1.2806698659857501 3.0784108465493931 225 211 175 0.10233781413689727 3 252 59 209 21 255 46 272
2772 -1.0257457063265711 1.9749276171139329 2.3292928103287229 43 33 33 0.16294392721860881 3 222 59 207 46 223 65 137
2771 -0.76234818191017018 1.2077050840148522 2.3563434698146719 130 101 25 0.26176447587508217 3 204 59 180 46 186
2769 -0.27253977401637985 2.2336273895284293 2.1465852199484878 98 107 108 0.15152929152454875 33 167 54 163 59 151
2768 0.1860762052322355 1.4145996464246451 2.9614731038427289 166 133 120 0.31852102208690025 33 155 59 144
2767 0.21171938159995618 1.3948889223807637 2.9695277717663218 24 10 6 0.21779560372368248 4 117 59 141 65 50 21 164
2766 -0.70524018931221566 0.95301920952084751 1.8513027382389891 151 123 33 0.12074262431379479 3 163 59 124 21 137
2765 -0.65872217270936173 0.85832651704994722 1.9476832520622955 165 128 33 0.08774719736238662 3 169 59 120 21 129
2764 -0.73154605984345733 0.92787216617376922 1.8659211869658732 255 236 68 0.96372767553126204 54 635 3 588 95 463 24 421 40 459 87 480 15 608 7 629 55 741 26 617 60 991 45 299 9 275 64 729 99 760 83 229 91 234 89 526 68 543 92 603 43 338
2763 1.4797254685776047 1.8250381293953306 2.7047153083525508 236 217 177 1.4327444339456186 78 280 54 323 32 671 24 786 87 555 15 753 40 848 9 789 42 749 17 692 52 908 99 1046 83 521 91 554 68 620 44 446 11 441 92 724 43 467 43 497 75 531 25 480 86 696 86 722 100 698 80 1073 39 733 28 655 28 687 57 764 72 810 67 865 70 638 69 952 12 791 50 338 66 340
2762 -0.086669968676600456 1.2560010708386511 2.2138234526079845 156 128 40 0.34617572196990654 44 612 89 495 26 429 60 952 53 459 32 682 11 330 75 451 25 468 48 639 100 616 86 426 80 970 39 499 28 247
2761 -0.57674892276539125 0.84965022506322352 1.9662920076659178 254 227 70 0.23918543242805559 78 175 54 205 3 154 32 173 82 344 4 375 78 381
2760 1.2405449612460522 1.4103732427242313 1.534644344004348 0 0 0 0.95404409039958393 44 804 32 866 11 590
2759 -0.64389471307189816 1.1805706912095291 2.7964207897318065 26 29 37 0.78051281916031534 44 791 32 860 11 575 75 614 25 644 48 798
2758 0.67288489551927955 1.1227744397194459 1.5086796851533359 126 101 25 0.64167040868120195 44 792 32 858 11 577
2757 0.38138396207717074 1.4656531071195646 2.601833550256957 24 23 25 0.80396151311892783 32 853 11 574 75 612 25 642 48 803 86 753
2756 0.18618526415379683 1.1173542074920815 2.1578095541474953 251 205 61 0.5123818753537609 44 779 32 852 11 572
2754 0.26535622954827781 1.2755116477647976 2.4503622759820995 26 24 27 0.75973461846025403 44 696 32 819 11 534
2753 -0.53050286433627258 1.1673201705839404 3.1940300132775943 151 101 76 0.8033873427462187 54 832 59 757 11 539
2751 -0.56605708881344685 1.267044450678247 3.0616784453888615 220 206 169 0.65168025508154004 44 668 89 623 32 790 11 510 75 539 25 563
2750 -0.66271244775528937 1.1797567519384569 2.929666281011301 9 9 11 1.5280979849303598 44 712 32 789 11 509 75 572 25 615 11 537 48 650 46 750
2749 0.31256941447088005 1.5561208317299153 2.8148988296790334 30 34 40 0.91262032581987296 44 609 32 780 11 505 75 569
2748 -0.0063053052181333835 1.4250675058169378 1.7942901427739251 211 181 61 0.073711414444812051 53 693 32 749 11 471
2747 0.65749453255324308 0.98534955381137956 1.5158524847873691 189 201 231 0.1404839078141962 44 581 32 743 11 478
2745 0.69081238163677983 1.1761888597854298 1.2176993343309432 255 247 73 0.92324517483313129 32 736 11 463
2744 -0.16839714873283076 1.3900790725212697 2.9883438015142674 222 205 166 0.19422300712584953 44 647 32 725 11 450 75 481 25 504
2743 0.033652770611718397 1.4548872163873441 2.9505913127735148 220 203 165 0.14294777619943524 44 633 32 719 11 446 75 475 25 499 48 731 80 998
2742 0.10135221612124995 1.4779570071598596 2.9389600688279067 218 203 164 0.24143840338222419 44 627 32 717 11 508 75 537 25 496 48 732 86 686 100 694 80 999 39 690
2741 0.23500914329994532 1.5168302367751647 2.9067411011039006 215 198 162 0.53148243602651191 44 511 32 714 11 445 75 385 25 390 48 668 100 647 80 914 39 640 86 690 57 674 72 656 67 683 61 411
2740 -0.41493426261315436 0.90765262543855008 1.9162600418307707 255 245 72 0.30599912124446549 44 630 32 683 11 303 48 483
2738 -0.29361572295580418 1.1850359537835899 2.1175556626055974 255 242 72 0.24825009311279461 53 585 32 680
2737 0.62407442268896218 1.6728846210645283 2.7964558014854224 238 218 175 0.33802260037018467 89 454 32 597 11 364 48 558 39 412 100 426 28 354 86 334 57 467
2736 -0.32548295294898066 0.88582760760523593 1.9538306111250003 255 241 73 0.15579367484736184 44 625 32 587 11 315
2734 -0.43882333228938863 0.95491343292274244 1.8666806682863104 255 235 73 0.25904694550974922 44 628 32 573 11 292 48 472
2733 0.33207105013583726 1.6177817832673662 1.9562622949977371 217 201 164 0.6061926378710073 44 81 32 536 11 405
2732 1.7348630085923296 2.5350246829397718 2.657095853752752 253 233 72 1.4713581745178499 53 383 32 534
2730 -0.12192264282282753 1.2665572584970639 3.0448525645409048 106 73 59 0.19352669089886632 78 396 32 475 11 238
2729 0.021847059725517676 1.402433649074204 2.9818296365716885 97 65 52 0.18999735583856661 44 360 32 467 11 232
2728 0.96921226911142622 1.6632084421738029 2.77784303542873 92 62 52 0.26092107986696772 44 290 32 419 75 202
2726 1.0243868155473306 1.8024717693789729 2.7157169462135755 230 216 179 0.23255544221756552 44 265 32 379 11 188
2725 1.3392226042084874 1.7668292179006992 2.7452562464564023 226 213 178 0.54467994614105775 44 245 32 378 11 214 75 179 25 176 48 610 86 564 100 578 28 535 31 556 72 675 67 696
2724 1.1544383816586841 1.833193436062825 2.6812988008812226 229 216 179 0.1963412909407671 54 80 32 356 11 186
2723 0.15454947843412953 1.3358501062514609 2.1025741497972414 125 102 26 1.2007423984665537 44 485 53 274 32 333
2722 0.75753410173270086 0.89004660243106226 1.8876235853929892 233 216 179 1.6936641314383289 44 243 32 320 11 338
2721 -0.23552172039361483 2.2843252107325096 2.0733486493459941 53 42 43 0.49082664827196948 3 575 32 281 92 445
2720 1.0361399603709491 1.33376058964443 1.6251087507357174 255 234 76 0.39623547625368338 32 257 80 409
2719 0.82603528894699996 1.5765099755469658 2.8658873096506845 49 35 35 0.21963802459469109 44 94 32 183 100 223 80 596
2717 1.0115872699621573 1.3376977531114869 1.6307600995666638 207 135 35 0.20947768137454634 53 34 32 49 11 38 100 91 80 93
2716 0.89486879200150704 1.5752639148939602 1.3909551281416355 218 136 33 0.10238068914760101 44 8 32 6 48 32
2715 -0.49017871233070365 1.0766481537809147 1.7663230341698317 255 222 62 0.037880941710175489 89 620 68 646
2714 -0.48597177661080204 0.87859610988743952 1.9173273612473514 255 228 71 1.0003232322630211 4 552 33 673 78 565 54 612 44 524 68 551 89 626 55 548 26 425 60 956 53 605
2712 -1.2900288795103487 1.8691601035092789 2.4443369107691271 137 139 130 0.74176364687558682 24 456 15 362 68 552 7 573 9 484 99 982 40 522 95 520 55 789 45 476 64 813 17 865 52 1020 83 450 30 425
1097 -0.80043386127811011 0.93150856967023221 1.8558058917814058 255 232 78 0.46136808684121694 55 134 42 174 17 93 94 65 52 621
1092 0.52009425744596738 1.2403125708277674 1.2946891328540751 17 13 6 0.45151016228074875 55 40 42 32 17 24 94 21 90 227 99 736 45 17 83 222
1090 0.6087640939359622 1.2670474235235802 1.2816599638874049 107 85 18 0.17463095894388073 64 320 42 29 17 20
1089 0.61029615512719348 1.2421283942992805 1.2866804772813583 141 127 46 0.12058134890028829 55 33 42 28 17 18 94 16 97 10
1078 -1.0752139833764989 1.3146927964489861 3.0060008719517159 0 0 0 2.0269719797585557 45 547 64 748 82 689 33 807 44 717
1077 -0.86559026257141003 1.5982208666287774 2.3184323310673665 26 24 4 0.66467136187056819 26 354 64 746 42 963 17 902 94 790
1065 -0.79616885119047476 1.071013268398052 3.2225447674736953 151 102 79 0.52620578063909573 55 160 64 480 42 321 17 256 97 177 29 228 34 122
1044 0.76225579232300078 2.4706648904123671 2.0148034232236975 229 214 178 0.34950263587573044 45 425 9 741 42 603 17 527 94 471 97 179 52 969 90 357 30 168
1035 0.30528122263479779 2.3696647632495385 2.0512151673870695 98 67 55 0.19286873754260292 45 446 9 518 83 196 91 200
1014 -0.59402433635284357 0.80505511147977193 1.9499799432582021 255 220 61 1.0768703499022731 45 647 42 1031 17 937 52 1242 90 647 99 1194 83 671 91 705 91 735
1009 -0.93798158736688353 1.6810923785172631 2.2752942151042075 13 15 19 0.96452974614713372 7 737 45 609 90 634
976 0.36690414366539503 1.7117496278418805 2.0266912364460232 111 92 24 0.47194363313202425 55 150 45 114 97 516 52 1081
960 0.64549368155605913 1.1408606679032964 1.4137045832176776 57 59 54 0.26156106858030842 60 772 53 403 89 559 68 611 32 502 11 259
956 1.2167681459599959 1.2439419528122089 1.7056134421548017 254 234 79 0.014089680771825663 60 753 53 373
948 -0.14463907699298115 2.249900003993806 2.1278825337573646 75 57 50 0.091236172767144963 60 564 53 173 64 246 82 132 4 152 33 158 78 135 59 134
925 -1.1624702017081061 1.5903836251902228 2.3264587324245998 131 133 123 1.2766237555788746 7 675 26 708 60 1015
923 -1.1297828256649476 1.5262017642078418 2.7586715254785386 133 134 124 0.96600735338127519 55 775 60 1004 64 804 42 966 17 855 52 1116 90 515 30 519 36 548 82 691 33 764 54 800 44 673 59 761 75 467 25 484
919 0.091220545116124374 1.3802665337379547 1.808494804664817 207 175 56 0.093559712160591113 26 621 60 974 53 573
904 -0.70005824786377013 2.1156420498592303 2.1755991060579314 72 55 50 0.088081060262218 26 564 60 921 64 657
891 0.69170011575049228 2.4690227345238811 2.0224054867533989 220 203 165 0.27642139271396349 26 363 60 710 53 305 82 270
877 -0.71323885709147838 2.0865614050936268 2.2177315666896398 25 24 30 0.11378374205553747 26 222 60 571 53 187 82 171 33 213
868 -0.31470635026533766 1.3407628394177695 2.0664859965005022 254 222 56 1.1370808484526498 7 139 26 156 60 514
855 1.0473087537087964 1.0141444996576376 1.8237377493013571 197 122 17 0.96529070789411442 40 303 95 325 60 366
853 -0.7414577555715145 0.97861614218122195 1.8462524189555316 92 63 10 0.41825881050052915 7 109 60 177 64 444 55 394 33 202 54 215 44 161 59 337 21 376 65 237
843 0.89544295653308692 1.694534692417432 1.2540314950515012 0 0 0 0.98622313590401378 7 733 26 740 60 1137
822 1.0393660969873935 2.5456763803205833 1.9717717917591431 234 218 179 0.4703320279161034 7 555 26 537 60 872 45 414 9 745 42 553 17 482 94 213 97 156
820 0.92819622038762151 2.4604592739834716 2.0542209509352358 233 216 179 0.05014675547660577 7 539 26 523 60 857
815 1.0580928108181757 1.6690027883897627 1.3023438852887801 0 0 0 0.83680565836065768 7 306 26 440 60 793 89 388
812 0.62658515994729969 1.261912326889689 1.1668671617402018 132 113 32 0.28116004110186915 7 405 26 433 60 791 53 418 82 402 89 419
